Workbook
Name KobiToplamKasa: HESAP!$B$6
Name KobiToplamBanka: HESAP!$B$7
Name KobiToplamCari: HESAP!$B$8
Name KobiToplamPos: HESAP!$B$9
Name KobiNakitGiris: HESAP!$B$10
Name KobiStokAlis: HESAP!$B$11
Name KobiOperasyon: HESAP!$B$12
Name KobiMaas: HESAP!$B$13
Name KobiKredi: HESAP!$B$14
Name KobiNakitCikis: HESAP!$B$15
Name KobiNetDegisim: HESAP!$B$16
Name KobiKapanis: HESAP!$B$17
Name KobiTahminiKar: HESAP!$B$18
Name KobiRiskSkoru: HESAP!$B$19
Name KobiNegatifKapanis: HESAP!$B$21
Name FirmaUnvan: AYARLAR!$C$7
Name RaporTarihi: AYARLAR!$C$8
Name RaporHazirlayan: AYARLAR!$C$9
Name DosyaSurumu: AYARLAR!$C$10
Name KobiBaslangicNakit: AYARLAR!$C$11
Name KobiAsgariNakit: AYARLAR!$C$12
Name KobiHedefNakit: AYARLAR!$C$13
Name KobiRiskEsik: AYARLAR!$C$14
Name KobiRiskSkorMax: AYARLAR!$C$15
Name KobiRiskSkorYuksek: AYARLAR!$C$16
Name KobiRiskSkorOrta: AYARLAR!$C$17
Name KobiRiskSkorDusuk: AYARLAR!$C$18
Name KobiIyiSenaryo: AYARLAR!$C$19
Name KobiBazSenaryo: AYARLAR!$C$20
Name KobiKotuSenaryo: AYARLAR!$C$21
Name KobiTornadoTahsilat: AYARLAR!$C$22
Name KobiTornadoGider: AYARLAR!$C$23
Name KobiTahminCarpan: AYARLAR!$C$24
Name KobiKaliteIyi: AYARLAR!$C$25
Name KobiKaliteOrta: AYARLAR!$C$26
Name KobiToplamGiris: AYARLAR!$C$27
Name KobiDoluGiris: AYARLAR!$C$28
Name KobiAksiyon1_ACIKLAMA: AYARLAR!$C$29
Name KobiAksiyon2_ACIKLAMA: AYARLAR!$C$30
Name KobiAksiyon3_ACIKLAMA: AYARLAR!$C$31
Name KobiPanelSatir1: AYARLAR!$C$32
Name KobiPanelSatir2: AYARLAR!$C$33
Name KobiPanelSatir3: AYARLAR!$C$34
Name KobiPanelSatir4: AYARLAR!$C$35
Name KobiPanelSatir5: AYARLAR!$C$36
Name KobiPanelSatir6: AYARLAR!$C$37
Name KobiPanelSatir7: AYARLAR!$C$38
Name KobiPanelSatir8: AYARLAR!$C$39
Name KobiPanelSatir9: AYARLAR!$C$40
Name KobiPanelSatir10: AYARLAR!$C$41
Name KobiPanelSatir11: AYARLAR!$C$42
Name KobiPanelSatir12: AYARLAR!$C$43

Sheet KAPAK
A1: KAPAK — KOBİ Finans Yönetim Paketi
A3: KOBİ Finans Yönetim Paketi
A4: Kasa, cari, banka ve stok sistemlerini tek yapıda birleştirin; aylık yönetim özeti ve karşılık planıyla dönem sonunu net görün.
A6: Bu ürün ne sağlar?
A7: • Kasa, banka, cari ve POS tahsilatlarının konsolide takibi
A8: • Stok alışı ve operasyon giderleriyle konsolide nakit modeli
A9: • Aylık nakit değişimi ve kapanış nakit tahmini
A10: • Risk skoru, karşılık planı ve yönetim özeti
A11: • Yönetici raporu ve karar kapısı (UYGUN/İNCELE/DURDUR)
A14: Kimler için?
A15: • Finans süreçlerini tek pakette toplamak isteyen KOBİ'ler
A16: • Aylık yönetim toplantısı için özet arayanlar
... A21: Sürüm 1.0.0 | 2026 | ExcelArşiv | Lisans: Tek kullanıcı

Sheet HIZLI_BASLANGIC
A1: HIZLI BASLANGIC — KOBİ Finans Yönetim Paketi
A3: Nasıl kullanılır?
A5: Adım 1 — Aylık verileri girin | B5: AYLIK_VERI sayfasındaki sarı hücrelere dönem, kasa/banka/cari tahsilat, stok alışı ve operasyon giderlerini girin. Her satır bir aydır.
A6: Adım 2 — Sonuçları izleyin | B6: HESAP sayfası konsolide nakit giriş/çıkış, net değişim ve kapanış nakit modelini kurar.
A7: Adım 3 — Karar ve rapor | B7: KARAR sayfası UYGUN/İNCELE/DURDUR üretir; RAPOR yöneticiye sunulabilir.
A8: Adım 4 — Eşikleri ayarlayın | B8: Risk ve karşılık eşikleri AYARLAR sayfasından değiştirilir.
A11: Sık yapılan hatalar
A12: • Aynı dönemi birden çok satırda toplamak
A13: • Kasa ve banka tahsilatını iki kez saymak
A14: • Vergi/SGK karşılığını ödenmiş gibi nakit çıkışına yazmak
A15: Bu dosya karar destek aracıdır; muhasebe kaydı veya vergi beyanı değildir.

Sheet AYLIK_VERI
A1: AYLIK VERI — KOBİ Finans Yönetim Paketi
A3: Konsolide Aylık Veri Girişi
A4: Sarı hücrelere manuel veri girin. Her satır bir aydır; konsolide nakit ve kâr göstergeleri otomatik hesaplanır.
A5: Dönem | B5: Kasa Tahsilat (₺) | C5: Banka Tahsilat (₺) | D5: Cari Tahsilat (₺) | E5: POS Tahsilat (₺) | F5: Stok Alışı (₺) | G5: Operasyon Gideri (₺) | H5: Maaş (₺) | I5: Kredi Taksidi (₺) | J5: Net Nakit Değişimi (₺) | K5: Kapanış Nakit (₺) | L5: Tahmini Kâr (₺) | M5: Risk Skoru | N5: Not
A6: Ocak 2026 | B6: 320000 | C6: 410000 | D6: 180000 | E6: 95000 | F6: 260000 | G6: 140000 | H6: 160000 | I6: 45000 | J6: Örnek: yıl başı
A7: Şubat 2026 | B7: 305000 | C7: 395000 | D7: 165000 | E7: 88000 | F7: 240000 | G7: 135000 | H7: 160000 | I7: 45000 | J7: Örnek: normal ay
A8: Mart 2026 | B8: 335000 | C8: 430000 | D8: 175000 | E8: 102000 | F8: 255000 | G8: 145000 | H8: 160000 | I8: 45000 | J8: Örnek: toparlanma
A9: Nisan 2026 | B9: 310000 | C9: 405000 | D9: 170000 | E9: 91000 | F9: 250000 | G9: 138000 | H9: 165000 | I9: 45000 | J9: Örnek: normal ay
A10: Mayıs 2026 | B10: 360000 | C10: 460000 | D10: 190000 | E10: 110000 | F10: 270000 | G10: 150000 | H10: 165000 | I10: 45000 | J10: Örnek: satış artışı
A11: Haziran 2026 | B11: 345000 | C11: 440000 | D11: 185000 | E11: 105000 | F11: 265000 | G11: 147000 | H11: 165000 | I11: 45000 | J11: Örnek: normal ay
A12: Temmuz 2026 | B12: 380000 | C12: 480000 | D12: 195000 | E12: 115000 | F12: 280000 | G12: 155000 | H12: 170000 | I12: 45000 | J12: Örnek: yüksek sezon
A13: Ağustos 2026 | B13: 355000 | C13: 450000 | D13: 180000 | E13: 108000 | F13: 260000 | G13: 148000 | H13: 170000 | I13: 45000 | J13: Örnek: normal ay
A1006: Sarı hücreler manuel giriştir; formül hücreleri kilitli ve korumalıdır.

Sheet HESAP
A1: HESAP — KOBİ Finans Yönetim Paketi
A3: Konsolide Nakit Modeli
A4: Aşağıdaki özet aylık verilerden otomatik beslenir; elle değiştirilmez.
A6: Toplam Kasa Tahsilat | B6: =SUM(tblKobi[Kasa Tahsilat (₺)])
A7: Toplam Banka Tahsilat | B7: =SUM(tblKobi[Banka Tahsilat (₺)])
A8: Toplam Cari Tahsilat | B8: =SUM(tblKobi[Cari Tahsilat (₺)])
A9: Toplam POS Tahsilat | B9: =SUM(tblKobi[POS Tahsilat (₺)])
A10: Toplam Nakit Giriş | B10: =SUM(tblKobi[Kasa Tahsilat (₺)])+SUM(tblKobi[Banka Tahsilat (₺)])+SUM(tblKobi[Cari Tahsilat (₺)])+SUM(tblKobi[POS Tahsilat (₺)])
A11: Toplam Stok Alışı | B11: =SUM(tblKobi[Stok Alışı (₺)])
A12: Toplam Operasyon Gideri | B12: =SUM(tblKobi[Operasyon Gideri (₺)])
A13: Toplam Maaş | B13: =SUM(tblKobi[Maaş (₺)])
A14: Toplam Kredi Taksidi | B14: =SUM(tblKobi[Kredi Taksidi (₺)])
A15: Toplam Nakit Çıkış | B15: =SUM(tblKobi[Stok Alışı (₺)])+SUM(tblKobi[Operasyon Gideri (₺)])+SUM(tblKobi[Maaş (₺)])+SUM(tblKobi[Kredi Taksidi (₺)])
A16: Toplam Net Nakit Değişimi | B16: =SUM(tblKobi[Net Nakit Değişimi (₺)])
A17: Dönem Sonu Kapanış Nakit | B17: =KobiBaslangicNakit+B16
A18: Toplam Tahmini Kâr | B18: =SUM(tblKobi[Tahmini Kâr (₺)])
A19: Ortalama Risk Skoru | B19: =ROUND(IFERROR(AVERAGE(tblKobi[Risk Skoru]),0),0)
A20: En Düşük Kapanışlı Ay | B20: =IFERROR(INDEX(tblKobi[Dönem],MATCH(MIN(tblKobi[Kapanış Nakit (₺)]),tblKobi[Kapanış Nakit (₺)],0)),"YOK")
A21: Negatif Kapanış Ay Sayısı | B21: =COUNTIF(tblKobi[Kapanış Nakit (₺)],"<0")
A23: Gösterge satırları yalnızca aylık verilerden beslenir; korumalıdır.

Sheet KONTROLLER
A1: KONTROLLER — KOBİ Finans Yönetim Paketi
A3: Giriş Kalite Kontrolleri
A4: Aşağıdaki kontroller canlı formüllerle çalışır; sorun varsa uyarı üretir.
A6: Boş dönem satırı var mı? | B6: =IF(COUNTBLANK(tblKobi[Dönem])=0,"TEMİZ","BOŞ VAR")
A7: Boş kasa tahsilat var mı? | B7: =IF(COUNTBLANK(tblKobi[Kasa Tahsilat (₺)])=0,"TEMİZ","BOŞ VAR")
A8: Negatif tahsilat var mı? | B8: =IF(COUNTIF(tblKobi[Kasa Tahsilat (₺)],"<0")=0,"TEMİZ","NEGATİF VAR")
A9: Negatif gider var mı? | B9: =IF(COUNTIF(tblKobi[Operasyon Gideri (₺)],"<0")=0,"TEMİZ","NEGATİF VAR")
A10: Negatif kapanış ayı var mı? | B10: =IF(COUNTIF(tblKobi[Kapanış Nakit (₺)],"<0")=0,"YOK","VAR")
A11: Risk skoru eşiği aşılıyor mu? | B11: =IF(HESAP!B19>KobiRiskEsik,"AŞIYOR","NORMAL")
A12: Net nakit değişimi negatif mi? | B12: =IF(HESAP!B16<0,"NEGATİF","POZİTİF")
A13: Kâr tahmini negatif mi? | B13: =IF(HESAP!B18<0,"NEGATİF","POZİTİF")
A15: Veri Kalitesi Skoru (0-100)
A16: Boş ve negatif girişlerin oranına göre üretilen kalite skoru.
A17: Toplam Giriş Hücresi | B17: =KobiToplamGiris
A18: Dolu Giriş Hücresi | B18: =KobiDoluGiris
A19: Kalite Skoru | B19: =ROUND(IF(KobiToplamGiris=0,0,KobiDoluGiris/KobiToplamGiris*100),0)
A20: Kalite Seviyesi | B20: =IF(B19>=KobiKaliteIyi,"YÜKSEK",IF(B19>=KobiKaliteOrta,"ORTA","DÜŞÜK"))
A22: Kontroller yalnızca giriş verisini denetler; değerleri değiştirmez.

Sheet KARAR
A1: KARAR — KOBİ Finans Yönetim Paketi
A3: Karar Kapısı — Konsolide Nakit Yeterliliği
A4: Kapanış nakit, risk skoru ve negatif kapanış durumuna göre üretilen karar.
A6: Dönem Sonu Kapanış Nakit | B6: =HESAP!B17
A7: Ortalama Risk Skoru | B7: =HESAP!B19
A8: Negatif Kapanış Ay Sayısı | B8: =HESAP!B21
A9: Toplam Net Nakit Değişimi | B9: =HESAP!B16
A11: KARAR | B11: =IF(HESAP!B21>0,"DURDUR",IF(HESAP!B19>KobiRiskEsik,"İNCELE",IF(HESAP!B16<0,"İNCELE","UYGUN")))
A12: Gerekçe | B12: =IF(HESAP!B21>0,"Negatif kapanış ayı var; nakit planlaması ve borç yapısı incelenmeli.",IF(HESAP!B19>KobiRiskEsik,"Risk skoru eşiği aşılıyor; tahsilat ve ödeme dengesi gözden geçirilmeli.",IF(HESAP!B16<0,"Dönem net nakit değişimi negatif; gider kontrolü ve tahsilat takibi güçlendirilmeli.","Karar kapısı uygun: konsolide nakit göstergeleri hedef aralıkta.")))
A14: Önerilen Aksiyonlar
A15: Aksiyon 1 | B15: =KobiAksiyon1_ACIKLAMA
A16: Aksiyon 2 | B16: =KobiAksiyon2_ACIKLAMA
A17: Aksiyon 3 | B17: =KobiAksiyon3_ACIKLAMA
A19: Karar yalnızca giriş verisi ve AYARLAR'daki eşiklerden türetilir; kesin finansal tavsiye değildir.

Sheet PANO
A1: PANO — KOBİ Finans Yönetim Paketi
A3: Yönetim Paneli | B3: Toplam Nakit Giriş | C3: Toplam Nakit Çıkış | D3: Net Nakit Değişimi | E3: Kapanış Nakit | F3: Risk Skoru | G3: Kalite Skoru
B4: =HESAP!B10 | C4: =HESAP!B15 | D4: =HESAP!B16 | E4: =HESAP!B17 | F4: =HESAP!B19 | G4: =KONTROLLER!B19
A6: Karar | B6: =KARAR!B11 | D6: En Düşük Kapanışlı Ay | E6: =KARAR!B9
A9: Aylık Trend Verisi | B9: Nakit Giriş | C9: Nakit Çıkış | D9: Net Değişim | E9: Kapanış | F9: Risk
A10: AY1 | B10: =INDEX(tblKobi[Kasa Tahsilat (₺)],AYARLAR!$C$32)+INDEX(tblKobi[Banka Tahsilat (₺)],AYARLAR!$C$32)+INDEX(tblKobi[Cari Tahsilat (₺)],AYARLAR!$C$32)+INDEX(tblKobi[POS Tahsilat (₺)],AYARLAR!$C$32) | C10: =INDEX(tblKobi[Stok Alışı (₺)],AYARLAR!$C$32)+INDEX(tblKobi[Operasyon Gideri (₺)],AYARLAR!$C$32)+INDEX(tblKobi[Maaş (₺)],AYARLAR!$C$32)+INDEX(tblKobi[Kredi Taksidi (₺)],AYARLAR!$C$32) | D10: =INDEX(tblKobi[Net Nakit Değişimi (₺)],AYARLAR!$C$32) | E10: =INDEX(tblKobi[Kapanış Nakit (₺)],AYARLAR!$C$32) | F10: =INDEX(tblKobi[Risk Skoru],AYARLAR!$C$32)
A11: AY2 | B11: =INDEX(tblKobi[Kasa Tahsilat (₺)],AYARLAR!$C$33)+INDEX(tblKobi[Banka Tahsilat (₺)],AYARLAR!$C$33)+INDEX(tblKobi[Cari Tahsilat (₺)],AYARLAR!$C$33)+INDEX(tblKobi[POS Tahsilat (₺)],AYARLAR!$C$33) | C11: =INDEX(tblKobi[Stok Alışı (₺)],AYARLAR!$C$33)+INDEX(tblKobi[Operasyon Gideri (₺)],AYARLAR!$C$33)+INDEX(tblKobi[Maaş (₺)],AYARLAR!$C$33)+INDEX(tblKobi[Kredi Taksidi (₺)],AYARLAR!$C$33) | D11: =INDEX(tblKobi[Net Nakit Değişimi (₺)],AYARLAR!$C$33) | E11: =INDEX(tblKobi[Kapanış Nakit (₺)],AYARLAR!$C$33) | F11: =INDEX(tblKobi[Risk Skoru],AYARLAR!$C$33)
A12: AY3 | B12: =INDEX(tblKobi[Kasa Tahsilat (₺)],AYARLAR!$C$34)+INDEX(tblKobi[Banka Tahsilat (₺)],AYARLAR!$C$34)+INDEX(tblKobi[Cari Tahsilat (₺)],AYARLAR!$C$34)+INDEX(tblKobi[POS Tahsilat (₺)],AYARLAR!$C$34) | C12: =INDEX(tblKobi[Stok Alışı (₺)],AYARLAR!$C$34)+INDEX(tblKobi[Operasyon Gideri (₺)],AYARLAR!$C$34)+INDEX(tblKobi[Maaş (₺)],AYARLAR!$C$34)+INDEX(tblKobi[Kredi Taksidi (₺)],AYARLAR!$C$34) | D12: =INDEX(tblKobi[Net Nakit Değişimi (₺)],AYARLAR!$C$34) | E12: =INDEX(tblKobi[Kapanış Nakit (₺)],AYARLAR!$C$34) | F12: =INDEX(tblKobi[Risk Skoru],AYARLAR!$C$34)
A13: AY4 | B13: =INDEX(tblKobi[Kasa Tahsilat (₺)],AYARLAR!$C$35)+INDEX(tblKobi[Banka Tahsilat (₺)],AYARLAR!$C$35)+INDEX(tblKobi[Cari Tahsilat (₺)],AYARLAR!$C$35)+INDEX(tblKobi[POS Tahsilat (₺)],AYARLAR!$C$35) | C13: =INDEX(tblKobi[Stok Alışı (₺)],AYARLAR!$C$35)+INDEX(tblKobi[Operasyon Gideri (₺)],AYARLAR!$C$35)+INDEX(tblKobi[Maaş (₺)],AYARLAR!$C$35)+INDEX(tblKobi[Kredi Taksidi (₺)],AYARLAR!$C$35) | D13: =INDEX(tblKobi[Net Nakit Değişimi (₺)],AYARLAR!$C$35) | E13: =INDEX(tblKobi[Kapanış Nakit (₺)],AYARLAR!$C$35) | F13: =INDEX(tblKobi[Risk Skoru],AYARLAR!$C$35)
A14: AY5 | B14: =INDEX(tblKobi[Kasa Tahsilat (₺)],AYARLAR!$C$36)+INDEX(tblKobi[Banka Tahsilat (₺)],AYARLAR!$C$36)+INDEX(tblKobi[Cari Tahsilat (₺)],AYARLAR!$C$36)+INDEX(tblKobi[POS Tahsilat (₺)],AYARLAR!$C$36) | C14: =INDEX(tblKobi[Stok Alışı (₺)],AYARLAR!$C$36)+INDEX(tblKobi[Operasyon Gideri (₺)],AYARLAR!$C$36)+INDEX(tblKobi[Maaş (₺)],AYARLAR!$C$36)+INDEX(tblKobi[Kredi Taksidi (₺)],AYARLAR!$C$36) | D14: =INDEX(tblKobi[Net Nakit Değişimi (₺)],AYARLAR!$C$36) | E14: =INDEX(tblKobi[Kapanış Nakit (₺)],AYARLAR!$C$36) | F14: =INDEX(tblKobi[Risk Skoru],AYARLAR!$C$36)
A15: AY6 | B15: =INDEX(tblKobi[Kasa Tahsilat (₺)],AYARLAR!$C$37)+INDEX(tblKobi[Banka Tahsilat (₺)],AYARLAR!$C$37)+INDEX(tblKobi[Cari Tahsilat (₺)],AYARLAR!$C$37)+INDEX(tblKobi[POS Tahsilat (₺)],AYARLAR!$C$37) | C15: =INDEX(tblKobi[Stok Alışı (₺)],AYARLAR!$C$37)+INDEX(tblKobi[Operasyon Gideri (₺)],AYARLAR!$C$37)+INDEX(tblKobi[Maaş (₺)],AYARLAR!$C$37)+INDEX(tblKobi[Kredi Taksidi (₺)],AYARLAR!$C$37) | D15: =INDEX(tblKobi[Net Nakit Değişimi (₺)],AYARLAR!$C$37) | E15: =INDEX(tblKobi[Kapanış Nakit (₺)],AYARLAR!$C$37) | F15: =INDEX(tblKobi[Risk Skoru],AYARLAR!$C$37)
A16: AY7 | B16: =INDEX(tblKobi[Kasa Tahsilat (₺)],AYARLAR!$C$38)+INDEX(tblKobi[Banka Tahsilat (₺)],AYARLAR!$C$38)+INDEX(tblKobi[Cari Tahsilat (₺)],AYARLAR!$C$38)+INDEX(tblKobi[POS Tahsilat (₺)],AYARLAR!$C$38) | C16: =INDEX(tblKobi[Stok Alışı (₺)],AYARLAR!$C$38)+INDEX(tblKobi[Operasyon Gideri (₺)],AYARLAR!$C$38)+INDEX(tblKobi[Maaş (₺)],AYARLAR!$C$38)+INDEX(tblKobi[Kredi Taksidi (₺)],AYARLAR!$C$38) | D16: =INDEX(tblKobi[Net Nakit Değişimi (₺)],AYARLAR!$C$38) | E16: =INDEX(tblKobi[Kapanış Nakit (₺)],AYARLAR!$C$38) | F16: =INDEX(tblKobi[Risk Skoru],AYARLAR!$C$38)
A17: AY8 | B17: =INDEX(tblKobi[Kasa Tahsilat (₺)],AYARLAR!$C$39)+INDEX(tblKobi[Banka Tahsilat (₺)],AYARLAR!$C$39)+INDEX(tblKobi[Cari Tahsilat (₺)],AYARLAR!$C$39)+INDEX(tblKobi[POS Tahsilat (₺)],AYARLAR!$C$39) | C17: =INDEX(tblKobi[Stok Alışı (₺)],AYARLAR!$C$39)+INDEX(tblKobi[Operasyon Gideri (₺)],AYARLAR!$C$39)+INDEX(tblKobi[Maaş (₺)],AYARLAR!$C$39)+INDEX(tblKobi[Kredi Taksidi (₺)],AYARLAR!$C$39) | D17: =INDEX(tblKobi[Net Nakit Değişimi (₺)],AYARLAR!$C$39) | E17: =INDEX(tblKobi[Kapanış Nakit (₺)],AYARLAR!$C$39) | F17: =INDEX(tblKobi[Risk Skoru],AYARLAR!$C$39)
A18: AY9 | B18: =INDEX(tblKobi[Kasa Tahsilat (₺)],AYARLAR!$C$40)+INDEX(tblKobi[Banka Tahsilat (₺)],AYARLAR!$C$40)+INDEX(tblKobi[Cari Tahsilat (₺)],AYARLAR!$C$40)+INDEX(tblKobi[POS Tahsilat (₺)],AYARLAR!$C$40) | C18: =INDEX(tblKobi[Stok Alışı (₺)],AYARLAR!$C$40)+INDEX(tblKobi[Operasyon Gideri (₺)],AYARLAR!$C$40)+INDEX(tblKobi[Maaş (₺)],AYARLAR!$C$40)+INDEX(tblKobi[Kredi Taksidi (₺)],AYARLAR!$C$40) | D18: =INDEX(tblKobi[Net Nakit Değişimi (₺)],AYARLAR!$C$40) | E18: =INDEX(tblKobi[Kapanış Nakit (₺)],AYARLAR!$C$40) | F18: =INDEX(tblKobi[Risk Skoru],AYARLAR!$C$40)
A19: AY10 | B19: =INDEX(tblKobi[Kasa Tahsilat (₺)],AYARLAR!$C$41)+INDEX(tblKobi[Banka Tahsilat (₺)],AYARLAR!$C$41)+INDEX(tblKobi[Cari Tahsilat (₺)],AYARLAR!$C$41)+INDEX(tblKobi[POS Tahsilat (₺)],AYARLAR!$C$41) | C19: =INDEX(tblKobi[Stok Alışı (₺)],AYARLAR!$C$41)+INDEX(tblKobi[Operasyon Gideri (₺)],AYARLAR!$C$41)+INDEX(tblKobi[Maaş (₺)],AYARLAR!$C$41)+INDEX(tblKobi[Kredi Taksidi (₺)],AYARLAR!$C$41) | D19: =INDEX(tblKobi[Net Nakit Değişimi (₺)],AYARLAR!$C$41) | E19: =INDEX(tblKobi[Kapanış Nakit (₺)],AYARLAR!$C$41) | F19: =INDEX(tblKobi[Risk Skoru],AYARLAR!$C$41)
A20: AY11 | B20: =INDEX(tblKobi[Kasa Tahsilat (₺)],AYARLAR!$C$42)+INDEX(tblKobi[Banka Tahsilat (₺)],AYARLAR!$C$42)+INDEX(tblKobi[Cari Tahsilat (₺)],AYARLAR!$C$42)+INDEX(tblKobi[POS Tahsilat (₺)],AYARLAR!$C$42) | C20: =INDEX(tblKobi[Stok Alışı (₺)],AYARLAR!$C$42)+INDEX(tblKobi[Operasyon Gideri (₺)],AYARLAR!$C$42)+INDEX(tblKobi[Maaş (₺)],AYARLAR!$C$42)+INDEX(tblKobi[Kredi Taksidi (₺)],AYARLAR!$C$42) | D20: =INDEX(tblKobi[Net Nakit Değişimi (₺)],AYARLAR!$C$42) | E20: =INDEX(tblKobi[Kapanış Nakit (₺)],AYARLAR!$C$42) | F20: =INDEX(tblKobi[Risk Skoru],AYARLAR!$C$42)
A21: AY12 | B21: =INDEX(tblKobi[Kasa Tahsilat (₺)],AYARLAR!$C$43)+INDEX(tblKobi[Banka Tahsilat (₺)],AYARLAR!$C$43)+INDEX(tblKobi[Cari Tahsilat (₺)],AYARLAR!$C$43)+INDEX(tblKobi[POS Tahsilat (₺)],AYARLAR!$C$43) | C21: =INDEX(tblKobi[Stok Alışı (₺)],AYARLAR!$C$43)+INDEX(tblKobi[Operasyon Gideri (₺)],AYARLAR!$C$43)+INDEX(tblKobi[Maaş (₺)],AYARLAR!$C$43)+INDEX(tblKobi[Kredi Taksidi (₺)],AYARLAR!$C$43) | D21: =INDEX(tblKobi[Net Nakit Değişimi (₺)],AYARLAR!$C$43) | E21: =INDEX(tblKobi[Kapanış Nakit (₺)],AYARLAR!$C$43) | F21: =INDEX(tblKobi[Risk Skoru],AYARLAR!$C$43)
A24: Tahsilat Kanalı Dağılımı
A25: Kasa | B25: =HESAP!B6
A26: Banka | B26: =HESAP!B7
A27: Cari | B27: =HESAP!B8
A28: POS | B28: =HESAP!B9
A30: Gelecek Ay Kapanış Nakit Tahmini (Tahmin Aralıklı) | B30: =ROUND(IFERROR(FORECAST.LINEAR(KobiPanelSatir12,tblKobi[Kapanış Nakit (₺)],ROW(tblKobi[Kapanış Nakit (₺)])-ROW(tblKobi[[#Headers],[Kapanış Nakit (₺)]])),0),0)
A31: Ortalama Kapanış Nakit | B31: =ROUND(IFERROR(AVERAGE(tblKobi[Kapanış Nakit (₺)]),0),0)
A32: Standart Sapma | B32: =ROUND(IFERROR(STDEV.P(INDEX(tblKobi[Kapanış Nakit (₺)],KobiPanelSatir1):INDEX(tblKobi[Kapanış Nakit (₺)],KobiPanelSatir12)),0),0)
A33: Alt Tahmin Sınırı | B33: =B31-B32*KobiTahminCarpan
A34: Üst Tahmin Sınırı | B34: =B31+B32*KobiTahminCarpan
A36: Paneldeki tüm göstergeler canlı formüllerden beslenir.

Sheet SENARYO_DUYARLILIK
A1: SENARYO DUYARLILIK — KOBİ Finans Yönetim Paketi
A3: Senaryo ve Duyarlılık Analizi
A4: İyimser, baz ve kötümser senaryolarda kapanış nakit; ardından hangi değişkenin sonucu en çok etkilediğini gösteren tornado analizi.
A6: Senaryo | B6: Tahsilat Çarpanı | C6: Tahmini Kapanış Nakit | D6: Tahmini Risk Skoru
A7: İYİMSER | B7: =KobiIyiSenaryo | C7: =ROUND(HESAP!B10*KobiIyiSenaryo-HESAP!B15+KobiBaslangicNakit,0) | D7: =IF(C7=0,KobiRiskSkorMax,IF(C7<KobiAsgariNakit,KobiRiskSkorYuksek,IF(C7<KobiHedefNakit,KobiRiskSkorOrta,KobiRiskSkorDusuk)))
A8: BAZ | B8: =KobiBazSenaryo | C8: =ROUND(HESAP!B10*KobiBazSenaryo-HESAP!B15+KobiBaslangicNakit,0) | D8: =IF(C8=0,KobiRiskSkorMax,IF(C8<KobiAsgariNakit,KobiRiskSkorYuksek,IF(C8<KobiHedefNakit,KobiRiskSkorOrta,KobiRiskSkorDusuk)))
A9: KÖTÜMSER | B9: =KobiKotuSenaryo | C9: =ROUND(HESAP!B10*KobiKotuSenaryo-HESAP!B15+KobiBaslangicNakit,0) | D9: =IF(C9=0,KobiRiskSkorMax,IF(C9<KobiAsgariNakit,KobiRiskSkorYuksek,IF(C9<KobiHedefNakit,KobiRiskSkorOrta,KobiRiskSkorDusuk)))
A11: Tornado: Kapanış Nakde Etki
A12: Tahsilat +%1 | B12: =ROUND(HESAP!B10*KobiTornadoTahsilat,0)
A13: Gider +%1 | B13: =ROUND(HESAP!B15*KobiTornadoGider,0)
A15: En Etkili Değişken | B15: =IF(B12>=B13,"Tahsilat","Gider")
A17: Tornado etkileri AYARLAR'daki çarpanlardan türetilir.

Sheet RAPOR
A1: KOBİ FİNANS YÖNETİM PAKETİ — YÖNETİCİ ÖZETİ
A2: =_xlfn.CONCAT("Rapor Tarihi: ",TEXT(RaporTarihi,"dd.mm.yyyy")," | Hazırlayan: ",RaporHazirlayan," | Sürüm: ",DosyaSurumu)
A4: Karar | B4: =KARAR!B11
A6: Toplam Nakit Giriş | B6: =HESAP!B10
A7: Toplam Nakit Çıkış | B7: =HESAP!B15
A8: Toplam Net Nakit Değişimi | B8: =HESAP!B16
A9: Dönem Sonu Kapanış Nakit | B9: =HESAP!B17
A10: Toplam Tahmini Kâr | B10: =HESAP!B18
A11: Ortalama Risk Skoru | B11: =HESAP!B19
A12: En Düşük Kapanışlı Ay | B12: =HESAP!B20
A13: Negatif Kapanış Ay Sayısı | B13: =HESAP!B21
A14: Kalite Skoru | B14: =KONTROLLER!B19
A16: Varsayımlar ve Önemli Notlar
A17: • Paket; kasa, banka, cari, POS, stok, gider, maaş ve kredi kalemlerini konsolide eder.
A18: • Kapanış nakit, dönem başı nakit üzerine net değişim eklenerek hesaplanır.
A19: • Vergi/SGK karşılığı ayrı kalemdir; ödenmiş gibi nakit çıkışına yazılmamalıdır.
A20: • Eşikler ve senaryo çarpanları AYARLAR sayfasından alınır.
A21: • Demo veriler gerçek müşteri verisi değildir; kullanımdan önce temizlenmelidir.
A23: Önerilen Aksiyonlar
A24: =KobiAksiyon1_ACIKLAMA
A25: =KobiAksiyon2_ACIKLAMA
A26: =KobiAksiyon3_ACIKLAMA
A28: Bu rapor karar destek amaçlıdır; mali tavsiye niteliği taşımaz.

Sheet ORNEK_VERI
A1: ORNEK VERI — KOBİ Finans Yönetim Paketi
A3: Örnek Veri (Demo)
A4: Gerçek girişlere başlamadan önce demo veri ile ürünü deneyin. Bu satırlar örnektir; gerçek verilerle değiştirin.
A5: Dönem | B5: Kasa Tahsilat (₺) | C5: Banka Tahsilat (₺) | D5: Cari Tahsilat (₺) | E5: POS Tahsilat (₺) | F5: Stok Alışı (₺) | G5: Operasyon Gideri (₺) | H5: Maaş (₺) | I5: Kredi Taksidi (₺) | J5: Net Nakit Değişimi (₺) | K5: Not
A6: Ocak 2026 | B6: 320000 | C6: 410000 | D6: 180000 | E6: 95000 | F6: 260000 | G6: 140000 | H6: 160000 | I6: 45000 | J6: Örnek 1
A7: Şubat 2026 | B7: 340000 | C7: 430000 | D7: 200000 | E7: 105000 | F7: 270000 | G7: 150000 | H7: 160000 | I7: 45000 | J7: Örnek 2
A8: Mart 2026 | B8: 310000 | C8: 400000 | D8: 175000 | E8: 90000 | F8: 250000 | G8: 145000 | H8: 165000 | I8: 45000 | J8: Örnek 3
A9: Nisan 2026 | B9: 360000 | C9: 460000 | D9: 210000 | E9: 115000 | F9: 280000 | G9: 155000 | H9: 165000 | I9: 45000 | J9: Örnek 4
A10: Mayıs 2026 | B10: 350000 | C10: 445000 | D10: 195000 | E10: 110000 | F10: 275000 | G10: 150000 | H10: 170000 | I10: 45000 | J10: Örnek 5
A11: Haziran 2026 | B11: 380000 | C11: 480000 | D11: 225000 | E11: 120000 | F11: 290000 | G11: 160000 | H11: 170000 | I11: 45000 | J11: Örnek 6
A1006: Demo veriler rapor sonuçlarını örnekler; satın alma sonrası silinerek gerçek veriler girilir.

Sheet DEGISIKLIK_KAYDI
A1: DEGISIKLIK KAYDI — KOBİ Finans Yönetim Paketi
A3: Değişiklik Kaydı
A4: Tarih | B4: Sürüm | C4: Değişiklik | D4: Neden | E4: Yapan
A5: 01.08.2026 | B5: 1.0.0 | C5: İlk üretim | D5: Ürünün yayına hazırlanması | E5: ExcelArşiv

Sheet LISTELER
A1: LISTELER — KOBİ Finans Yönetim Paketi
A3: Bağlı Listeler
A4: Bu sayfadaki listeler açılır menüleri besler; yeni seçenek eklemek için sarı hücrelere yazın.
A6: Dönem Önerileri
A7: Ocak 2026
A8: Şubat 2026
A9: Mart 2026
A10: Nisan 2026
A11: Mayıs 2026
A12: Haziran 2026

Sheet AYARLAR
A1: AYARLAR — KOBİ Finans Yönetim Paketi
A3: Sistem Ayarları ve Oranlar
A4: Tüm sabitler bu sayfadadır. Eşikleri ve çarpanları kendi işletmenize göre güncelleyin.
A6: Ayar Adı | B6: Anahtar | C6: Varsayılan Değer
A7: Firma Ünvanı | B7: FirmaUnvan | C7: Örnek Firma A.Ş.
A8: Rapor Tarihi | B8: RaporTarihi | C8: 2026-08-08
A9: Raporu Hazırlayan | B9: RaporHazirlayan | C9: Finans Direktörü
A10: Dosya Sürümü | B10: DosyaSurumu | C10: 1.0.0
A11: Dönem Başı Nakit (₺) | B11: KobiBaslangicNakit | C11: 250000
A12: Asgari Nakit Eşiği (₺) | B12: KobiAsgariNakit | C12: 100000
A13: Hedef Nakit Eşiği (₺) | B13: KobiHedefNakit | C13: 300000
A14: Risk Skoru Eşiği | B14: KobiRiskEsik | C14: 50
A15: Maksimum Risk Skoru | B15: KobiRiskSkorMax | C15: 100
A16: Yüksek Risk Skoru | B16: KobiRiskSkorYuksek | C16: 80
A17: Orta Risk Skoru | B17: KobiRiskSkorOrta | C17: 50
A18: Düşük Risk Skoru | B18: KobiRiskSkorDusuk | C18: 20
A19: İyimser Senaryo Çarpanı | B19: KobiIyiSenaryo | C19: 1.05
A20: Baz Senaryo Çarpanı | B20: KobiBazSenaryo | C20: 1
A21: Kötümser Senaryo Çarpanı | B21: KobiKotuSenaryo | C21: 0.95
A22: Tornado Tahsilat Etkisi | B22: KobiTornadoTahsilat | C22: 0.01
... A28: Dolu Giriş Hücresi Sayısı | B28: KobiDoluGiris | C28: 9000
A29: Aksiyon 1 Açıklaması | B29: KobiAksiyon1_ACIKLAMA | C29: Negatif kapanış ayı varsa ödeme planını yeniden yapılandırın ve tahsilatı hızlandırın.
A30: Aksiyon 2 Açıklaması | B30: KobiAksiyon2_ACIKLAMA | C30: Risk skoru yüksekse stok ve operasyon giderlerini kısıp kredi taksitlerini gözden geçirin.
A31: Aksiyon 3 Açıklaması | B31: KobiAksiyon3_ACIKLAMA | C31: Net nakit değişimi negatifse tahsilat kanallarını ve gider kontrolünü birlikte inceleyin.
A32: Panel Satır Numarası 1 | B32: KobiPanelSatir1 | C32: 1
A33: Panel Satır Numarası 2 | B33: KobiPanelSatir2 | C33: 2
A34: Panel Satır Numarası 3 | B34: KobiPanelSatir3 | C34: 3
A35: Panel Satır Numarası 4 | B35: KobiPanelSatir4 | C35: 4
A36: Panel Satır Numarası 5 | B36: KobiPanelSatir5 | C36: 5
A37: Panel Satır Numarası 6 | B37: KobiPanelSatir6 | C37: 6
A38: Panel Satır Numarası 7 | B38: KobiPanelSatir7 | C38: 7
A39: Panel Satır Numarası 8 | B39: KobiPanelSatir8 | C39: 8
A40: Panel Satır Numarası 9 | B40: KobiPanelSatir9 | C40: 9
A41: Panel Satır Numarası 10 | B41: KobiPanelSatir10 | C41: 10
A42: Panel Satır Numarası 11 | B42: KobiPanelSatir11 | C42: 11
A43: Panel Satır Numarası 12 | B43: KobiPanelSatir12 | C43: 12

Sheet KILAVUZ
A1: KILAVUZ — KOBİ Finans Yönetim Paketi
A3: Kullanım Kılavuzu
A5: Veri girişi | B5: AYLIK_VERI sayfasında sarı hücrelere dönem, kasa/banka/cari/POS tahsilat, stok alışı, operasyon gideri, maaş ve kredi taksidini girin. Her satır bir aydır.
A6: Hesap katmanı | B6: HESAP sayfası konsolide nakit girişi, çıkışı, net değişim, kapanış nakit ve kâr tahmini kurar.
A7: Karar ve rapor | B7: KARAR sayfası UYGUN/İNCELE/DURDUR kararını üretir; RAPOR yöneticiye sunulabilir.
A8: Ayarlar | B8: AYARLAR sayfasındaki eşikleri ve çarpanları mali müşavir veya kendi tecrübenize göre güncelleyin.
A9: Koruma | B9: Tüm sayfalar 1234 şifresiyle korunur; sarı hücreler serbesttir, formül hücreleri kilitlidir.
A11: Bu dosya karar destek aracıdır; muhasebe kaydı ve vergi beyanı niteliği taşımaz.
