Workbook

Sheet KAPAK
A1: KAPAK — Döviz Açık Pozisyonu ve Kur Riski Stres Testi
A3: Döviz Açık Pozisyonu ve Kur Riski Stres Testi
A4: Döviz cinsi bazında varlık ve borçlarınızı işleyin; açık pozisyonunuzu ve kur şoklarında oluşacak etkiyi stres testiyle görün.
A6: Bu ürün ne sağlar?
A7: • Döviz cinsi bazında varlık-borç kaydı ve net açık pozisyon hesabı
A8: • Kur şoklarının şirket özkaynağına etkisini gösteren stres testi
A9: • Vade yapısına göre kur riski yoğunlaşma analizi
A10: • Hangi döviz cinsinin riski en çok artırdığını gösteren tornado
A11: • UYGUN / İNCELE / DURDUR karar kapısı ve yönetici raporu
A14: Kimler için?
A15: • Dövizli alacak-borcu olan ihracatçı ve ithalatçılar
A16: • Kredi kuruluşlarından döviz kredisi kullananlar
... A21: Sürüm 1.0.0 | 2026 | ExcelArşiv | Lisans: Tek kullanıcı

Sheet HIZLI_BASLANGIC
A1: HIZLI BASLANGIC — Döviz Açık Pozisyonu ve Kur Riski Stres Testi
A3: Nasıl kullanılır?
A5: Adım 1 — Döviz pozisyonlarını girin | B5: DOVIZ_POZISYONLARI sayfasındaki sarı hücrelere döviz cinsi, işlem türü (Varlık/Borç), tutar, işlem kuru ve vade bilgisini girin. Her satır bir pozisyondur.
A6: Adım 2 — Açık pozisyonu izleyin | B6: HESAP sayfası döviz cinsi bazında varlık, borç, net pozisyon ve TL değerini hesaplar.
A7: Adım 3 — Stres testi ve karar | B7: SENARYO_DUYARLILIK kur şoklarını simüle eder; KARAR sayfası UYGUN/İNCELE/DURDUR üretir.
A8: Adım 4 — Eşikleri ayarlayın | B8: Açık pozisyon ve stres eşikleri AYARLAR sayfasından değiştirilir.
A11: Sık yapılan hatalar
A12: • Borçları negatif tutarla girmek (borç türü pozitif tutarla işlenir)
A13: • İşlem kurunu KDV dahil ile hariç karıştırmak
A14: • Vade bilgisini boş bırakmak (vade yapısı analizi bozulur)
A15: Bu dosya karar destek aracıdır; döviz yatırım tavsiyesi değildir.

Sheet DOVIZ_POZISYONLARI
A1: DOVIZ POZISYONLARI — Döviz Açık Pozisyonu ve Kur Riski Stres Testi
A3: Döviz Pozisyonları
A4: Sarı hücrelere manuel veri girin. Her satır bir dövizli işlemdir; TL değer otomatik hesaplanır.
A5: Tarih | B5: Döviz Cinsi | C5: İşlem Türü | D5: Tutar (Döviz) | E5: İşlem Kuru | F5: Vade | G5: TL Değer (₺) | H5: Kayıt Açıklaması
A6: 46027 | B6: USD | C6: Varlık | D6: 50000 | E6: 34.5 | F6: 0-30 Gün | G6: =IF($D6=0,0,$D6*$E6) -> 1725000 | H6: =IF($B6="","",CONCATENATE("Pozisyon: ",$B6,"/",$C6," tutar ",TEXT($D6,"#,##0.00"))) -> Pozisyon: USD/Varlık tutar 50.000,00
A7: 46034 | B7: EUR | C7: Borç | D7: 30000 | E7: 37.8 | F7: 31-90 Gün | G7: =IF($D7=0,0,$D7*$E7) -> 1134000 | H7: =IF($B7="","",CONCATENATE("Pozisyon: ",$B7,"/",$C7," tutar ",TEXT($D7,"#,##0.00"))) -> Pozisyon: EUR/Borç tutar 30.000,00
A8: 46056 | B8: USD | C8: Borç | D8: 20000 | E8: 35.1 | F8: 31-90 Gün | G8: =IF($D8=0,0,$D8*$E8) -> 702000 | H8: =IF($B8="","",CONCATENATE("Pozisyon: ",$B8,"/",$C8," tutar ",TEXT($D8,"#,##0.00"))) -> Pozisyon: USD/Borç tutar 20.000,00
A9: 46071 | B9: EUR | C9: Varlık | D9: 15000 | E9: 38.2 | F9: 0-30 Gün | G9: =IF($D9=0,0,$D9*$E9) -> 573000 | H9: =IF($B9="","",CONCATENATE("Pozisyon: ",$B9,"/",$C9," tutar ",TEXT($D9,"#,##0.00"))) -> Pozisyon: EUR/Varlık tutar 15.000,00
A10: 46088 | B10: GBP | C10: Borç | D10: 10000 | E10: 44 | F10: 91-180 Gün | G10: =IF($D10=0,0,$D10*$E10) -> 440000 | H10: =IF($B10="","",CONCATENATE("Pozisyon: ",$B10,"/",$C10," tutar ",TEXT($D10,"#,##0.00"))) -> Pozisyon: GBP/Borç tutar 10.000,00
A11: 46102 | B11: USD | C11: Varlık | D11: 25000 | E11: 36 | F11: 0-30 Gün | G11: =IF($D11=0,0,$D11*$E11) -> 900000 | H11: =IF($B11="","",CONCATENATE("Pozisyon: ",$B11,"/",$C11," tutar ",TEXT($D11,"#,##0.00"))) -> Pozisyon: USD/Varlık tutar 25.000,00
A12: 46122 | B12: EUR | C12: Borç | D12: 12000 | E12: 39.5 | F12: 91-180 Gün | G12: =IF($D12=0,0,$D12*$E12) -> 474000 | H12: =IF($B12="","",CONCATENATE("Pozisyon: ",$B12,"/",$C12," tutar ",TEXT($D12,"#,##0.00"))) -> Pozisyon: EUR/Borç tutar 12.000,00
A13: 46144 | B13: CHF | C13: Varlık | D13: 8000 | E13: 39 | F13: 0-30 Gün | G13: =IF($D13=0,0,$D13*$E13) -> 312000 | H13: =IF($B13="","",CONCATENATE("Pozisyon: ",$B13,"/",$C13," tutar ",TEXT($D13,"#,##0.00"))) -> Pozisyon: CHF/Varlık tutar 8.000,00
A14: 46161 | B14: USD | C14: Borç | D14: 15000 | E14: 37 | F14: 181+ Gün | G14: =IF($D14=0,0,$D14*$E14) -> 555000 | H14: =IF($B14="","",CONCATENATE("Pozisyon: ",$B14,"/",$C14," tutar ",TEXT($D14,"#,##0.00"))) -> Pozisyon: USD/Borç tutar 15.000,00
A15: 46184 | B15: EUR | C15: Varlık | D15: 10000 | E15: 40 | F15: 0-30 Gün | G15: =IF($D15=0,0,$D15*$E15) -> 400000 | H15: =IF($B15="","",CONCATENATE("Pozisyon: ",$B15,"/",$C15," tutar ",TEXT($D15,"#,##0.00"))) -> Pozisyon: EUR/Varlık tutar 10.000,00
G16: =IF($D16=0,0,$D16*$E16) -> 0 | H16: =IF($B16="","",CONCATENATE("Pozisyon: ",$B16,"/",$C16," tutar ",TEXT($D16,"#,##0.00")))
G17: =IF($D17=0,0,$D17*$E17) -> 0 | H17: =IF($B17="","",CONCATENATE("Pozisyon: ",$B17,"/",$C17," tutar ",TEXT($D17,"#,##0.00")))
G18: =IF($D18=0,0,$D18*$E18) -> 0 | H18: =IF($B18="","",CONCATENATE("Pozisyon: ",$B18,"/",$C18," tutar ",TEXT($D18,"#,##0.00")))
G19: =IF($D19=0,0,$D19*$E19) -> 0 | H19: =IF($B19="","",CONCATENATE("Pozisyon: ",$B19,"/",$C19," tutar ",TEXT($D19,"#,##0.00")))
G20: =IF($D20=0,0,$D20*$E20) -> 0 | H20: =IF($B20="","",CONCATENATE("Pozisyon: ",$B20,"/",$C20," tutar ",TEXT($D20,"#,##0.00")))
G21: =IF($D21=0,0,$D21*$E21) -> 0 | H21: =IF($B21="","",CONCATENATE("Pozisyon: ",$B21,"/",$C21," tutar ",TEXT($D21,"#,##0.00")))
G22: =IF($D22=0,0,$D22*$E22) -> 0 | H22: =IF($B22="","",CONCATENATE("Pozisyon: ",$B22,"/",$C22," tutar ",TEXT($D22,"#,##0.00")))
G23: =IF($D23=0,0,$D23*$E23) -> 0 | H23: =IF($B23="","",CONCATENATE("Pozisyon: ",$B23,"/",$C23," tutar ",TEXT($D23,"#,##0.00")))
G24: =IF($D24=0,0,$D24*$E24) -> 0 | H24: =IF($B24="","",CONCATENATE("Pozisyon: ",$B24,"/",$C24," tutar ",TEXT($D24,"#,##0.00")))
G25: =IF($D25=0,0,$D25*$E25) -> 0 | H25: =IF($B25="","",CONCATENATE("Pozisyon: ",$B25,"/",$C25," tutar ",TEXT($D25,"#,##0.00")))
G26: =IF($D26=0,0,$D26*$E26) -> 0 | H26: =IF($B26="","",CONCATENATE("Pozisyon: ",$B26,"/",$C26," tutar ",TEXT($D26,"#,##0.00")))
G27: =IF($D27=0,0,$D27*$E27) -> 0 | H27: =IF($B27="","",CONCATENATE("Pozisyon: ",$B27,"/",$C27," tutar ",TEXT($D27,"#,##0.00")))
... G1004: =IF($D1004=0,0,$D1004*$E1004) -> 0 | H1004: =IF($B1004="","",CONCATENATE("Pozisyon: ",$B1004,"/",$C1004," tutar ",TEXT($D1004,"#,##0.00")))
A1006: Sarı hücreler manuel giriştir; formül hücreleri kilitli ve korumalıdır.

Sheet HESAP
A1: HESAP — Döviz Açık Pozisyonu ve Kur Riski Stres Testi
A3: Döviz Cinsi Bazlı Açık Pozisyon Hesabı
A4: Aşağıdaki özet döviz cinslerine göre pozisyonlardan otomatik beslenir; elle değiştirilmez.
A5: Döviz | B5: Varlık Tutar | C5: Borç Tutar | D5: Net Pozisyon | E5: Ortalama Kur | F5: TL Varlık (₺) | G5: TL Borç (₺) | H5: TL Net Pozisyon (₺) | I5: Kur Riski (₺)
A6: USD | B6: =SUMIFS(tblDoviz[Tutar (Döviz)],tblDoviz[Döviz Cinsi],$A6,tblDoviz[İşlem Türü],"Varlık") -> 75000 | C6: =SUMIFS(tblDoviz[Tutar (Döviz)],tblDoviz[Döviz Cinsi],$A6,tblDoviz[İşlem Türü],"Borç") -> 35000 | D6: =B6-C6 -> 40000 | E6: =IF(COUNTIFS(tblDoviz[Döviz Cinsi],$A6)=0,0,AVERAGEIFS(tblDoviz[İşlem Kuru],tblDoviz[Döviz Cinsi],$A6)) -> 35.65 | F6: =B6*E6 -> 2673750 | G6: =C6*E6 -> 1247750 | H6: =F6-G6 -> 1426000 | I6: =IF(H6=0,0,ABS(H6)*DovizStresEsik) -> 285200
A7: EUR | B7: =SUMIFS(tblDoviz[Tutar (Döviz)],tblDoviz[Döviz Cinsi],$A7,tblDoviz[İşlem Türü],"Varlık") -> 25000 | C7: =SUMIFS(tblDoviz[Tutar (Döviz)],tblDoviz[Döviz Cinsi],$A7,tblDoviz[İşlem Türü],"Borç") -> 42000 | D7: =B7-C7 -> -17000 | E7: =IF(COUNTIFS(tblDoviz[Döviz Cinsi],$A7)=0,0,AVERAGEIFS(tblDoviz[İşlem Kuru],tblDoviz[Döviz Cinsi],$A7)) -> 38.875 | F7: =B7*E7 -> 971875 | G7: =C7*E7 -> 1632750 | H7: =F7-G7 -> -660875 | I7: =IF(H7=0,0,ABS(H7)*DovizStresEsik) -> 132175
A8: GBP | B8: =SUMIFS(tblDoviz[Tutar (Döviz)],tblDoviz[Döviz Cinsi],$A8,tblDoviz[İşlem Türü],"Varlık") -> 0 | C8: =SUMIFS(tblDoviz[Tutar (Döviz)],tblDoviz[Döviz Cinsi],$A8,tblDoviz[İşlem Türü],"Borç") -> 10000 | D8: =B8-C8 -> -10000 | E8: =IF(COUNTIFS(tblDoviz[Döviz Cinsi],$A8)=0,0,AVERAGEIFS(tblDoviz[İşlem Kuru],tblDoviz[Döviz Cinsi],$A8)) -> 44 | F8: =B8*E8 -> 0 | G8: =C8*E8 -> 440000 | H8: =F8-G8 -> -440000 | I8: =IF(H8=0,0,ABS(H8)*DovizStresEsik) -> 88000
A9: CHF | B9: =SUMIFS(tblDoviz[Tutar (Döviz)],tblDoviz[Döviz Cinsi],$A9,tblDoviz[İşlem Türü],"Varlık") -> 8000 | C9: =SUMIFS(tblDoviz[Tutar (Döviz)],tblDoviz[Döviz Cinsi],$A9,tblDoviz[İşlem Türü],"Borç") -> 0 | D9: =B9-C9 -> 8000 | E9: =IF(COUNTIFS(tblDoviz[Döviz Cinsi],$A9)=0,0,AVERAGEIFS(tblDoviz[İşlem Kuru],tblDoviz[Döviz Cinsi],$A9)) -> 39 | F9: =B9*E9 -> 312000 | G9: =C9*E9 -> 0 | H9: =F9-G9 -> 312000 | I9: =IF(H9=0,0,ABS(H9)*DovizStresEsik) -> 62400
A10: Diğer | B10: =SUMIFS(tblDoviz[Tutar (Döviz)],tblDoviz[Döviz Cinsi],$A10,tblDoviz[İşlem Türü],"Varlık") -> 0 | C10: =SUMIFS(tblDoviz[Tutar (Döviz)],tblDoviz[Döviz Cinsi],$A10,tblDoviz[İşlem Türü],"Borç") -> 0 | D10: =B10-C10 -> 0 | E10: =IF(COUNTIFS(tblDoviz[Döviz Cinsi],$A10)=0,0,AVERAGEIFS(tblDoviz[İşlem Kuru],tblDoviz[Döviz Cinsi],$A10)) -> 0 | F10: =B10*E10 -> 0 | G10: =C10*E10 -> 0 | H10: =F10-G10 -> 0 | I10: =IF(H10=0,0,ABS(H10)*DovizStresEsik) -> 0
A11: TOPLAM | B11: =SUM(B6:B10) -> 108000 | C11: =SUM(C6:C10) -> 87000 | D11: =SUM(D6:D10) -> 21000 | E11: =SUM(E6:E10) -> 157.525 | F11: =SUM(F6:F10) -> 3957625 | G11: =SUM(G6:G10) -> 3320500 | H11: =SUM(H6:H10) -> 637125 | I11: =IF(H11=0,0,ABS(H11)*DovizStresEsik) -> 127425
A13: Net Açık Pozisyon (TL) | B13: =H11 -> 637125
A14: Mutlak Açık Pozisyon (TL) | B14: =ABS(H11) -> 637125
A15: Açık Pozisyon Yönü | B15: =IF(H11=0,"DENGELİ",IF(H11>0,"FAZLA VARLIK","FAZLA BORÇ")) -> FAZLA VARLIK
A16: Stres Etkisi (Kötümser Şok) | B16: =I11 -> 127425
A17: En Riskli Döviz Cinsi | B17: =INDEX($A$6:$A$10,MATCH(MAX($I$6:$I$10),$I$6:$I$10,0)) -> USD
A19: Hesap satırları yalnızca döviz pozisyonlarından beslenir; korumalıdır.

Sheet ANALITIK_MOTOR
A1: ANALITIK MOTOR — Döviz Açık Pozisyonu ve Kur Riski Stres Testi
A3: ANALİTİK MOTOR — DERİNLİK KATMANI
A5: Kod | B5: Gösterge | C5: Değer | D5: Makine Yorumu
A6: T1 | B6: Vade Yapısı: 0-30 Gün Payı | C6: =IFERROR(IF(SUM(tblDoviz[Tutar (Döviz)])=0,0,SUMIFS(tblDoviz[Tutar (Döviz)],tblDoviz[Vade],"0-30 Gün")/SUM(tblDoviz[Tutar (Döviz)])),0) -> 0.55384615 | D6: =_xlfn.TEXTJOIN("; ",TRUE(),"Kısa vadeli (0-30 gün) pozisyon payı ",TEXT(C6,"0.0%")," — pay yüksekse kur riski hızla realize olur") -> Kısa vadeli (0-30 gün) pozisyon payı ; 55%; — pay yüksekse kur riski hızla realize olur
A7: T2 | B7: Ortalama İşlem Kuru | C7: =IFERROR(AVERAGE(tblDoviz[İşlem Kuru]),0) -> 38.11 | D7: =_xlfn.TEXTJOIN("; ",TRUE(),"Ortalama işlem kuru ",TEXT(C7,"0.0000")," TL — kur eğiliminin ortalama seviyesini gösterir") -> Ortalama işlem kuru ; 00.038; TL — kur eğiliminin ortalama seviyesini gösterir
A8: O1 | B8: Kur Sapması (STDEV) | C8: =IFERROR(stdev.p(tblDoviz[İşlem Kuru]),0) -> 0 | D8: =_xlfn.TEXTJOIN("; ",TRUE(),"İşlem kurlarındaki standart sapma ",TEXT(C8,"0.0000")," — sapma yüksekse kur dalgalanması belirgindir") -> İşlem kurlarındaki standart sapma ; 00.000; — sapma yüksekse kur dalgalanması belirgindir
A9: O2 | B9: Tornado: En Büyük Stres Etkisi | C9: =MAX(HESAP!I6:I10) -> 285200 | D9: =_xlfn.TEXTJOIN("; ",TRUE(),"Kötümser şokta en yüksek etki ",TEXT(C9,"₺ #,##0")," TL — öncelik bu döviz cinsinin izlenmesinde") -> Kötümser şokta en yüksek etki ; ₺ 285200,000; TL — öncelik bu döviz cinsinin izlenmesinde
A10: O3 | B10: Senaryo Bant Genişliği | C10: =SENARYO_DUYARLILIK!C7-SENARYO_DUYARLILIK!C10 -> -159282 | D10: =_xlfn.TEXTJOIN("; ",TRUE(),"İyimser ile kritik senaryo TL etkisi farkı ",TEXT(C10,"₺ #,##0")," TL — belirsizlik aralığını gösterir") -> İyimser ile kritik senaryo TL etkisi farkı ; -₺ 159282,000; TL — belirsizlik aralığını gösterir
A11: O6 | B11: Döviz Yoğunlaşması (HHI) | C11: =IFERROR(SUMPRODUCT((HESAP!$H$6:$H$10/SUM(ABS(HESAP!$H$6:$H$10)))^2),0) -> 0.34261117 | D11: =_xlfn.TEXTJOIN("; ",TRUE(),"Döviz yoğunlaşma endeksi ",TEXT(C11,"0.000")," — 1 e yaklaştıkça risk tek cinsten gelir") -> Döviz yoğunlaşma endeksi ; 0.000; — 1 e yaklaştıkça risk tek cinsten gelir
A12: O8 | B12: Veri Kalite Skoru | C12: =KONTROLLER!B19 -> 50 | D12: =_xlfn.TEXTJOIN("; ",TRUE(),"Veri kalite skoru ",TEXT(C12,"0")," puan — ",IF(C12>=DovizKaliteIyi,"yüksek güven","veri girişi tamamlanmalı")) -> Veri kalite skoru ; 50; puan — ; veri girişi tamamlanmalı
A13: I1 | B13: Gelecek Kur Seviyesi Tahmini | C13: =PANO!B24 -> 0 | D13: =_xlfn.TEXTJOIN("; ",TRUE(),"Gelecek dönem kur tahmini ",TEXT(C13,"0.0000")," TL — güven bandı için alt/üst sınır PANO sayfasındadır") -> Gelecek dönem kur tahmini ; 00.000; TL — güven bandı için alt/üst sınır PANO sayfasındadır
A14: I2 | B14: Pozisyon Tutarı Yüzdelik P90 | C14: =IFERROR(_xlfn.PERCENTILE.INC(tblDoviz[Tutar (Döviz)],DovizP90Oran),0) -> 32000 | D14: =_xlfn.TEXTJOIN("; ",TRUE(),"Pozisyon tutarlarının %90 ı ",TEXT(C14,"#,##0.00")," altında gerçekleşir — üst sınır nakit planı için kullanılabilir") -> Pozisyon tutarlarının %90 ı ; 32.000,00; altında gerçekleşir — üst sınır nakit planı için kullanılabilir

Sheet KONTROLLER
A1: KONTROLLER — Döviz Açık Pozisyonu ve Kur Riski Stres Testi
A3: Giriş Kalite Kontrolleri
A4: Aşağıdaki kontroller canlı formüllerle çalışır; sorun varsa uyarı üretir.
A6: Boş döviz cinsi satırı var mı? | B6: =IF(COUNTBLANK(tblDoviz[Döviz Cinsi])=0,"TEMİZ","BOŞ VAR") -> BOŞ VAR
A7: Boş tutar var mı? | B7: =IF(COUNTBLANK(tblDoviz[Tutar (Döviz)])=0,"TEMİZ","BOŞ VAR") -> BOŞ VAR
A8: Negatif tutar var mı? | B8: =IF(COUNTIF(tblDoviz[Tutar (Döviz)],"<0")=0,"TEMİZ","NEGATİF VAR") -> TEMİZ
A9: Negatif kur var mı? | B9: =IF(COUNTIF(tblDoviz[İşlem Kuru],"<0")=0,"TEMİZ","NEGATİF VAR") -> TEMİZ
A10: Vade bilgisi eksik mi? | B10: =IF(COUNTBLANK(tblDoviz[Vade])=0,"TEMİZ","BOŞ VAR") -> BOŞ VAR
A11: Açık pozisyon eşiği aşılıyor mu? | B11: =IF(ABS(HESAP!B13)>DovizAcikEsik,"AŞIYOR","NORMAL") -> NORMAL
A12: Stres etkisi eşiği aşılıyor mu? | B12: =IF(HESAP!B16>DovizStresEtkiEsik,"AŞIYOR","NORMAL") -> NORMAL
A13: Kur sapması risk eşiğinde mi? | B13: =IF(ANALITIK_MOTOR!C8>DovizKurSapmaEsik,"YÜKSEK","NORMAL") -> NORMAL
A15: Veri Kalitesi Skoru (0-100)
A16: Boş ve negatif girişlerin oranına göre üretilen kalite skoru.
A17: Toplam Giriş Hücresi | B17: =COUNTA(tblDoviz[Döviz Cinsi])*COUNTA(tblDoviz[#Headers]) -> 80
A18: Dolu Giriş Hücresi | B18: =COUNTA(tblDoviz[Döviz Cinsi])+COUNTA(tblDoviz[Tutar (Döviz)])+COUNTA(tblDoviz[İşlem Kuru])+COUNTA(tblDoviz[Vade]) -> 40
A19: Kalite Skoru | B19: =ROUND(IF(DovizToplamGiris=0,0,DovizDoluGiris/DovizToplamGiris*100),0) -> 50
A20: Kalite Seviyesi | B20: =IF(B19>=DovizKaliteIyi,"YÜKSEK",IF(B19>=DovizKaliteOrta,"ORTA","DÜŞÜK")) -> DÜŞÜK
A22: Kontroller yalnızca giriş verisini denetler; değerleri değiştirmez.

Sheet KARAR
A1: KARAR — Döviz Açık Pozisyonu ve Kur Riski Stres Testi
A3: Karar Kapısı — Döviz Açık Pozisyon Riski
A4: Açık pozisyon, stres etkisi ve kur sapmasına göre üretilen karar.
A6: Net Açık Pozisyon (TL) | B6: =HESAP!B13 -> 637125
A7: Stres Etkisi (Kötümser) | B7: =HESAP!B16 -> 127425
A8: Kur Sapması | B8: =ANALITIK_MOTOR!C8 -> 0
A9: Pozisyon Yönü | B9: =HESAP!B15 -> FAZLA VARLIK
A11: KARAR | B11: =IF(COUNTA(tblDoviz[Döviz Cinsi])=0,"VERİ YOK",IF(COUNTIF(tblDoviz[Tutar (Döviz)],"<0")>0,"DURDUR",IF(ABS(HESAP!B13)>DovizAcikEsik,"DURDUR",IF(SUM(tblDoviz[TL Değer (₺)])>DovizHacimEsik,"İNCELE",IF(HESAP!B16>DovizStresEtkiEsik,"İNCELE","UYGUN"))))) -> UYGUN
A12: Gerekçe | B12: =IF(COUNTIF(tblDoviz[Tutar (Döviz)],"<0")>0,"Negatif tutar girişi tespit edildi; veriler mutlaka düzeltilmeli.",IF(ABS(HESAP!B13)>DovizAcikEsik,"Açık pozisyon eşiğin üzerinde; pozisyon küçültülmeli veya hedge planı yapılmalı.",IF(SUM(tblDoviz[TL Değer (₺)])>DovizHacimEsik,"Toplam işlem hacmi eşiğin üzerinde; pozisyon yoğunluğu incelenmeli.",IF(HESAP!B16>DovizStresEtkiEsik,"Stres etkisi eşiğin üzerinde; kur korumalı mevduat veya forward değerlendirilmeli.","Karar kapısı uygun: açık pozisyon ve stres etkisi hedef aralıkta.")))) -> Karar kapısı uygun: açık pozisyon ve stres etkisi hedef aralıkta.
A14: Önerilen Aksiyonlar
A15: Aksiyon 1 | B15: =DovizAksiyon1_ACIKLAMA -> Açık pozisyon eşiği aşılıyorsa pozisyonu küçültün; döviz borcunu TL gelirle dengeleyin.
A16: Aksiyon 2 | B16: =DovizAksiyon2_ACIKLAMA -> Stres etkisi yüksekse kur korumalı mevduat veya forward sözleşmesi değerlendirin.
A17: Aksiyon 3 | B17: =DovizAksiyon3_ACIKLAMA -> Kur sapması yüksekse döviz alacaklarınızı hızlandırın ve ithalat planınızı gözden geçirin.
A19: Karar yalnızca giriş verisi ve AYARLAR'daki eşiklerden türetilir; döviz yatırım tavsiyesi değildir.

Sheet PANO
A1: PANO — Döviz Açık Pozisyonu ve Kur Riski Stres Testi
A3: Yönetim Paneli | B3: Toplam Döviz Varlık (TL) | C3: Toplam Döviz Borç (TL) | D3: Net Açık Pozisyon (TL) | E3: Stres Etkisi (₺) | F3: Ortalama Kur | G3: Kalite Skoru
B4: =HESAP!F11 -> 3957625 | C4: =HESAP!G11 -> 3320500 | D4: =HESAP!H11 -> 637125 | E4: =HESAP!I11 -> 127425 | F4: =ANALITIK_MOTOR!C7 -> 38.11 | G4: =KONTROLLER!B19 -> 50
A6: Karar | B6: =KARAR!B11 -> UYGUN | D6: En Riskli Döviz | E6: =HESAP!B17 -> USD
A10: Döviz Cinsi Bazlı TL Değer | D10: Aylık Toplam İşlem Tutarı (Döviz)
A11: USD | B11: =HESAP!H11 -> 637125 | C11: =HESAP!I11 -> 127425 | D11: AY1 | E11: =IFERROR(INDEX(tblDoviz[Tutar (Döviz)],AYARLAR!$B$28),0) -> 0 | F11: =HESAP!I11 -> 127425
A12: EUR | B12: =HESAP!H12 -> 0 | C12: =HESAP!I12 -> 0 | D12: AY2 | E12: =IFERROR(INDEX(tblDoviz[Tutar (Döviz)],AYARLAR!$B$29),0) -> 50000 | F12: =HESAP!I12 -> 0
A13: GBP | B13: =HESAP!H13 -> 0 | C13: =HESAP!I13 -> 0 | D13: AY3 | E13: =IFERROR(INDEX(tblDoviz[Tutar (Döviz)],AYARLAR!$B$30),0) -> 30000 | F13: =HESAP!I13 -> 0
A14: CHF | B14: =HESAP!H14 -> 0 | C14: =HESAP!I14 -> 0 | D14: AY4 | E14: =IFERROR(INDEX(tblDoviz[Tutar (Döviz)],AYARLAR!$B$31),0) -> 20000 | F14: =HESAP!I14 -> 0
A15: Diğer | B15: =HESAP!H15 -> 0 | C15: =HESAP!I15 -> 0 | D15: AY5 | E15: =IFERROR(INDEX(tblDoviz[Tutar (Döviz)],AYARLAR!$B$32),0) -> 15000 | F15: =HESAP!I15 -> 0
D16: AY6 | E16: =IFERROR(INDEX(tblDoviz[Tutar (Döviz)],AYARLAR!$B$33),0) -> 10000
D17: AY7 | E17: =IFERROR(INDEX(tblDoviz[Tutar (Döviz)],AYARLAR!$B$34),0) -> 25000
D18: AY8 | E18: =IFERROR(INDEX(tblDoviz[Tutar (Döviz)],AYARLAR!$B$35),0) -> 12000
D19: AY9 | E19: =IFERROR(INDEX(tblDoviz[Tutar (Döviz)],AYARLAR!$B$36),0) -> 8000
D20: AY10 | E20: =IFERROR(INDEX(tblDoviz[Tutar (Döviz)],AYARLAR!$B$37),0) -> 15000
D21: AY11 | E21: =IFERROR(INDEX(tblDoviz[Tutar (Döviz)],AYARLAR!$B$38),0) -> 10000
D22: AY12 | E22: =IFERROR(INDEX(tblDoviz[Tutar (Döviz)],AYARLAR!$B$39),0) -> 0
A24: Gelecek 1 Ay Kur Tahmini (Tahmin Aralıklı) | B24: =ROUND(IFERROR(forecast.lınear(DovizPanelSatir12,tblDoviz[İşlem Kuru],ROW(tblDoviz[İşlem Kuru])-ROW(tblDoviz[[#Headers],[İşlem Kuru]])),0),4) -> 0
A25: Son 12 Ay Ortalama Kur | B25: =ROUND(IFERROR(AVERAGE(tblDoviz[İşlem Kuru]),0),4) -> 38.11
A26: Son 12 Ay Kur Standart Sapma | B26: =ROUND(IFERROR(stdev.p(INDEX(tblDoviz[İşlem Kuru],DovizPanelSatir1):INDEX(tblDoviz[İşlem Kuru],DovizPanelSatir12)),0),4) -> 0
A27: Alt Tahmin Sınırı | B27: =B25-B26*DovizTahminCarpan -> 38.11
A28: Üst Tahmin Sınırı | B28: =B25+B26*DovizTahminCarpan -> 38.11
C29: Senaryo TL Etkisi
C30: =SENARYO_DUYARLILIK!C7 -> 31856 | D30: İyimser
C31: =SENARYO_DUYARLILIK!C8 -> 0 | D31: Baz
C32: =SENARYO_DUYARLILIK!C9 -> 63713 | D32: Kötümser
C33: =SENARYO_DUYARLILIK!C10 -> 191138 | D33: Kritik
A56: Paneldeki tüm göstergeler canlı formüllerden beslenir.

Sheet SENARYO_DUYARLILIK
A1: SENARYO DUYARLILIK — Döviz Açık Pozisyonu ve Kur Riski Stres Testi
A3: Senaryo ve Duyarlılık Analizi
A4: İyimser, baz, kötümser ve kritik kur senaryolarında TL etkisi; ardından hangi değişkenin sonucu en çok etkilediğini gösteren tornado analizi.
A6: Senaryo | B6: Kur Şok Oranı | C6: TL Etkisi | D6: Pozisyon Etki Oranı
A7: İYİMSER | B7: =IF(SUM(tblDoviz[Tutar (Döviz)])=0,0,DovizIyiSenaryo) -> 0.05 | C7: =ROUND(ABS(HESAP!B13)*DovizIyiSenaryo,0) -> 31856 | D7: =IF(HESAP!B13=0,0,ABS(C7/HESAP!B13)) -> 0.049999608
A8: BAZ | B8: =IF(SUM(tblDoviz[Tutar (Döviz)])=0,0,DovizBazSenaryo) -> 0 | C8: =ROUND(ABS(HESAP!B13)*DovizBazSenaryo,0) -> 0 | D8: =IF(HESAP!B13=0,0,ABS(C8/HESAP!B13)) -> 0
A9: KÖTÜMSER | B9: =IF(SUM(tblDoviz[Tutar (Döviz)])=0,0,DovizKotuSenaryo) -> 0.1 | C9: =ROUND(ABS(HESAP!B13)*DovizKotuSenaryo,0) -> 63713 | D9: =IF(HESAP!B13=0,0,ABS(C9/HESAP!B13)) -> 0.10000078
A10: KRİTİK | B10: =IF(SUM(tblDoviz[Tutar (Döviz)])=0,0,DovizKritikSenaryo) -> 0.3 | C10: =ROUND(ABS(HESAP!B13)*DovizKritikSenaryo,0) -> 191138 | D10: =IF(HESAP!B13=0,0,ABS(C10/HESAP!B13)) -> 0.30000078
A12: Tornado: TL Etkiye Katkı
A13: Kur +%1 Etkisi | B13: =ROUND(ABS(HESAP!B13)*DovizTornadoKur,0) -> 6371
A14: Pozisyon +%1 Etkisi | B14: =ROUND(ABS(HESAP!B13)*DovizTornadoPozisyon,0) -> 6371
A16: En Etkili Değişken | B16: =IF(B13>=B14,"Kur Şoku","Pozisyon") -> Kur Şoku
A18: Senaryo şokları AYARLAR'daki çarpanlardan türetilir.

Sheet RAPOR
A1: DÖVİZ AÇIK POZİSYONU VE KUR RİSKİ — YÖNETİCİ ÖZETİ
A2: =_xlfn.CONCAT("Rapor Tarihi: ",TEXT(RaporTarihi,"dd.mm.yyyy")," | Hazırlayan: ",RaporHazirlayan," | Sürüm: ",DosyaSurumu) -> Rapor Tarihi: 08.08.2026 | Hazırlayan: Finans Direktörü | Sürüm: 1.0.0
A4: Karar | B4: =KARAR!B11 -> UYGUN
A6: Net Açık Pozisyon (TL) | B6: =HESAP!B13 -> 637125
A7: Mutlak Açık Pozisyon (TL) | B7: =HESAP!B14 -> 637125
A8: Pozisyon Yönü | B8: =HESAP!B15 -> FAZLA VARLIK
A9: Stres Etkisi (₺) | B9: =HESAP!B16 -> 127425
A10: Ortalama İşlem Kuru | B10: =ANALITIK_MOTOR!C7 -> 38.11
A11: Kur Sapması | B11: =ANALITIK_MOTOR!C8 -> 0
A12: En Riskli Döviz Cinsi | B12: =HESAP!B17 -> USD
A13: Döviz Yoğunlaşması (HHI) | B13: =ANALITIK_MOTOR!C11 -> 0.34261117
A14: Kalite Skoru | B14: =KONTROLLER!B19 -> 50
A16: Varsayımlar ve Önemli Notlar
A17: • Net pozisyon; varlık eksi borç olarak hesaplanır; pozitif fazla varlık, negatif fazla borç demektir.
A18: • Kur şokları AYARLAR'daki senaryo çarpanlarından türetilir; gerçekleşmiş veri değildir.
A19: • Kur riski, pozisyonun kur şokuna duyarlılığını gösterir; türev koruma (hedge) maliyeti dahil değildir.
A20: • Bu dosya döviz yatırım tavsiyesi değildir; kur riski karar destek aracıdır.
A21: • Demo veriler gerçek müşteri verisi değildir; kullanımdan önce temizlenmelidir.
A23: Önerilen Aksiyonlar
A24: =DovizAksiyon1_ACIKLAMA -> Açık pozisyon eşiği aşılıyorsa pozisyonu küçültün; döviz borcunu TL gelirle dengeleyin.
A25: =DovizAksiyon2_ACIKLAMA -> Stres etkisi yüksekse kur korumalı mevduat veya forward sözleşmesi değerlendirin.
A26: =DovizAksiyon3_ACIKLAMA -> Kur sapması yüksekse döviz alacaklarınızı hızlandırın ve ithalat planınızı gözden geçirin.
A28: Bu rapor karar destek amaçlıdır; mali tavsiye niteliği taşımaz.

Sheet ORNEK_VERI
A1: ORNEK VERI — Döviz Açık Pozisyonu ve Kur Riski Stres Testi
A3: Örnek Veri (Demo)
A4: Gerçek girişlere başlamadan önce demo veri ile ürünü deneyin. Bu satırlar örnektir; gerçek verilerle değiştirin.
A5: Tarih | B5: Döviz Cinsi | C5: İşlem Türü | D5: Tutar (Döviz) | E5: İşlem Kuru | F5: Vade | G5: TL Değer (₺) | H5: Not
A6: 2026-01-05 | B6: USD | C6: Varlık | D6: 50000 | E6: 34.5 | F6: 0-30 Gün | G6: =IF($D6=0,0,$D6*$E6) -> 1725000 | H6: =IF($B6="","",CONCATENATE("Örnek kayıt: ",$B6)) -> Örnek kayıt: USD
A7: 2026-01-12 | B7: EUR | C7: Borç | D7: 30000 | E7: 37.8 | F7: 31-90 Gün | G7: =IF($D7=0,0,$D7*$E7) -> 1134000 | H7: =IF($B7="","",CONCATENATE("Örnek kayıt: ",$B7)) -> Örnek kayıt: EUR
A8: 2026-02-03 | B8: USD | C8: Borç | D8: 20000 | E8: 35.1 | F8: 31-90 Gün | G8: =IF($D8=0,0,$D8*$E8) -> 702000 | H8: =IF($B8="","",CONCATENATE("Örnek kayıt: ",$B8)) -> Örnek kayıt: USD
A9: 2026-02-18 | B9: EUR | C9: Varlık | D9: 15000 | E9: 38.2 | F9: 0-30 Gün | G9: =IF($D9=0,0,$D9*$E9) -> 573000 | H9: =IF($B9="","",CONCATENATE("Örnek kayıt: ",$B9)) -> Örnek kayıt: EUR
A10: 2026-03-07 | B10: GBP | C10: Borç | D10: 10000 | E10: 44 | F10: 91-180 Gün | G10: =IF($D10=0,0,$D10*$E10) -> 440000 | H10: =IF($B10="","",CONCATENATE("Örnek kayıt: ",$B10)) -> Örnek kayıt: GBP
A11: 2026-03-21 | B11: USD | C11: Varlık | D11: 25000 | E11: 36 | F11: 0-30 Gün | G11: =IF($D11=0,0,$D11*$E11) -> 900000 | H11: =IF($B11="","",CONCATENATE("Örnek kayıt: ",$B11)) -> Örnek kayıt: USD
G12: =IF($D12=0,0,$D12*$E12) -> 0 | H12: =IF($B12="","",CONCATENATE("Örnek kayıt: ",$B12))
G13: =IF($D13=0,0,$D13*$E13) -> 0 | H13: =IF($B13="","",CONCATENATE("Örnek kayıt: ",$B13))
G14: =IF($D14=0,0,$D14*$E14) -> 0 | H14: =IF($B14="","",CONCATENATE("Örnek kayıt: ",$B14))
G15: =IF($D15=0,0,$D15*$E15) -> 0 | H15: =IF($B15="","",CONCATENATE("Örnek kayıt: ",$B15))
G16: =IF($D16=0,0,$D16*$E16) -> 0 | H16: =IF($B16="","",CONCATENATE("Örnek kayıt: ",$B16))
G17: =IF($D17=0,0,$D17*$E17) -> 0 | H17: =IF($B17="","",CONCATENATE("Örnek kayıt: ",$B17))
G18: =IF($D18=0,0,$D18*$E18) -> 0 | H18: =IF($B18="","",CONCATENATE("Örnek kayıt: ",$B18))
G19: =IF($D19=0,0,$D19*$E19) -> 0 | H19: =IF($B19="","",CONCATENATE("Örnek kayıt: ",$B19))
G20: =IF($D20=0,0,$D20*$E20) -> 0 | H20: =IF($B20="","",CONCATENATE("Örnek kayıt: ",$B20))
G21: =IF($D21=0,0,$D21*$E21) -> 0 | H21: =IF($B21="","",CONCATENATE("Örnek kayıt: ",$B21))
G22: =IF($D22=0,0,$D22*$E22) -> 0 | H22: =IF($B22="","",CONCATENATE("Örnek kayıt: ",$B22))
G23: =IF($D23=0,0,$D23*$E23) -> 0 | H23: =IF($B23="","",CONCATENATE("Örnek kayıt: ",$B23))
... G1004: =IF($D1004=0,0,$D1004*$E1004) -> 0 | H1004: =IF($B1004="","",CONCATENATE("Örnek kayıt: ",$B1004))
A1006: Demo veriler rapor sonuçlarını örnekler; satın alma sonrası silinerek gerçek veriler girilir.

Sheet DEGISIKLIK_KAYDI
A1: DEGISIKLIK KAYDI — Döviz Açık Pozisyonu ve Kur Riski Stres Testi
A3: Değişiklik Kaydı
A4: Tarih | B4: Sürüm | C4: Değişiklik | D4: Neden | E4: Yapan
A5: 01.08.2026 | B5: 1.0.0 | C5: İlk üretim | D5: Ürünün yayına hazırlanması | E5: ExcelArşiv

Sheet LISTELER
A1: LISTELER — Döviz Açık Pozisyonu ve Kur Riski Stres Testi
A3: Bağlı Listeler
A4: Bu sayfadaki listeler açılır menüleri besler; yeni seçenek eklemek için sarı hücrelere yazın.
A6: Döviz Cinsi | C6: İşlem Türü | E6: Vade Dilimi
A7: USD | C7: Varlık | E7: 0-30 Gün
A8: EUR | C8: Borç | E8: 31-90 Gün
A9: GBP | E9: 91-180 Gün
A10: CHF | E10: 181+ Gün
A11: Diğer

Sheet AYARLAR
A1: AYARLAR — Döviz Açık Pozisyonu ve Kur Riski Stres Testi
A3: Sistem Ayarları ve Oranlar
A4: Tüm sabitler bu sayfadadır. Eşikleri ve çarpanları kendi işletmenize göre güncelleyin. Değişen her değer tüm hesaplamalara anında yansır.
A6: anahtar | B6: deger | C6: birim | D6: alt | E6: ust | F6: aciklama | G6: kaynak | H6: yururluk_tarihi | I6: dogrulama_tarihi
A7: FirmaUnvan | B7: Örnek Firma A.Ş. | C7: Metin | F7: Rapor ve kapakta görünen firma adı. | G7: Kullanıcı | H7: 46023 | I7: 46244
A8: RaporTarihi | B8: 46242 | C8: Tarih | F8: Tüm hesapların ve kararın alındığı tarih. | G8: Kullanıcı | H8: 46023 | I8: 46244
A9: RaporHazirlayan | B9: Finans Direktörü | C9: Metin | F9: Raporu hazırlayan kişi/rol. | G9: Kullanıcı | H9: 46023 | I9: 46244
A10: DosyaSurumu | B10: 1.0.0 | C10: Metin | F10: Ürün sürüm bilgisi; rapor alt bilgisinde görünür. | G10: Kullanıcı | H10: 46023 | I10: 46244
A11: DovizAcikEsik | B11: 2000000 | C11: TL | D11: 0 | E11: 1000000000 | F11: Açık pozisyon TL eşiği; üzerinde karar DURDUR olur. | G11: Varsayım | H11: 46023 | I11: 46244
A12: DovizStresEsik | B12: 0.2 | C12: Oran | D12: 0.01 | E12: 1 | F12: Kötümser senaryo kur şoku oranı (%20). | G12: Varsayım | H12: 46023 | I12: 46244
A13: DovizStresEtkiEsik | B13: 400000 | C13: TL | D13: 0 | E13: 1000000000 | F13: Stres etkisi bu eşiği aşarsa karar İNCELE olur. | G13: Varsayım | H13: 46023 | I13: 46244
A14: DovizKurSapmaEsik | B14: 0.05 | C14: Oran | D14: 0 | E14: 1 | F14: İşlem kuru standart sapması risk eşiği. | G14: Varsayım | H14: 46023 | I14: 46244
A15: DovizIyiSenaryo | B15: 0.05 | C15: Oran | D15: 0 | E15: 1 | F15: İyimser senaryo kur şoku (%5 lehine). | G15: Varsayım | H15: 46023 | I15: 46244
A16: DovizBazSenaryo | B16: 0 | C16: Oran | D16: -0.5 | E16: 0.5 | F16: Baz senaryo kur şoku (değişim yok). | G16: Varsayım | H16: 46023 | I16: 46244
A17: DovizKotuSenaryo | B17: 0.1 | C17: Oran | D17: 0 | E17: 1 | F17: Kötümser senaryo kur şoku (%10 aleyhine). | G17: Varsayım | H17: 46023 | I17: 46244
A18: DovizKritikSenaryo | B18: 0.3 | C18: Oran | D18: 0 | E18: 1 | F18: Kritik senaryo kur şoku (%30 aleyhine). | G18: Varsayım | H18: 46023 | I18: 46244
A19: DovizTornadoKur | B19: 0.01 | C19: Oran | D19: 0 | E19: 0.2 | F19: Kur şokunun %1 artışının TL etkisine katkısı. | G19: Varsayım | H19: 46023 | I19: 46244
A20: DovizTornadoPozisyon | B20: 0.01 | C20: Oran | D20: 0 | E20: 0.2 | F20: Pozisyonun %1 artışının TL etkisine katkısı. | G20: Varsayım | H20: 46023 | I20: 46244
A21: DovizTahminCarpan | B21: 1.645 | C21: Oran | D21: 0 | E21: 3 | F21: Tahmin bandı genişliği (standart sapma katı). | G21: Varsayım | H21: 46023 | I21: 46244
A22: DovizKaliteIyi | B22: 90 | C22: Skor | D22: 0 | E22: 100 | F22: Kalite skoru bu eşiğin üzerindeyse YÜKSEK kalite. | G22: Varsayım | H22: 46023 | I22: 46244
A23: DovizKaliteOrta | B23: 70 | C23: Skor | D23: 0 | E23: 100 | F23: Kalite skoru bu eşiğin üzerindeyse ORTA kalite. | G23: Varsayım | H23: 46023 | I23: 46244
A24: DovizAksiyon1_ACIKLAMA | B24: Açık pozisyon eşiği aşılıyorsa pozisyonu küçültün; döviz borcunu TL gelirle dengeleyin. | C24: Metin | F24: DURDUR kararında gösterilen ilk öneri. | G24: Varsayım | H24: 46023 | I24: 46244
A25: DovizAksiyon2_ACIKLAMA | B25: Stres etkisi yüksekse kur korumalı mevduat veya forward sözleşmesi değerlendirin. | C25: Metin | F25: İNCELE kararında gösterilen ikinci öneri. | G25: Varsayım | H25: 46023 | I25: 46244
A26: DovizAksiyon3_ACIKLAMA | B26: Kur sapması yüksekse döviz alacaklarınızı hızlandırın ve ithalat planınızı gözden geçirin. | C26: Metin | F26: İNCELE kararında gösterilen üçüncü öneri. | G26: Varsayım | H26: 46023 | I26: 46244
A27: DovizP90Oran | B27: 0.9 | C27: Oran | D27: 0.5 | E27: 1 | F27: Pozisyon tutarı dağılımında üst yüzdelik dilimin oranı. | G27: Varsayım | H27: 46023 | I27: 46244
A28: DovizHacimEsik | B28: 10000000 | C28: TL | D28: 0 | E28: 10000000000 | F28: Toplam işlem hacmi (varlık+borç TL) eşiği; üzerinde karar İNCELE olur. | G28: Varsayım | H28: 46023 | I28: 46244
A29: DovizPanelSatir1 | B29: 1 | C29: Satır | F29: PANO'daki aylık işlem grafiği serisinin tablodaki veri satırı (1. veri). | G29: Kullanıcı | H29: 46023 | I29: 46244
A30: DovizPanelSatir2 | B30: 2 | C30: Satır | F30: PANO'daki aylık işlem grafiği serisinin tablodaki veri satırı (2. veri). | G30: Kullanıcı | H30: 46023 | I30: 46244
A31: DovizPanelSatir3 | B31: 3 | C31: Satır | F31: PANO'daki aylık işlem grafiği serisinin tablodaki veri satırı (3. veri). | G31: Kullanıcı | H31: 46023 | I31: 46244
A32: DovizPanelSatir4 | B32: 4 | C32: Satır | F32: PANO'daki aylık işlem grafiği serisinin tablodaki veri satırı (4. veri). | G32: Kullanıcı | H32: 46023 | I32: 46244
A33: DovizPanelSatir5 | B33: 5 | C33: Satır | F33: PANO'daki aylık işlem grafiği serisinin tablodaki veri satırı (5. veri). | G33: Kullanıcı | H33: 46023 | I33: 46244
A34: DovizPanelSatir6 | B34: 6 | C34: Satır | F34: PANO'daki aylık işlem grafiği serisinin tablodaki veri satırı (6. veri). | G34: Kullanıcı | H34: 46023 | I34: 46244
A35: DovizPanelSatir7 | B35: 7 | C35: Satır | F35: PANO'daki aylık işlem grafiği serisinin tablodaki veri satırı (7. veri). | G35: Kullanıcı | H35: 46023 | I35: 46244
A36: DovizPanelSatir8 | B36: 8 | C36: Satır | F36: PANO'daki aylık işlem grafiği serisinin tablodaki veri satırı (8. veri). | G36: Kullanıcı | H36: 46023 | I36: 46244
A37: DovizPanelSatir9 | B37: 9 | C37: Satır | F37: PANO'daki aylık işlem grafiği serisinin tablodaki veri satırı (9. veri). | G37: Kullanıcı | H37: 46023 | I37: 46244
A38: DovizPanelSatir10 | B38: 10 | C38: Satır | F38: PANO'daki aylık işlem grafiği serisinin tablodaki veri satırı (10. veri). | G38: Kullanıcı | H38: 46023 | I38: 46244
A39: DovizPanelSatir11 | B39: 11 | C39: Satır | F39: PANO'daki aylık işlem grafiği serisinin tablodaki veri satırı (11. veri). | G39: Kullanıcı | H39: 46023 | I39: 46244
A40: DovizPanelSatir12 | B40: 12 | C40: Satır | F40: PANO'daki aylık işlem grafiği serisinin tablodaki veri satırı (12. veri). | G40: Kullanıcı | H40: 46023 | I40: 46244

Sheet KILAVUZ
A1: KILAVUZ — Döviz Açık Pozisyonu ve Kur Riski Stres Testi
A3: Kullanım Kılavuzu
A5: Veri girişi | B5: DOVIZ_POZISYONLARI sayfasında sarı hücrelere dövizli işlemlerinizi girin. Döviz cinsini, işlem türünü ve vadeyi listeden seçin; tutar ve kur bilgisini girin.
A6: Hesap katmanı | B6: HESAP sayfası döviz cinsi bazlı varlık, borç, net pozisyon, ortalama kur ve stres etkisini otomatik özetler.
A7: Karar ve rapor | B7: KARAR sayfası UYGUN/İNCELE/DURDUR kararını üretir; RAPOR yöneticiye sunulabilir.
A8: Ayarlar | B8: AYARLAR sayfasındaki eşikleri ve senaryo çarpanlarını finansal danışmanınıza göre güncelleyin.
A9: Koruma | B9: Tüm sayfalar 1234 şifresiyle korunur; sarı hücreler serbesttir, formül hücreleri kilitlidir.
A11: Bu dosya karar destek aracıdır; döviz yatırım tavsiyesi ve muhasebe kaydı niteliği taşımaz.
A13: Varsayım İşaretli Parametreler
A14: Aşağıdaki eşik ve çarpanlar AYARLAR sayfasında kaynak=Varsayım olarak işaretlidir; mevzuat zorunluluğu yoktur ve işletmeye göre güncellenmelidir.
A15: • Açık Pozisyon TL Eşiği
A16: • Kötümser ve Kritik Senaryo Kur Şok Oranları
A17: • Stres Etki Eşiği
A18: • Kur Sapması Risk Eşiği
A19: • İyimser Senaryo Kur Şoku Oranı
A20: • Tornado Kur ve Pozisyon Etkisi Oranları
A21: • Tahmin Çarpanı (standart sapma katı)
A22: • Kalite Skoru İyi ve Orta Eşikleri
A23: • P90 Yüzdelik Oranı
... A26: Bu dosya tamamen çevrimdışı çalışır; verileriniz cihazınızdan çıkmaz. Makro ve dış bağlantı yoktur.
