Workbook

Sheet KAPAK
A1: KAPAK — Ortaklar Cari & Kasa Adat Faiz Faturası Hesaplayıcı
A3: Ortaklar Cari & Kasa Adat Faiz Faturası Hesaplayıcı
A4: Ortak cari hareketlerini ve kasa bakiyelerini girin; adat üzerinden dönem faizini, fatura tutarını ve örtülü sermaye riskini otomatik hesaplayın.
A6: Bu ürün ne sağlar?
A7: • Ortak cari tablosunda her işlemden sonra kümülatif bakiye ve adat
A8: • Gün bazlı adat faizi ve dönem sonu faiz faturası tutarı
A9: • Kasa gün sonu bakiyeleri üzerinden ayrı adat ve faiz hesabı
A10: • Ortak cari bakiyesinin örtülü sermaye/KKEG eşiğini aşıp aşmadığı
A11: • Faiz oranı ve vade duyarlılığı, senaryo karşılaştırması ve tahmin bandı
A14: Kimler için?
A15: • Ortaklarıyla cari hesap işleyen limited ve anonim şirketler
A16: • Kasa bakiyelerini dönem sonu adat ile hesaplayan mali müşavirler
... A21: Sürüm 1.0.0 | 2026 | ExcelArşiv | Lisans: Tek kullanıcı

Sheet HIZLI_BASLANGIC
A1: HIZLI BASLANGIC — Ortaklar Cari & Kasa Adat Faiz Faturası Hesaplayıcı
A3: Nasıl kullanılır?
A5: Adım 1 — Ortak cari işlemlerini girin | B5: ORTAK_CARI sayfasındaki sarı hücrelere işlem tarihi, ortak adı, işlem türü (Alacak/Borç) ve tutarı girin. Bakiye, gün sayısı ve adat otomatik hesaplanır.
A6: Adım 2 — Kasa bakiyelerini girin | B6: KASA_ADAT sayfasındaki sarı hücrelere dönem içindeki gün sonu kasa bakiyelerini girin.
A7: Adım 3 — Faiz oranını kontrol edin | B7: AYARLAR sayfasındaki yıllık adat faiz oranını dönem için uygulanan emsal orana göre güncelleyin.
A8: Adım 4 — Fatura tutarı ve karar | B8: HESAP ve KARAR sayfaları dönem faizini, fatura tutarını ve UYGUN/İNCELE/DURDUR kararını üretir.
A11: Sık yapılan hatalar
A12: • İşlem türünü Alacak/Borç olarak işaretlememek (bakiye yönü bozulur)
A13: • Faiz oranını dönemin emsal oranına göre güncellememek
A14: • Kasa bakiyesini dönem içinde hiç kaydetmemek (adat sıfır kalır)
A15: Bu dosya karar destek aracıdır; faiz faturası düzenlemeden önce mali müşavirinizle mutabakat sağlayın.

Sheet ORTAK_CARI
A1: ORTAK CARI — Ortaklar Cari & Kasa Adat Faiz Faturası Hesaplayıcı
A3: Ortak Cari Hesabı
A4: Sarı hücrelere işlem girin; kayıtları ortak bazında gruplu ve tarih sıralı tutun. Bakiye ortak adı değişince yeniden başlar; adat otomatik hesaplanır.
A5: Tarih | B5: Ortak Adı | C5: İşlem Türü | D5: Tutar (₺) | E5: İşaretli Tutar | F5: Bakiye (₺) | G5: Gün Sayısı | H5: Adat (₺·gün) | I5: Faiz (₺) | J5: Açıklama
A6: 46027 | B6: Ahmet Yılmaz | C6: Alacak | D6: 500000 | E6: =IF($A6="","",IF($C6="Borç",-$D6,$D6)) -> 500000 | F6: =IF($A6="","",IFERROR(IF(INDEX(tblOrtak[Ortak Adı],ROW($A6)-ROW(tblOrtak[[#Headers],[Tarih]])-1)=$B6,INDEX(tblOrtak[Bakiye (₺)],ROW($A6)-ROW(tblOrtak[[#Headers],[Tarih]])-1)+$E6,$E6),$E6)) -> 500000 | G6: =IF($A6="","",IFERROR(IF(INDEX(tblOrtak[Tarih],ROW($A6)-ROW(tblOrtak[[#Headers],[Tarih]])+1)=0,RaporTarihi,INDEX(tblOrtak[Tarih],ROW($A6)-ROW(tblOrtak[[#Headers],[Tarih]])+1))-$A6,RaporTarihi-$A6)) -> 7 | H6: =IF($F6="",0,ROUND($F6*$G6,0)) -> 3500000 | I6: =IF($H6="",0,ROUND($H6*AdatFaizOran/AdatYilGunSayisi,2)) -> 18.22 | J6: Sermaye katkısı
A7: 46034 | B7: Ayşe Demir | C7: Alacak | D7: 300000 | E7: =IF($A7="","",IF($C7="Borç",-$D7,$D7)) -> 300000 | F7: =IF($A7="","",IFERROR(IF(INDEX(tblOrtak[Ortak Adı],ROW($A7)-ROW(tblOrtak[[#Headers],[Tarih]])-1)=$B7,INDEX(tblOrtak[Bakiye (₺)],ROW($A7)-ROW(tblOrtak[[#Headers],[Tarih]])-1)+$E7,$E7),$E7)) -> 300000 | G7: =IF($A7="","",IFERROR(IF(INDEX(tblOrtak[Tarih],ROW($A7)-ROW(tblOrtak[[#Headers],[Tarih]])+1)=0,RaporTarihi,INDEX(tblOrtak[Tarih],ROW($A7)-ROW(tblOrtak[[#Headers],[Tarih]])+1))-$A7,RaporTarihi-$A7)) -> 22 | H7: =IF($F7="",0,ROUND($F7*$G7,0)) -> 6600000 | I7: =IF($H7="",0,ROUND($H7*AdatFaizOran/AdatYilGunSayisi,2)) -> 34.36 | J7: Sermaye katkısı
A8: 46056 | B8: Ahmet Yılmaz | C8: Borç | D8: 100000 | E8: =IF($A8="","",IF($C8="Borç",-$D8,$D8)) -> -100000 | F8: =IF($A8="","",IFERROR(IF(INDEX(tblOrtak[Ortak Adı],ROW($A8)-ROW(tblOrtak[[#Headers],[Tarih]])-1)=$B8,INDEX(tblOrtak[Bakiye (₺)],ROW($A8)-ROW(tblOrtak[[#Headers],[Tarih]])-1)+$E8,$E8),$E8)) -> -100000 | G8: =IF($A8="","",IFERROR(IF(INDEX(tblOrtak[Tarih],ROW($A8)-ROW(tblOrtak[[#Headers],[Tarih]])+1)=0,RaporTarihi,INDEX(tblOrtak[Tarih],ROW($A8)-ROW(tblOrtak[[#Headers],[Tarih]])+1))-$A8,RaporTarihi-$A8)) -> 15 | H8: =IF($F8="",0,ROUND($F8*$G8,0)) -> -1500000 | I8: =IF($H8="",0,ROUND($H8*AdatFaizOran/AdatYilGunSayisi,2)) -> -7.81 | J8: Avans çekişi
A9: 46071 | B9: Mehmet Kaya | C9: Alacak | D9: 200000 | E9: =IF($A9="","",IF($C9="Borç",-$D9,$D9)) -> 200000 | F9: =IF($A9="","",IFERROR(IF(INDEX(tblOrtak[Ortak Adı],ROW($A9)-ROW(tblOrtak[[#Headers],[Tarih]])-1)=$B9,INDEX(tblOrtak[Bakiye (₺)],ROW($A9)-ROW(tblOrtak[[#Headers],[Tarih]])-1)+$E9,$E9),$E9)) -> 200000 | G9: =IF($A9="","",IFERROR(IF(INDEX(tblOrtak[Tarih],ROW($A9)-ROW(tblOrtak[[#Headers],[Tarih]])+1)=0,RaporTarihi,INDEX(tblOrtak[Tarih],ROW($A9)-ROW(tblOrtak[[#Headers],[Tarih]])+1))-$A9,RaporTarihi-$A9)) -> 17 | H9: =IF($F9="",0,ROUND($F9*$G9,0)) -> 3400000 | I9: =IF($H9="",0,ROUND($H9*AdatFaizOran/AdatYilGunSayisi,2)) -> 17.7 | J9: Ortak katkısı
A10: 46088 | B10: Ayşe Demir | C10: Borç | D10: 50000 | E10: =IF($A10="","",IF($C10="Borç",-$D10,$D10)) -> -50000 | F10: =IF($A10="","",IFERROR(IF(INDEX(tblOrtak[Ortak Adı],ROW($A10)-ROW(tblOrtak[[#Headers],[Tarih]])-1)=$B10,INDEX(tblOrtak[Bakiye (₺)],ROW($A10)-ROW(tblOrtak[[#Headers],[Tarih]])-1)+$E10,$E10),$E10)) -> -50000 | G10: =IF($A10="","",IFERROR(IF(INDEX(tblOrtak[Tarih],ROW($A10)-ROW(tblOrtak[[#Headers],[Tarih]])+1)=0,RaporTarihi,INDEX(tblOrtak[Tarih],ROW($A10)-ROW(tblOrtak[[#Headers],[Tarih]])+1))-$A10,RaporTarihi-$A10)) -> 14 | H10: =IF($F10="",0,ROUND($F10*$G10,0)) -> -700000 | I10: =IF($H10="",0,ROUND($H10*AdatFaizOran/AdatYilGunSayisi,2)) -> -3.64 | J10: Avans çekişi
A11: 46102 | B11: Ahmet Yılmaz | C11: Alacak | D11: 150000 | E11: =IF($A11="","",IF($C11="Borç",-$D11,$D11)) -> 150000 | F11: =IF($A11="","",IFERROR(IF(INDEX(tblOrtak[Ortak Adı],ROW($A11)-ROW(tblOrtak[[#Headers],[Tarih]])-1)=$B11,INDEX(tblOrtak[Bakiye (₺)],ROW($A11)-ROW(tblOrtak[[#Headers],[Tarih]])-1)+$E11,$E11),$E11)) -> 150000 | G11: =IF($A11="","",IFERROR(IF(INDEX(tblOrtak[Tarih],ROW($A11)-ROW(tblOrtak[[#Headers],[Tarih]])+1)=0,RaporTarihi,INDEX(tblOrtak[Tarih],ROW($A11)-ROW(tblOrtak[[#Headers],[Tarih]])+1))-$A11,RaporTarihi-$A11)) -> 140 | H11: =IF($F11="",0,ROUND($F11*$G11,0)) -> 21000000 | I11: =IF($H11="",0,ROUND($H11*AdatFaizOran/AdatYilGunSayisi,2)) -> 109.32 | J11: Ortak katkısı
E12: =IF($A12="","",IF($C12="Borç",-$D12,$D12)) | F12: =IF($A12="","",IFERROR(IF(INDEX(tblOrtak[Ortak Adı],ROW($A12)-ROW(tblOrtak[[#Headers],[Tarih]])-1)=$B12,INDEX(tblOrtak[Bakiye (₺)],ROW($A12)-ROW(tblOrtak[[#Headers],[Tarih]])-1)+$E12,$E12),$E12)) | G12: =IF($A12="","",IFERROR(IF(INDEX(tblOrtak[Tarih],ROW($A12)-ROW(tblOrtak[[#Headers],[Tarih]])+1)=0,RaporTarihi,INDEX(tblOrtak[Tarih],ROW($A12)-ROW(tblOrtak[[#Headers],[Tarih]])+1))-$A12,RaporTarihi-$A12)) | H12: =IF($F12="",0,ROUND($F12*$G12,0)) -> 0 | I12: =IF($H12="",0,ROUND($H12*AdatFaizOran/AdatYilGunSayisi,2)) -> 0
E13: =IF($A13="","",IF($C13="Borç",-$D13,$D13)) | F13: =IF($A13="","",IFERROR(IF(INDEX(tblOrtak[Ortak Adı],ROW($A13)-ROW(tblOrtak[[#Headers],[Tarih]])-1)=$B13,INDEX(tblOrtak[Bakiye (₺)],ROW($A13)-ROW(tblOrtak[[#Headers],[Tarih]])-1)+$E13,$E13),$E13)) | G13: =IF($A13="","",IFERROR(IF(INDEX(tblOrtak[Tarih],ROW($A13)-ROW(tblOrtak[[#Headers],[Tarih]])+1)=0,RaporTarihi,INDEX(tblOrtak[Tarih],ROW($A13)-ROW(tblOrtak[[#Headers],[Tarih]])+1))-$A13,RaporTarihi-$A13)) | H13: =IF($F13="",0,ROUND($F13*$G13,0)) -> 0 | I13: =IF($H13="",0,ROUND($H13*AdatFaizOran/AdatYilGunSayisi,2)) -> 0
E14: =IF($A14="","",IF($C14="Borç",-$D14,$D14)) | F14: =IF($A14="","",IFERROR(IF(INDEX(tblOrtak[Ortak Adı],ROW($A14)-ROW(tblOrtak[[#Headers],[Tarih]])-1)=$B14,INDEX(tblOrtak[Bakiye (₺)],ROW($A14)-ROW(tblOrtak[[#Headers],[Tarih]])-1)+$E14,$E14),$E14)) | G14: =IF($A14="","",IFERROR(IF(INDEX(tblOrtak[Tarih],ROW($A14)-ROW(tblOrtak[[#Headers],[Tarih]])+1)=0,RaporTarihi,INDEX(tblOrtak[Tarih],ROW($A14)-ROW(tblOrtak[[#Headers],[Tarih]])+1))-$A14,RaporTarihi-$A14)) | H14: =IF($F14="",0,ROUND($F14*$G14,0)) -> 0 | I14: =IF($H14="",0,ROUND($H14*AdatFaizOran/AdatYilGunSayisi,2)) -> 0
E15: =IF($A15="","",IF($C15="Borç",-$D15,$D15)) | F15: =IF($A15="","",IFERROR(IF(INDEX(tblOrtak[Ortak Adı],ROW($A15)-ROW(tblOrtak[[#Headers],[Tarih]])-1)=$B15,INDEX(tblOrtak[Bakiye (₺)],ROW($A15)-ROW(tblOrtak[[#Headers],[Tarih]])-1)+$E15,$E15),$E15)) | G15: =IF($A15="","",IFERROR(IF(INDEX(tblOrtak[Tarih],ROW($A15)-ROW(tblOrtak[[#Headers],[Tarih]])+1)=0,RaporTarihi,INDEX(tblOrtak[Tarih],ROW($A15)-ROW(tblOrtak[[#Headers],[Tarih]])+1))-$A15,RaporTarihi-$A15)) | H15: =IF($F15="",0,ROUND($F15*$G15,0)) -> 0 | I15: =IF($H15="",0,ROUND($H15*AdatFaizOran/AdatYilGunSayisi,2)) -> 0
E16: =IF($A16="","",IF($C16="Borç",-$D16,$D16)) | F16: =IF($A16="","",IFERROR(IF(INDEX(tblOrtak[Ortak Adı],ROW($A16)-ROW(tblOrtak[[#Headers],[Tarih]])-1)=$B16,INDEX(tblOrtak[Bakiye (₺)],ROW($A16)-ROW(tblOrtak[[#Headers],[Tarih]])-1)+$E16,$E16),$E16)) | G16: =IF($A16="","",IFERROR(IF(INDEX(tblOrtak[Tarih],ROW($A16)-ROW(tblOrtak[[#Headers],[Tarih]])+1)=0,RaporTarihi,INDEX(tblOrtak[Tarih],ROW($A16)-ROW(tblOrtak[[#Headers],[Tarih]])+1))-$A16,RaporTarihi-$A16)) | H16: =IF($F16="",0,ROUND($F16*$G16,0)) -> 0 | I16: =IF($H16="",0,ROUND($H16*AdatFaizOran/AdatYilGunSayisi,2)) -> 0
E17: =IF($A17="","",IF($C17="Borç",-$D17,$D17)) | F17: =IF($A17="","",IFERROR(IF(INDEX(tblOrtak[Ortak Adı],ROW($A17)-ROW(tblOrtak[[#Headers],[Tarih]])-1)=$B17,INDEX(tblOrtak[Bakiye (₺)],ROW($A17)-ROW(tblOrtak[[#Headers],[Tarih]])-1)+$E17,$E17),$E17)) | G17: =IF($A17="","",IFERROR(IF(INDEX(tblOrtak[Tarih],ROW($A17)-ROW(tblOrtak[[#Headers],[Tarih]])+1)=0,RaporTarihi,INDEX(tblOrtak[Tarih],ROW($A17)-ROW(tblOrtak[[#Headers],[Tarih]])+1))-$A17,RaporTarihi-$A17)) | H17: =IF($F17="",0,ROUND($F17*$G17,0)) -> 0 | I17: =IF($H17="",0,ROUND($H17*AdatFaizOran/AdatYilGunSayisi,2)) -> 0
E18: =IF($A18="","",IF($C18="Borç",-$D18,$D18)) | F18: =IF($A18="","",IFERROR(IF(INDEX(tblOrtak[Ortak Adı],ROW($A18)-ROW(tblOrtak[[#Headers],[Tarih]])-1)=$B18,INDEX(tblOrtak[Bakiye (₺)],ROW($A18)-ROW(tblOrtak[[#Headers],[Tarih]])-1)+$E18,$E18),$E18)) | G18: =IF($A18="","",IFERROR(IF(INDEX(tblOrtak[Tarih],ROW($A18)-ROW(tblOrtak[[#Headers],[Tarih]])+1)=0,RaporTarihi,INDEX(tblOrtak[Tarih],ROW($A18)-ROW(tblOrtak[[#Headers],[Tarih]])+1))-$A18,RaporTarihi-$A18)) | H18: =IF($F18="",0,ROUND($F18*$G18,0)) -> 0 | I18: =IF($H18="",0,ROUND($H18*AdatFaizOran/AdatYilGunSayisi,2)) -> 0
E19: =IF($A19="","",IF($C19="Borç",-$D19,$D19)) | F19: =IF($A19="","",IFERROR(IF(INDEX(tblOrtak[Ortak Adı],ROW($A19)-ROW(tblOrtak[[#Headers],[Tarih]])-1)=$B19,INDEX(tblOrtak[Bakiye (₺)],ROW($A19)-ROW(tblOrtak[[#Headers],[Tarih]])-1)+$E19,$E19),$E19)) | G19: =IF($A19="","",IFERROR(IF(INDEX(tblOrtak[Tarih],ROW($A19)-ROW(tblOrtak[[#Headers],[Tarih]])+1)=0,RaporTarihi,INDEX(tblOrtak[Tarih],ROW($A19)-ROW(tblOrtak[[#Headers],[Tarih]])+1))-$A19,RaporTarihi-$A19)) | H19: =IF($F19="",0,ROUND($F19*$G19,0)) -> 0 | I19: =IF($H19="",0,ROUND($H19*AdatFaizOran/AdatYilGunSayisi,2)) -> 0
E20: =IF($A20="","",IF($C20="Borç",-$D20,$D20)) | F20: =IF($A20="","",IFERROR(IF(INDEX(tblOrtak[Ortak Adı],ROW($A20)-ROW(tblOrtak[[#Headers],[Tarih]])-1)=$B20,INDEX(tblOrtak[Bakiye (₺)],ROW($A20)-ROW(tblOrtak[[#Headers],[Tarih]])-1)+$E20,$E20),$E20)) | G20: =IF($A20="","",IFERROR(IF(INDEX(tblOrtak[Tarih],ROW($A20)-ROW(tblOrtak[[#Headers],[Tarih]])+1)=0,RaporTarihi,INDEX(tblOrtak[Tarih],ROW($A20)-ROW(tblOrtak[[#Headers],[Tarih]])+1))-$A20,RaporTarihi-$A20)) | H20: =IF($F20="",0,ROUND($F20*$G20,0)) -> 0 | I20: =IF($H20="",0,ROUND($H20*AdatFaizOran/AdatYilGunSayisi,2)) -> 0
E21: =IF($A21="","",IF($C21="Borç",-$D21,$D21)) | F21: =IF($A21="","",IFERROR(IF(INDEX(tblOrtak[Ortak Adı],ROW($A21)-ROW(tblOrtak[[#Headers],[Tarih]])-1)=$B21,INDEX(tblOrtak[Bakiye (₺)],ROW($A21)-ROW(tblOrtak[[#Headers],[Tarih]])-1)+$E21,$E21),$E21)) | G21: =IF($A21="","",IFERROR(IF(INDEX(tblOrtak[Tarih],ROW($A21)-ROW(tblOrtak[[#Headers],[Tarih]])+1)=0,RaporTarihi,INDEX(tblOrtak[Tarih],ROW($A21)-ROW(tblOrtak[[#Headers],[Tarih]])+1))-$A21,RaporTarihi-$A21)) | H21: =IF($F21="",0,ROUND($F21*$G21,0)) -> 0 | I21: =IF($H21="",0,ROUND($H21*AdatFaizOran/AdatYilGunSayisi,2)) -> 0
E22: =IF($A22="","",IF($C22="Borç",-$D22,$D22)) | F22: =IF($A22="","",IFERROR(IF(INDEX(tblOrtak[Ortak Adı],ROW($A22)-ROW(tblOrtak[[#Headers],[Tarih]])-1)=$B22,INDEX(tblOrtak[Bakiye (₺)],ROW($A22)-ROW(tblOrtak[[#Headers],[Tarih]])-1)+$E22,$E22),$E22)) | G22: =IF($A22="","",IFERROR(IF(INDEX(tblOrtak[Tarih],ROW($A22)-ROW(tblOrtak[[#Headers],[Tarih]])+1)=0,RaporTarihi,INDEX(tblOrtak[Tarih],ROW($A22)-ROW(tblOrtak[[#Headers],[Tarih]])+1))-$A22,RaporTarihi-$A22)) | H22: =IF($F22="",0,ROUND($F22*$G22,0)) -> 0 | I22: =IF($H22="",0,ROUND($H22*AdatFaizOran/AdatYilGunSayisi,2)) -> 0
E23: =IF($A23="","",IF($C23="Borç",-$D23,$D23)) | F23: =IF($A23="","",IFERROR(IF(INDEX(tblOrtak[Ortak Adı],ROW($A23)-ROW(tblOrtak[[#Headers],[Tarih]])-1)=$B23,INDEX(tblOrtak[Bakiye (₺)],ROW($A23)-ROW(tblOrtak[[#Headers],[Tarih]])-1)+$E23,$E23),$E23)) | G23: =IF($A23="","",IFERROR(IF(INDEX(tblOrtak[Tarih],ROW($A23)-ROW(tblOrtak[[#Headers],[Tarih]])+1)=0,RaporTarihi,INDEX(tblOrtak[Tarih],ROW($A23)-ROW(tblOrtak[[#Headers],[Tarih]])+1))-$A23,RaporTarihi-$A23)) | H23: =IF($F23="",0,ROUND($F23*$G23,0)) -> 0 | I23: =IF($H23="",0,ROUND($H23*AdatFaizOran/AdatYilGunSayisi,2)) -> 0
... E1004: =IF($A1004="","",IF($C1004="Borç",-$D1004,$D1004)) | F1004: =IF($A1004="","",IFERROR(IF(INDEX(tblOrtak[Ortak Adı],ROW($A1004)-ROW(tblOrtak[[#Headers],[Tarih]])-1)=$B1004,INDEX(tblOrtak[Bakiye (₺)],ROW($A1004)-ROW(tblOrtak[[#Headers],[Tarih]])-1)+$E1004,$E1004),$E1004)) | G1004: =IF($A1004="","",IFERROR(IF(INDEX(tblOrtak[Tarih],ROW($A1004)-ROW(tblOrtak[[#Headers],[Tarih]])+1)=0,RaporTarihi,INDEX(tblOrtak[Tarih],ROW($A1004)-ROW(tblOrtak[[#Headers],[Tarih]])+1))-$A1004,RaporTarihi-$A1004)) | H1004: =IF($F1004="",0,ROUND($F1004*$G1004,0)) -> 0 | I1004: =IF($H1004="",0,ROUND($H1004*AdatFaizOran/AdatYilGunSayisi,2)) -> 0
A1006: Sarı hücreler manuel giriştir; formül hücreleri kilitli ve korumalıdır.

Sheet KASA_ADAT
A1: KASA ADAT — Ortaklar Cari & Kasa Adat Faiz Faturası Hesaplayıcı
A3: Kasa Adat Hesabı
A4: Sarı hücrelere dönem içindeki gün sonu kasa bakiyelerini girin. Adat ve faiz payı otomatik hesaplanır.
A5: Tarih | B5: Açıklama | C5: Gün Sonu Bakiye (₺) | D5: Gün Sayısı | E5: Adat (₺·gün) | F5: Not
A6: 46053 | B6: Ocak sonu kasa | C6: 85000 | D6: =IF($A6="","",IFERROR(IF(INDEX(tblKasa[Tarih],ROW($A6)-ROW(tblKasa[[#Headers],[Tarih]])+1)=0,RaporTarihi,INDEX(tblKasa[Tarih],ROW($A6)-ROW(tblKasa[[#Headers],[Tarih]])+1))-$A6,RaporTarihi-$A6)) -> 28 | E6: =IF($C6="",0,ROUND($C6*$D6,0)) -> 2380000 | F6: Dönem sonu
A7: 46081 | B7: Şubat sonu kasa | C7: 120000 | D7: =IF($A7="","",IFERROR(IF(INDEX(tblKasa[Tarih],ROW($A7)-ROW(tblKasa[[#Headers],[Tarih]])+1)=0,RaporTarihi,INDEX(tblKasa[Tarih],ROW($A7)-ROW(tblKasa[[#Headers],[Tarih]])+1))-$A7,RaporTarihi-$A7)) -> 31 | E7: =IF($C7="",0,ROUND($C7*$D7,0)) -> 3720000 | F7: Dönem sonu
A8: 46112 | B8: Mart sonu kasa | C8: 95000 | D8: =IF($A8="","",IFERROR(IF(INDEX(tblKasa[Tarih],ROW($A8)-ROW(tblKasa[[#Headers],[Tarih]])+1)=0,RaporTarihi,INDEX(tblKasa[Tarih],ROW($A8)-ROW(tblKasa[[#Headers],[Tarih]])+1))-$A8,RaporTarihi-$A8)) -> 30 | E8: =IF($C8="",0,ROUND($C8*$D8,0)) -> 2850000 | F8: Dönem sonu
A9: 46142 | B9: Nisan sonu kasa | C9: 140000 | D9: =IF($A9="","",IFERROR(IF(INDEX(tblKasa[Tarih],ROW($A9)-ROW(tblKasa[[#Headers],[Tarih]])+1)=0,RaporTarihi,INDEX(tblKasa[Tarih],ROW($A9)-ROW(tblKasa[[#Headers],[Tarih]])+1))-$A9,RaporTarihi-$A9)) -> 31 | E9: =IF($C9="",0,ROUND($C9*$D9,0)) -> 4340000 | F9: Dönem sonu
A10: 46173 | B10: Mayıs sonu kasa | C10: 110000 | D10: =IF($A10="","",IFERROR(IF(INDEX(tblKasa[Tarih],ROW($A10)-ROW(tblKasa[[#Headers],[Tarih]])+1)=0,RaporTarihi,INDEX(tblKasa[Tarih],ROW($A10)-ROW(tblKasa[[#Headers],[Tarih]])+1))-$A10,RaporTarihi-$A10)) -> 30 | E10: =IF($C10="",0,ROUND($C10*$D10,0)) -> 3300000 | F10: Dönem sonu
A11: 46203 | B11: Haziran sonu kasa | C11: 160000 | D11: =IF($A11="","",IFERROR(IF(INDEX(tblKasa[Tarih],ROW($A11)-ROW(tblKasa[[#Headers],[Tarih]])+1)=0,RaporTarihi,INDEX(tblKasa[Tarih],ROW($A11)-ROW(tblKasa[[#Headers],[Tarih]])+1))-$A11,RaporTarihi-$A11)) -> 39 | E11: =IF($C11="",0,ROUND($C11*$D11,0)) -> 6240000 | F11: Dönem sonu
D12: =IF($A12="","",IFERROR(IF(INDEX(tblKasa[Tarih],ROW($A12)-ROW(tblKasa[[#Headers],[Tarih]])+1)=0,RaporTarihi,INDEX(tblKasa[Tarih],ROW($A12)-ROW(tblKasa[[#Headers],[Tarih]])+1))-$A12,RaporTarihi-$A12)) | E12: =IF($C12="",0,ROUND($C12*$D12,0)) -> 0
D13: =IF($A13="","",IFERROR(IF(INDEX(tblKasa[Tarih],ROW($A13)-ROW(tblKasa[[#Headers],[Tarih]])+1)=0,RaporTarihi,INDEX(tblKasa[Tarih],ROW($A13)-ROW(tblKasa[[#Headers],[Tarih]])+1))-$A13,RaporTarihi-$A13)) | E13: =IF($C13="",0,ROUND($C13*$D13,0)) -> 0
D14: =IF($A14="","",IFERROR(IF(INDEX(tblKasa[Tarih],ROW($A14)-ROW(tblKasa[[#Headers],[Tarih]])+1)=0,RaporTarihi,INDEX(tblKasa[Tarih],ROW($A14)-ROW(tblKasa[[#Headers],[Tarih]])+1))-$A14,RaporTarihi-$A14)) | E14: =IF($C14="",0,ROUND($C14*$D14,0)) -> 0
D15: =IF($A15="","",IFERROR(IF(INDEX(tblKasa[Tarih],ROW($A15)-ROW(tblKasa[[#Headers],[Tarih]])+1)=0,RaporTarihi,INDEX(tblKasa[Tarih],ROW($A15)-ROW(tblKasa[[#Headers],[Tarih]])+1))-$A15,RaporTarihi-$A15)) | E15: =IF($C15="",0,ROUND($C15*$D15,0)) -> 0
D16: =IF($A16="","",IFERROR(IF(INDEX(tblKasa[Tarih],ROW($A16)-ROW(tblKasa[[#Headers],[Tarih]])+1)=0,RaporTarihi,INDEX(tblKasa[Tarih],ROW($A16)-ROW(tblKasa[[#Headers],[Tarih]])+1))-$A16,RaporTarihi-$A16)) | E16: =IF($C16="",0,ROUND($C16*$D16,0)) -> 0
D17: =IF($A17="","",IFERROR(IF(INDEX(tblKasa[Tarih],ROW($A17)-ROW(tblKasa[[#Headers],[Tarih]])+1)=0,RaporTarihi,INDEX(tblKasa[Tarih],ROW($A17)-ROW(tblKasa[[#Headers],[Tarih]])+1))-$A17,RaporTarihi-$A17)) | E17: =IF($C17="",0,ROUND($C17*$D17,0)) -> 0
D18: =IF($A18="","",IFERROR(IF(INDEX(tblKasa[Tarih],ROW($A18)-ROW(tblKasa[[#Headers],[Tarih]])+1)=0,RaporTarihi,INDEX(tblKasa[Tarih],ROW($A18)-ROW(tblKasa[[#Headers],[Tarih]])+1))-$A18,RaporTarihi-$A18)) | E18: =IF($C18="",0,ROUND($C18*$D18,0)) -> 0
D19: =IF($A19="","",IFERROR(IF(INDEX(tblKasa[Tarih],ROW($A19)-ROW(tblKasa[[#Headers],[Tarih]])+1)=0,RaporTarihi,INDEX(tblKasa[Tarih],ROW($A19)-ROW(tblKasa[[#Headers],[Tarih]])+1))-$A19,RaporTarihi-$A19)) | E19: =IF($C19="",0,ROUND($C19*$D19,0)) -> 0
D20: =IF($A20="","",IFERROR(IF(INDEX(tblKasa[Tarih],ROW($A20)-ROW(tblKasa[[#Headers],[Tarih]])+1)=0,RaporTarihi,INDEX(tblKasa[Tarih],ROW($A20)-ROW(tblKasa[[#Headers],[Tarih]])+1))-$A20,RaporTarihi-$A20)) | E20: =IF($C20="",0,ROUND($C20*$D20,0)) -> 0
D21: =IF($A21="","",IFERROR(IF(INDEX(tblKasa[Tarih],ROW($A21)-ROW(tblKasa[[#Headers],[Tarih]])+1)=0,RaporTarihi,INDEX(tblKasa[Tarih],ROW($A21)-ROW(tblKasa[[#Headers],[Tarih]])+1))-$A21,RaporTarihi-$A21)) | E21: =IF($C21="",0,ROUND($C21*$D21,0)) -> 0
D22: =IF($A22="","",IFERROR(IF(INDEX(tblKasa[Tarih],ROW($A22)-ROW(tblKasa[[#Headers],[Tarih]])+1)=0,RaporTarihi,INDEX(tblKasa[Tarih],ROW($A22)-ROW(tblKasa[[#Headers],[Tarih]])+1))-$A22,RaporTarihi-$A22)) | E22: =IF($C22="",0,ROUND($C22*$D22,0)) -> 0
D23: =IF($A23="","",IFERROR(IF(INDEX(tblKasa[Tarih],ROW($A23)-ROW(tblKasa[[#Headers],[Tarih]])+1)=0,RaporTarihi,INDEX(tblKasa[Tarih],ROW($A23)-ROW(tblKasa[[#Headers],[Tarih]])+1))-$A23,RaporTarihi-$A23)) | E23: =IF($C23="",0,ROUND($C23*$D23,0)) -> 0
... D1004: =IF($A1004="","",IFERROR(IF(INDEX(tblKasa[Tarih],ROW($A1004)-ROW(tblKasa[[#Headers],[Tarih]])+1)=0,RaporTarihi,INDEX(tblKasa[Tarih],ROW($A1004)-ROW(tblKasa[[#Headers],[Tarih]])+1))-$A1004,RaporTarihi-$A1004)) | E1004: =IF($C1004="",0,ROUND($C1004*$D1004,0)) -> 0
A1006: Sarı hücreler manuel giriştir; formül hücreleri kilitli ve korumalıdır.

Sheet HESAP
A1: HESAP — Ortaklar Cari & Kasa Adat Faiz Faturası Hesaplayıcı
A3: Adat ve Faiz Hesap Motoru
A4: Aşağıdaki özet, ortak cari ve kasa tablolarından otomatik beslenir; elle değiştirilmez.
A6: Ortak Bazında Özet
A7: Ortak | B7: Net Bakiye (₺) | C7: Toplam Adat (₺·gün) | D7: Faiz Payı (₺) | E7: Bakiye Payı
A8: =IF(LISTELER!A8="","",LISTELER!A8) -> Ayşe Demir | B8: =IF(A8="","",ROUND(SUMIFS(tblOrtak[İşaretli Tutar],tblOrtak[Ortak Adı],A8),2)) -> 250000 | C8: =IF(A8="","",ROUND(SUMIFS(tblOrtak[Adat (₺·gün)],tblOrtak[Ortak Adı],A8),0)) -> 5900000 | D8: =IF(A8="","",ROUND(C8*AdatFaizOran/AdatYilGunSayisi,2)) -> 30.71 | E8: =IF($C$18=0,0,IF(A8="","",C8/$C$18)) -> 0.6344086
A9: =IF(LISTELER!A9="","",LISTELER!A9) -> Mehmet Kaya | B9: =IF(A9="","",ROUND(SUMIFS(tblOrtak[İşaretli Tutar],tblOrtak[Ortak Adı],A9),2)) -> 200000 | C9: =IF(A9="","",ROUND(SUMIFS(tblOrtak[Adat (₺·gün)],tblOrtak[Ortak Adı],A9),0)) -> 3400000 | D9: =IF(A9="","",ROUND(C9*AdatFaizOran/AdatYilGunSayisi,2)) -> 17.7 | E9: =IF($C$18=0,0,IF(A9="","",C9/$C$18)) -> 0.3655914
A10: =IF(LISTELER!A10="","",LISTELER!A10) -> Zeynep Şahin | B10: =IF(A10="","",ROUND(SUMIFS(tblOrtak[İşaretli Tutar],tblOrtak[Ortak Adı],A10),2)) -> 0 | C10: =IF(A10="","",ROUND(SUMIFS(tblOrtak[Adat (₺·gün)],tblOrtak[Ortak Adı],A10),0)) -> 0 | D10: =IF(A10="","",ROUND(C10*AdatFaizOran/AdatYilGunSayisi,2)) -> 0 | E10: =IF($C$18=0,0,IF(A10="","",C10/$C$18)) -> 0
A11: =IF(LISTELER!A11="","",LISTELER!A11) -> Ali Öztürk | B11: =IF(A11="","",ROUND(SUMIFS(tblOrtak[İşaretli Tutar],tblOrtak[Ortak Adı],A11),2)) -> 0 | C11: =IF(A11="","",ROUND(SUMIFS(tblOrtak[Adat (₺·gün)],tblOrtak[Ortak Adı],A11),0)) -> 0 | D11: =IF(A11="","",ROUND(C11*AdatFaizOran/AdatYilGunSayisi,2)) -> 0 | E11: =IF($C$18=0,0,IF(A11="","",C11/$C$18)) -> 0
A12: =IF(LISTELER!A12="","",LISTELER!A12) -> Fatma Çelik | B12: =IF(A12="","",ROUND(SUMIFS(tblOrtak[İşaretli Tutar],tblOrtak[Ortak Adı],A12),2)) -> 0 | C12: =IF(A12="","",ROUND(SUMIFS(tblOrtak[Adat (₺·gün)],tblOrtak[Ortak Adı],A12),0)) -> 0 | D12: =IF(A12="","",ROUND(C12*AdatFaizOran/AdatYilGunSayisi,2)) -> 0 | E12: =IF($C$18=0,0,IF(A12="","",C12/$C$18)) -> 0
A13: =IF(LISTELER!A13="","",LISTELER!A13) -> Murat Aydın | B13: =IF(A13="","",ROUND(SUMIFS(tblOrtak[İşaretli Tutar],tblOrtak[Ortak Adı],A13),2)) -> 0 | C13: =IF(A13="","",ROUND(SUMIFS(tblOrtak[Adat (₺·gün)],tblOrtak[Ortak Adı],A13),0)) -> 0 | D13: =IF(A13="","",ROUND(C13*AdatFaizOran/AdatYilGunSayisi,2)) -> 0 | E13: =IF($C$18=0,0,IF(A13="","",C13/$C$18)) -> 0
A14: =IF(LISTELER!A14="","",LISTELER!A14) -> Elif Arslan | B14: =IF(A14="","",ROUND(SUMIFS(tblOrtak[İşaretli Tutar],tblOrtak[Ortak Adı],A14),2)) -> 0 | C14: =IF(A14="","",ROUND(SUMIFS(tblOrtak[Adat (₺·gün)],tblOrtak[Ortak Adı],A14),0)) -> 0 | D14: =IF(A14="","",ROUND(C14*AdatFaizOran/AdatYilGunSayisi,2)) -> 0 | E14: =IF($C$18=0,0,IF(A14="","",C14/$C$18)) -> 0
A15: =IF(LISTELER!A15="","",LISTELER!A15) -> Mustafa Kılıç | B15: =IF(A15="","",ROUND(SUMIFS(tblOrtak[İşaretli Tutar],tblOrtak[Ortak Adı],A15),2)) -> 0 | C15: =IF(A15="","",ROUND(SUMIFS(tblOrtak[Adat (₺·gün)],tblOrtak[Ortak Adı],A15),0)) -> 0 | D15: =IF(A15="","",ROUND(C15*AdatFaizOran/AdatYilGunSayisi,2)) -> 0 | E15: =IF($C$18=0,0,IF(A15="","",C15/$C$18)) -> 0
A16: =IF(LISTELER!A16="","",LISTELER!A16) -> Hüseyin Doğan | B16: =IF(A16="","",ROUND(SUMIFS(tblOrtak[İşaretli Tutar],tblOrtak[Ortak Adı],A16),2)) -> 0 | C16: =IF(A16="","",ROUND(SUMIFS(tblOrtak[Adat (₺·gün)],tblOrtak[Ortak Adı],A16),0)) -> 0 | D16: =IF(A16="","",ROUND(C16*AdatFaizOran/AdatYilGunSayisi,2)) -> 0 | E16: =IF($C$18=0,0,IF(A16="","",C16/$C$18)) -> 0
A17: =IF(LISTELER!A17="","",LISTELER!A17) | B17: =IF(A17="","",ROUND(SUMIFS(tblOrtak[İşaretli Tutar],tblOrtak[Ortak Adı],A17),2)) | C17: =IF(A17="","",ROUND(SUMIFS(tblOrtak[Adat (₺·gün)],tblOrtak[Ortak Adı],A17),0)) | D17: =IF(A17="","",ROUND(C17*AdatFaizOran/AdatYilGunSayisi,2)) | E17: =IF($C$18=0,0,IF(A17="","",C17/$C$18))
A18: TOPLAM | B18: =SUM(B8:B17) -> 450000 | C18: =SUM(C8:C17) -> 9300000 | D18: =SUM(D8:D17) -> 48.41 | E18: =SUM(E8:E17) -> 1
A20: Ortak Cari Net Bakiye | B20: =B18 -> 450000
A21: Ortak Cari Toplam Adat | B21: =C18 -> 9300000
A22: Ortak Cari Faiz Tutarı | B22: =D18 -> 48.41
A23: Kasa Toplam Adat | B23: =IFERROR(SUM(tblKasa[Adat (₺·gün)]),0) -> 22830000
A24: Kasa Adat Faiz Tutarı | B24: =ROUND(B23*AdatFaizOran/AdatYilGunSayisi,2) -> 118.84
A25: Brüt Faiz Tutarı | B25: =B22+B24 -> 167.25
A26: Fatura Tutarı (KDV Hariç) | B26: =ROUND(B25,2) -> 167.25
A27: Örtülü Sermaye Risk Bakiye | B27: =IF(B20<0,ROUND(-B20,2),0) -> 0
A28: Örtülü Sermaye Oranı | B28: =IF(AdatOzKaynak=0,0,B27/AdatOzKaynak) -> 0
A29: Ortalama Bakiye (Adat/Gün) | B29: =IF(B30=0,0,ROUND(C18/B30,2)) -> 43255.81
A30: Toplam Gün (Ortak Cari) | B30: =IFERROR(SUM(tblOrtak[Gün Sayısı]),0) -> 215
A32: Hesap satırları yalnızca ortak cari, kasa ve AYARLAR'daki orandan beslenir; korumalıdır.

Sheet ANALITIK_MOTOR
A1: ANALITIK MOTOR — Ortaklar Cari & Kasa Adat Faiz Faturası Hesaplayıcı
A3: ANALİTİK MOTOR — DERİNLİK KATMANI
A5: Kod | B5: Gösterge | C5: Değer | D5: Makine Yorumu
A6: T1 | B6: Dönem Bakiye Değişim Oranı | C6: =IFERROR(IF(INDEX(tblOrtak[Bakiye (₺)],COUNTA(tblOrtak[Ortak Adı]))=0,0,INDEX(tblOrtak[Bakiye (₺)],COUNTA(tblOrtak[Ortak Adı]))/HESAP!$B$8-1),0) -> -0.4 | D6: =_xlfn.TEXTJOIN("; ",TRUE(),"Dönem sonu net bakiye ",TEXT(INDEX(tblOrtak[Bakiye (₺)],COUNTA(tblOrtak[Ortak Adı])),"₺ #,##0")," TL — bakiyenin dönem boyunca yönü izlenir") -> Dönem sonu net bakiye ; ₺ 150000,000; TL — bakiyenin dönem boyunca yönü izlenir
A7: T2 | B7: Ortak Adat Trendi (Son 3 Kayıt Ortalaması) | C7: =IFERROR(AVERAGE(INDEX(tblOrtak[Adat (₺·gün)],MAX(1,COUNTA(tblOrtak[Ortak Adı])-2)):INDEX(tblOrtak[Adat (₺·gün)],COUNTA(tblOrtak[Ortak Adı]))),0) -> 7900000 | D7: =_xlfn.TEXTJOIN("; ",TRUE(),"Son üç işlemin ortalama adatı ",TEXT(C7,"₺ #,##0")," — trend adatın arttığını/azaldığını gösterir") -> Son üç işlemin ortalama adatı ; ₺ 7900000,000; — trend adatın arttığını/azaldığını gösterir
A8: T4 | B8: Kasa Ortalama Bakiye Farkı | C8: =IFERROR(HESAP!$B$23/MAX(1,COUNTA(tblKasa[Not]))-INDEX(tblKasa[Gün Sonu Bakiye (₺)],1),0) -> 3720000 | D8: =_xlfn.TEXTJOIN("; ",TRUE(),"Kasa ortalama bakiyesi ile ilk kayıt farkı ",TEXT(C8,"₺ #,##0")," — kasa seviyesindeki eğilimi gösterir") -> Kasa ortalama bakiyesi ile ilk kayıt farkı ; ₺ 3720000,000; — kasa seviyesindeki eğilimi gösterir
A9: O1 | B9: Ortak Adat Sapması (STDEV) | C9: =IFERROR(stdev.p(tblOrtak[Adat (₺·gün)]),0) -> 0 | D9: =_xlfn.TEXTJOIN("; ",TRUE(),"İşlem adatlarının standart sapması ",TEXT(C9,"₺ #,##0")," — sapma yüksekse işlem dengesi bozuktur") -> İşlem adatlarının standart sapması ; ₺ ,000; — sapma yüksekse işlem dengesi bozuktur
A10: O2 | B10: Tornado: En Büyük Etki | C10: =MAX(SENARYO_DUYARLILIK!B12:B13) -> 1.67 | D10: =_xlfn.TEXTJOIN("; ",TRUE(),"Faiz tutarını en çok etkileyen değişkenin etkisi ",TEXT(C10,"₺ #,##0")," TL — öncelik bu değişkenin izlenmesinde") -> Faiz tutarını en çok etkileyen değişkenin etkisi ; ₺ 1,670; TL — öncelik bu değişkenin izlenmesinde
A11: O3 | B11: Senaryo Bant Genişliği | C11: =SENARYO_DUYARLILIK!C7-SENARYO_DUYARLILIK!C9 -> 33.45 | D11: =_xlfn.TEXTJOIN("; ",TRUE(),"İyimser ile kötümser senaryo faiz farkı ",TEXT(C11,"₺ #,##0")," TL — belirsizlik aralığını gösterir") -> İyimser ile kötümser senaryo faiz farkı ; ₺ 33,450; TL — belirsizlik aralığını gösterir
A12: O6 | B12: Ortak Yoğunlaşması (HHI) | C12: =IFERROR(SUMPRODUCT((HESAP!$C$8:$C$17/SUM(HESAP!$C$8:$C$17))^2),0) -> 0 | D12: =_xlfn.TEXTJOIN("; ",TRUE(),"Ortak adat yoğunlaşma endeksi ",TEXT(C12,"0.000")," — 1 e yaklaştıkça adat tek ortakta toplanır") -> Ortak adat yoğunlaşma endeksi ; 0.000; — 1 e yaklaştıkça adat tek ortakta toplanır
A13: O8 | B13: Veri Kalite Skoru | C13: =KONTROLLER!B19 -> 75 | D13: =_xlfn.TEXTJOIN("; ",TRUE(),"Veri kalite skoru ",TEXT(C13,"0")," puan — ",IF(C13>=AdatKaliteIyi,"yüksek güven","veri girişi tamamlanmalı")) -> Veri kalite skoru ; 75; puan — ; veri girişi tamamlanmalı
A14: I1 | B14: Gelecek Dönem Faiz Tahmini | C14: =PANO!B24 -> 120000 | D14: =_xlfn.TEXTJOIN("; ",TRUE(),"Gelecek dönem faiz tutarı tahmini ",TEXT(C14,"₺ #,##0")," TL — güven bandı PANO sayfasındadır") -> Gelecek dönem faiz tutarı tahmini ; ₺ 120000,000; TL — güven bandı PANO sayfasındadır
A15: I2 | B15: Adat Yüzdelik P90 | C15: =IFERROR(_xlfn.PERCENTILE.INC(tblOrtak[Adat (₺·gün)],AdatP90Oran),0) -> 0 | D15: =_xlfn.TEXTJOIN("; ",TRUE(),"İşlem adatlarının %90 ı ",TEXT(C15,"₺ #,##0")," ₺·gün altında gerçekleşir — üst sınır risk planı içindir") -> İşlem adatlarının %90 ı ; ₺ ,000; ₺·gün altında gerçekleşir — üst sınır risk planı içindir

Sheet KONTROLLER
A1: KONTROLLER — Ortaklar Cari & Kasa Adat Faiz Faturası Hesaplayıcı
A3: Giriş Kalite Kontrolleri
A4: Aşağıdaki kontroller canlı formüllerle çalışır; sorun varsa uyarı üretir.
A6: Boş ortak adı var mı? | B6: =IF(COUNTBLANK(tblOrtak[Ortak Adı])=0,"TEMİZ","BOŞ VAR") -> BOŞ VAR
A7: Boş tutar var mı? | B7: =IF(COUNTBLANK(tblOrtak[Tutar (₺)])=0,"TEMİZ","BOŞ VAR") -> BOŞ VAR
A8: Negatif tutar var mı? | B8: =IF(COUNTIF(tblOrtak[Tutar (₺)],"<0")=0,"TEMİZ","NEGATİF VAR") -> TEMİZ
A9: İşlem türü dışı değer var mı? | B9: =IF(COUNTIF(tblOrtak[İşlem Türü],"Alacak")+COUNTIF(tblOrtak[İşlem Türü],"Borç")=COUNTA(tblOrtak[Ortak Adı]),"TEMİZ","GEÇERSİZ VAR") -> TEMİZ
A10: Kasa negatif bakiye var mı? | B10: =IF(COUNTIF(tblKasa[Gün Sonu Bakiye (₺)],"<0")=0,"TEMİZ","NEGATİF VAR") -> TEMİZ
A11: Net bakiye negatif mi? | B11: =IF(HESAP!B20<0,"RİSK","NORMAL") -> NORMAL
A12: Faiz tutarı eşiği aşılıyor mu? | B12: =IF(HESAP!B25>AdatFaizEsik,"AŞIYOR","NORMAL") -> NORMAL
A13: Örtülü sermaye oranı eşiği aşılıyor mu? | B13: =IF(HESAP!B28>AdatOzKaynakEsik,"AŞIYOR","NORMAL") -> NORMAL
A15: Veri Kalitesi Skoru (0-100)
A16: Boş ve geçersiz girişlerin oranına göre üretilen kalite skoru.
A17: Toplam Giriş Hücresi | B17: =(COUNTA(tblOrtak[Ortak Adı])+COUNTA(tblOrtak[Tutar (₺)]))+(COUNTA(tblKasa[Açıklama])+COUNTA(tblKasa[Gün Sonu Bakiye (₺)])) -> 24
A18: Dolu Giriş Hücresi | B18: =COUNTA(tblOrtak[Ortak Adı])+COUNTA(tblOrtak[Tutar (₺)])+COUNTA(tblKasa[Gün Sonu Bakiye (₺)]) -> 18
A19: Kalite Skoru | B19: =ROUND(IF(AdatToplamGiris=0,0,AdatDoluGiris/AdatToplamGiris*100),0) -> 75
A20: Kalite Seviyesi | B20: =IF(B19>=AdatKaliteIyi,"YÜKSEK",IF(B19>=AdatKaliteOrta,"ORTA","DÜŞÜK")) -> ORTA
A22: Kontroller yalnızca giriş verisini denetler; değerleri değiştirmez.

Sheet KARAR
A1: KARAR — Ortaklar Cari & Kasa Adat Faiz Faturası Hesaplayıcı
A3: Karar Kapısı — Cari/Adat Faiz Faturası
A4: Net bakiye, faiz tutarı ve örtülü sermaye oranına göre üretilen karar.
A6: Brüt Faiz Tutarı | B6: =HESAP!B25 -> 167.25
A7: Ortak Cari Net Bakiye | B7: =HESAP!B20 -> 450000
A8: Fatura Tutarı (KDV Hariç) | B8: =HESAP!B26 -> 167.25
A9: Örtülü Sermaye Oranı | B9: =HESAP!B28 -> 0
A11: KARAR | B11: =IF(COUNTA(tblOrtak[Ortak Adı])=0,"VERİ YOK",IF(COUNTIF(tblOrtak[Tutar (₺)],"<0")>0,"DURDUR",IF(COUNTIF(tblKasa[Gün Sonu Bakiye (₺)],"<0")>0,"DURDUR",IF(HESAP!B28>AdatOzKaynakEsik,"İNCELE",IF(HESAP!B25>AdatFaizEsik,"İNCELE","UYGUN"))))) -> UYGUN
A12: Gerekçe | B12: =IF(COUNTIF(tblOrtak[Tutar (₺)],"<0")>0,"Negatif tutar girişi tespit edildi; veriler mutlaka düzeltilmeli.",IF(COUNTIF(tblKasa[Gün Sonu Bakiye (₺)],"<0")>0,"Negatif kasa bakiyesi var; kasa kayıtları düzeltilmeli.",IF(HESAP!B28>AdatOzKaynakEsik,"Örtülü sermaye oranı eşiğin üzerinde; faizin KKEG riski var, mali müşavirle mutabakat şart.",IF(HESAP!B25>AdatFaizEsik,"Brüt faiz tutarı eşiğin üzerinde; fatura düzenlemeden önce belgeler doğrulanmalı.","Karar kapısı uygun: faiz tutarı ve risk göstergeleri hedef aralıkta.")))) -> Karar kapısı uygun: faiz tutarı ve risk göstergeleri hedef aralıkta.
A14: Önerilen Aksiyonlar
A15: Aksiyon 1 | B15: =AdatAksiyon1_ACIKLAMA -> Örtülü sermaye oranı eşikte ise ortak cari bakiyesini azaltın veya faiz oranını emsal ile mutabakatlandırın.
A16: Aksiyon 2 | B16: =AdatAksiyon2_ACIKLAMA -> Faiz tutarı eşiği aşılıyorsa fatura düzenlemeden önce belgeleri ve hesapları mali müşavirle doğrulayın.
A17: Aksiyon 3 | B17: =AdatAksiyon3_ACIKLAMA -> Kasa bakiyelerinin dönem boyunca eksiksiz kaydedildiğini doğrulayın; adat hesabı gün sonu bakiyelerine dayanır.
A19: Karar yalnızca giriş verisi ve AYARLAR'daki eşiklerden türetilir; faiz faturası düzenleme onayı değildir.

Sheet PANO
A1: PANO — Ortaklar Cari & Kasa Adat Faiz Faturası Hesaplayıcı
A3: Yönetim Paneli | B3: Brüt Faiz Tutarı | C3: Fatura Tutarı | D3: Ortak Cari Net Bakiye | E3: Örtülü Sermaye Oranı | F3: Kalite Skoru | G3: Kasa Adat Faizi
B4: =HESAP!B25 -> 167.25 | C4: =HESAP!B26 -> 167.25 | D4: =HESAP!B20 -> 450000 | E4: =HESAP!B28 -> 0 | F4: =KONTROLLER!B19 -> 75 | G4: =HESAP!B24 -> 118.84
A6: Karar | B6: =KARAR!B11 -> UYGUN | D6: Toplam Adat (Ortak) | E6: =HESAP!B21 -> 9300000
A10: Ortak Bazında Net Bakiye | E10: Ortak Adat Payı
A11: =HESAP!A8 -> Ayşe Demir | B11: =HESAP!B8 -> 250000 | C11: =HESAP!D8 -> 30.71 | E11: =HESAP!A8 -> Ayşe Demir | F11: =HESAP!E8 -> 0.6344086
A12: =HESAP!A9 -> Mehmet Kaya | B12: =HESAP!B9 -> 200000 | C12: =HESAP!D9 -> 17.7 | E12: =HESAP!A9 -> Mehmet Kaya | F12: =HESAP!E9 -> 0.3655914
A13: =HESAP!A10 -> Zeynep Şahin | B13: =HESAP!B10 -> 0 | C13: =HESAP!D10 -> 0 | E13: =HESAP!A10 -> Zeynep Şahin | F13: =HESAP!E10 -> 0
A14: =HESAP!A11 -> Ali Öztürk | B14: =HESAP!B11 -> 0 | C14: =HESAP!D11 -> 0 | E14: =HESAP!A11 -> Ali Öztürk | F14: =HESAP!E11 -> 0
A15: =HESAP!A12 -> Fatma Çelik | B15: =HESAP!B12 -> 0 | C15: =HESAP!D12 -> 0 | E15: =HESAP!A12 -> Fatma Çelik | F15: =HESAP!E12 -> 0
A16: =HESAP!A13 -> Murat Aydın | B16: =HESAP!B13 -> 0 | C16: =HESAP!D13 -> 0 | E16: =HESAP!A13 -> Murat Aydın | F16: =HESAP!E13 -> 0
A17: =HESAP!A14 -> Elif Arslan | B17: =HESAP!B14 -> 0 | C17: =HESAP!D14 -> 0 | E17: =HESAP!A14 -> Elif Arslan | F17: =HESAP!E14 -> 0
A18: =HESAP!A15 -> Mustafa Kılıç | B18: =HESAP!B15 -> 0 | C18: =HESAP!D15 -> 0 | E18: =HESAP!A15 -> Mustafa Kılıç | F18: =HESAP!E15 -> 0
A19: =HESAP!A16 -> Hüseyin Doğan | B19: =HESAP!B16 -> 0 | C19: =HESAP!D16 -> 0 | E19: =HESAP!A16 -> Hüseyin Doğan | F19: =HESAP!E16 -> 0
A20: =HESAP!A17 | B20: =HESAP!B17 | C20: =HESAP!D17 | E20: =HESAP!A17 | F20: =HESAP!E17
A22: Kasa Bakiye Trendi
A23: =IFERROR(INDEX(tblKasa[Açıklama],AdatPanelSatir1),"") -> Ocak sonu kasa | B23: =IFERROR(INDEX(tblKasa[Gün Sonu Bakiye (₺)],AdatPanelSatir1),0) -> 85000
A24: =IFERROR(INDEX(tblKasa[Açıklama],AdatPanelSatir2),"") -> Şubat sonu kasa | B24: =IFERROR(INDEX(tblKasa[Gün Sonu Bakiye (₺)],AdatPanelSatir2),0) -> 120000 | D24: Gelecek Dönem Faiz Tahmini (Tahmin Aralıklı) | E24: =ROUND(IFERROR(_xlfn.FORECAST.LINEAR(AdatPanelSatir12,tblOrtak[Faiz (₺)],ROW(tblOrtak[Faiz (₺)])-ROW(tblOrtak[[#Headers],[Tarih]])),0),0) -> 1
A25: =IFERROR(INDEX(tblKasa[Açıklama],AdatPanelSatir3),"") -> Mart sonu kasa | B25: =IFERROR(INDEX(tblKasa[Gün Sonu Bakiye (₺)],AdatPanelSatir3),0) -> 95000 | D25: Son N İşlem Ortalama Faiz | E25: =ROUND(IFERROR(AVERAGE(INDEX(tblOrtak[Faiz (₺)],AdatPanelSatir1):INDEX(tblOrtak[Faiz (₺)],AdatPanelSatir12)),0),0) -> 14
A26: =IFERROR(INDEX(tblKasa[Açıklama],AdatPanelSatir4),"") -> Nisan sonu kasa | B26: =IFERROR(INDEX(tblKasa[Gün Sonu Bakiye (₺)],AdatPanelSatir4),0) -> 140000 | D26: Son N İşlem Faiz Standart Sapma | E26: =ROUND(IFERROR(stdev.p(INDEX(tblOrtak[Faiz (₺)],AdatPanelSatir1):INDEX(tblOrtak[Faiz (₺)],AdatPanelSatir12)),0),0) -> 0
A27: =IFERROR(INDEX(tblKasa[Açıklama],AdatPanelSatir5),"") -> Mayıs sonu kasa | B27: =IFERROR(INDEX(tblKasa[Gün Sonu Bakiye (₺)],AdatPanelSatir5),0) -> 110000 | D27: Alt Tahmin Sınırı | E27: =E25-E26*AdatTahminCarpan -> 14
A28: =IFERROR(INDEX(tblKasa[Açıklama],AdatPanelSatir6),"") -> Haziran sonu kasa | B28: =IFERROR(INDEX(tblKasa[Gün Sonu Bakiye (₺)],AdatPanelSatir6),0) -> 160000 | D28: Üst Tahmin Sınırı | E28: =E25+E26*AdatTahminCarpan -> 14
A29: =IFERROR(INDEX(tblKasa[Açıklama],AdatPanelSatir7),"") -> 0 | B29: =IFERROR(INDEX(tblKasa[Gün Sonu Bakiye (₺)],AdatPanelSatir7),0) -> 0 | C29: Senaryo Brüt Faiz
A30: =IFERROR(INDEX(tblKasa[Açıklama],AdatPanelSatir8),"") -> 0 | B30: =IFERROR(INDEX(tblKasa[Gün Sonu Bakiye (₺)],AdatPanelSatir8),0) -> 0 | C30: =SENARYO_DUYARLILIK!C7 -> 183.98 | D30: İyimser
A31: =IFERROR(INDEX(tblKasa[Açıklama],AdatPanelSatir9),"") -> 0 | B31: =IFERROR(INDEX(tblKasa[Gün Sonu Bakiye (₺)],AdatPanelSatir9),0) -> 0 | C31: =SENARYO_DUYARLILIK!C8 -> 167.25 | D31: Baz
A32: =IFERROR(INDEX(tblKasa[Açıklama],AdatPanelSatir10),"") -> 0 | B32: =IFERROR(INDEX(tblKasa[Gün Sonu Bakiye (₺)],AdatPanelSatir10),0) -> 0 | C32: =SENARYO_DUYARLILIK!C9 -> 150.53 | D32: Kötümser
A34: Kasa Adat Payı (İlk 6 Kayıt)
A35: =IFERROR(INDEX(tblKasa[Açıklama],AdatPanelSatir1),"") -> Ocak sonu kasa | B35: =IFERROR(INDEX(tblKasa[Adat (₺·gün)],AdatPanelSatir1),0) -> 2380000
A36: =IFERROR(INDEX(tblKasa[Açıklama],AdatPanelSatir2),"") -> Şubat sonu kasa | B36: =IFERROR(INDEX(tblKasa[Adat (₺·gün)],AdatPanelSatir2),0) -> 3720000
A37: =IFERROR(INDEX(tblKasa[Açıklama],AdatPanelSatir3),"") -> Mart sonu kasa | B37: =IFERROR(INDEX(tblKasa[Adat (₺·gün)],AdatPanelSatir3),0) -> 2850000
A38: =IFERROR(INDEX(tblKasa[Açıklama],AdatPanelSatir4),"") -> Nisan sonu kasa | B38: =IFERROR(INDEX(tblKasa[Adat (₺·gün)],AdatPanelSatir4),0) -> 4340000
A39: =IFERROR(INDEX(tblKasa[Açıklama],AdatPanelSatir5),"") -> Mayıs sonu kasa | B39: =IFERROR(INDEX(tblKasa[Adat (₺·gün)],AdatPanelSatir5),0) -> 3300000
A40: =IFERROR(INDEX(tblKasa[Açıklama],AdatPanelSatir6),"") -> Haziran sonu kasa | B40: =IFERROR(INDEX(tblKasa[Adat (₺·gün)],AdatPanelSatir6),0) -> 6240000
A56: Paneldeki tüm göstergeler canlı formüllerden beslenir.

Sheet SENARYO_DUYARLILIK
A1: SENARYO DUYARLILIK — Ortaklar Cari & Kasa Adat Faiz Faturası Hesaplayıcı
A3: Senaryo ve Duyarlılık Analizi
A4: İyimser, baz ve kötümser faiz oranı senaryolarında brüt faiz; ardından hangi değişkenin sonucu en çok etkilediğini gösteren tornado analizi.
A6: Senaryo | B6: Faiz Oranı Çarpanı | C6: Brüt Faiz | D6: Fatura Tutarı
A7: İYİMSER | B7: =IF(SUM(tblOrtak[Tutar (₺)])=0,0,AdatIyiSenaryo) -> 1.1 | C7: =ROUND(HESAP!B25*AdatIyiSenaryo,2) -> 183.98 | D7: =ROUND(C7,2) -> 183.98
A8: BAZ | B8: =IF(SUM(tblOrtak[Tutar (₺)])=0,0,AdatBazSenaryo) -> 1 | C8: =ROUND(HESAP!B25*AdatBazSenaryo,2) -> 167.25 | D8: =ROUND(C8,2) -> 167.25
A9: KÖTÜMSER | B9: =IF(SUM(tblOrtak[Tutar (₺)])=0,0,AdatKotuSenaryo) -> 0.9 | C9: =ROUND(HESAP!B25*AdatKotuSenaryo,2) -> 150.53 | D9: =ROUND(C9,2) -> 150.53
A11: Tornado: Brüt Faize Etki
A12: Faiz Oranı +%1 | B12: =ROUND(HESAP!B25*AdatTornadoOran,2) -> 1.67
A13: Adat +%1 | B13: =ROUND(HESAP!B25*AdatTornadoAdat,2) -> 1.67
A15: En Etkili Değişken | B15: =IF(B12>=B13,"Faiz Oranı","Adat") -> Faiz Oranı
A17: Senaryo çarpanları AYARLAR'daki parametrelerden türetilir.

Sheet RAPOR
A1: ORTAK CARİ & KASA ADAT FAİZ FATURASI — YÖNETİCİ ÖZETİ
A2: =_xlfn.CONCAT("Rapor Tarihi: ",TEXT(RaporTarihi,"dd.mm.yyyy")," | Hazırlayan: ",RaporHazirlayan," | Sürüm: ",DosyaSurumu) -> Rapor Tarihi: 08.08.2026 | Hazırlayan: Finans Direktörü | Sürüm: 1.0.0
A4: Karar | B4: =KARAR!B11 -> UYGUN
A6: Ortak Cari Net Bakiye | B6: =HESAP!B20 -> 450000
A7: Ortak Cari Toplam Adat | B7: =HESAP!B21 -> 9300000
A8: Ortak Cari Faiz Tutarı | B8: =HESAP!B22 -> 48.41
A9: Kasa Toplam Adat | B9: =HESAP!B23 -> 22830000
A10: Kasa Adat Faiz Tutarı | B10: =HESAP!B24 -> 118.84
A11: Brüt Faiz Tutarı | B11: =HESAP!B25 -> 167.25
A12: Fatura Tutarı (KDV Hariç) | B12: =HESAP!B26 -> 167.25
A13: Örtülü Sermaye Oranı | B13: =HESAP!B28 -> 0
A14: Kalite Skoru | B14: =KONTROLLER!B19 -> 75
A16: Varsayımlar ve Önemli Notlar
A17: • Faiz oranı AYARLAR sayfasından alınır; dönemin emsal faiz oranına göre güncellenmelidir.
A18: • Adat = Bakiye × Gün; gün sayısı işlemler arası süre, son kayıtta rapor tarihine kadardır.
A19: • Ortak cari bakiyesinin öz kaynağa oranı eşiği aşarsa örtülü sermaye/KKEG riski İNCELE olarak işaretlenir.
A20: • Faiz faturası KDV'ye tabi değildir; fatura tutarı KDV hariç gösterilir.
A21: • Bu dosya faiz faturası düzenleme onayı değildir; mali müşavirle mutabakat şarttır.
A22: • Demo veriler gerçek müşteri verisi değildir; kullanımdan önce temizlenmelidir.
A24: Önerilen Aksiyonlar
A25: =AdatAksiyon1_ACIKLAMA -> Örtülü sermaye oranı eşikte ise ortak cari bakiyesini azaltın veya faiz oranını emsal ile mutabakatlandırın.
A26: =AdatAksiyon2_ACIKLAMA -> Faiz tutarı eşiği aşılıyorsa fatura düzenlemeden önce belgeleri ve hesapları mali müşavirle doğrulayın.
A27: =AdatAksiyon3_ACIKLAMA -> Kasa bakiyelerinin dönem boyunca eksiksiz kaydedildiğini doğrulayın; adat hesabı gün sonu bakiyelerine dayanır.
A29: Bu rapor karar destek amaçlıdır; mali tavsiye niteliği taşımaz.

Sheet ORNEK_VERI
A1: ORNEK VERI — Ortaklar Cari & Kasa Adat Faiz Faturası Hesaplayıcı
A3: Örnek Veri (Demo)
A4: Gerçek girişlere başlamadan önce demo veri ile ürünü deneyin. Bu satırlar örnektir; gerçek verilerle değiştirin.
A6: Tarih | B6: Ortak Adı | C6: İşlem Türü | D6: Tutar (₺) | E6: Açıklama
A7: 46027 | B7: Ahmet Yılmaz | C7: Alacak | D7: 500000 | E7: Sermaye katkısı
A8: 46034 | B8: Ayşe Demir | C8: Alacak | D8: 300000 | E8: Sermaye katkısı
A9: 46056 | B9: Ahmet Yılmaz | C9: Borç | D9: 100000 | E9: Avans çekişi
A10: 46071 | B10: Mehmet Kaya | C10: Alacak | D10: 200000 | E10: Ortak katkısı
A11: 46088 | B11: Ayşe Demir | C11: Borç | D11: 50000 | E11: Avans çekişi
A12: 46102 | B12: Ahmet Yılmaz | C12: Alacak | D12: 150000 | E12: Ortak katkısı
A20: Demo veriler rapor sonuçlarını örnekler; satın alma sonrası silinerek gerçek veriler girilir.

Sheet DEGISIKLIK_KAYDI
A1: DEGISIKLIK KAYDI — Ortaklar Cari & Kasa Adat Faiz Faturası Hesaplayıcı
A3: Değişiklik Kaydı
A4: Tarih | B4: Sürüm | C4: Değişiklik | D4: Neden | E4: Yapan
A5: 01.08.2026 | B5: 1.0.0 | C5: İlk üretim | D5: Ürünün yayına hazırlanması | E5: ExcelArşiv

Sheet LISTELER
A1: LISTELER — Ortaklar Cari & Kasa Adat Faiz Faturası Hesaplayıcı
A3: Bağlı Listeler
A4: Bu sayfadaki listeler açılır menüleri besler; yeni seçenek eklemek için sarı hücrelere yazın.
A6: Ortak Adları | C6: İşlem Türü
A7: Ahmet Yılmaz | C7: Alacak
A8: Ayşe Demir | C8: Borç
A9: Mehmet Kaya
A10: Zeynep Şahin
A11: Ali Öztürk
A12: Fatma Çelik
A13: Murat Aydın
A14: Elif Arslan
A15: Mustafa Kılıç
A16: Hüseyin Doğan

Sheet AYARLAR
A1: AYARLAR — Ortaklar Cari & Kasa Adat Faiz Faturası Hesaplayıcı
A3: Sistem Ayarları ve Oranlar
A4: Tüm sabitler bu sayfadadır. Eşikleri ve çarpanları kendi işletmenize göre güncelleyin. Değişen her değer tüm hesaplamalara anında yansır.
A6: anahtar | B6: deger | C6: birim | D6: alt | E6: ust | F6: aciklama | G6: kaynak | H6: yururluk_tarihi | I6: dogrulama_tarihi
A7: FirmaUnvan | B7: Örnek Firma A.Ş. | C7: Metin | F7: Rapor ve kapakta görünen firma adı. | G7: Kullanıcı | H7: 46023 | I7: 46244
A8: RaporTarihi | B8: 46242 | C8: Tarih | F8: Tüm hesapların ve kararın alındığı tarih. | G8: Kullanıcı | H8: 46023 | I8: 46244
A9: RaporHazirlayan | B9: Finans Direktörü | C9: Metin | F9: Raporu hazırlayan kişi/rol. | G9: Kullanıcı | H9: 46023 | I9: 46244
A10: DosyaSurumu | B10: 1.0.0 | C10: Metin | F10: Ürün sürüm bilgisi; rapor alt bilgisinde görünür. | G10: Kullanıcı | H10: 46023 | I10: 46244
A11: AdatFaizOran | B11: 0.19 | C11: Oran | D11: 0 | E11: 1 | F11: Yıllık adat faiz oranı; dönemin emsal mevduat oranına göre güncellenir. | G11: Varsayım | H11: 46023 | I11: 46244
A12: AdatYilGunSayisi | B12: 36500 | C12: Gün | D12: 1 | E12: 36500 | F12: Adat faizinde yılın gün bazı (faiz = adat × oran / bu değer). | G12: Varsayım | H12: 46023 | I12: 46244
A13: AdatFaizEsik | B13: 250000 | C13: TL | D13: 0 | E13: 10000000000 | F13: Brüt faiz tutarı eşiği; üzerinde karar İNCELE olur. | G13: Varsayım | H13: 46023 | I13: 46244
A14: AdatOzKaynak | B14: 10000000 | C14: TL | D14: 0 | E14: 100000000000 | F14: Şirket öz kaynağı; örtülü sermaye oranı hesabında payda. | G14: Varsayım | H14: 46023 | I14: 46244
A15: AdatOzKaynakEsik | B15: 0.3 | C15: Oran | D15: 0 | E15: 1 | F15: Ortak cari bakiyesinin öz kaynağa oranı eşiği; üzerinde KKEG riski. | G15: Varsayım | H15: 46023 | I15: 46244
A16: AdatIyiSenaryo | B16: 1.1 | C16: Oran | D16: 0.5 | E16: 2 | F16: İyimser senaryoda brüt faiz bu çarpanla hesaplanır. | G16: Varsayım | H16: 46023 | I16: 46244
A17: AdatBazSenaryo | B17: 1 | C17: Oran | D17: 0.5 | E17: 2 | F17: Baz senaryoda brüt faiz bu çarpanla hesaplanır. | G17: Varsayım | H17: 46023 | I17: 46244
A18: AdatKotuSenaryo | B18: 0.9 | C18: Oran | D18: 0.5 | E18: 2 | F18: Kötümser senaryoda brüt faiz bu çarpanla hesaplanır. | G18: Varsayım | H18: 46023 | I18: 46244
A19: AdatTornadoOran | B19: 0.01 | C19: Oran | D19: 0 | E19: 0.2 | F19: Faiz oranının %1 artışının brüt faize etkisi. | G19: Varsayım | H19: 46023 | I19: 46244
A20: AdatTornadoAdat | B20: 0.01 | C20: Oran | D20: 0 | E20: 0.2 | F20: Adatın %1 artışının brüt faize etkisi. | G20: Varsayım | H20: 46023 | I20: 46244
A21: AdatTahminCarpan | B21: 1.645 | C21: Oran | D21: 0 | E21: 3 | F21: Tahmin bandı genişliği (standart sapma katı). | G21: Varsayım | H21: 46023 | I21: 46244
A22: AdatKaliteIyi | B22: 90 | C22: Skor | D22: 0 | E22: 100 | F22: Kalite skoru bu eşiğin üzerindeyse YÜKSEK kalite. | G22: Varsayım | H22: 46023 | I22: 46244
A23: AdatKaliteOrta | B23: 70 | C23: Skor | D23: 0 | E23: 100 | F23: Kalite skoru bu eşiğin üzerindeyse ORTA kalite. | G23: Varsayım | H23: 46023 | I23: 46244
A24: AdatAksiyon1_ACIKLAMA | B24: Örtülü sermaye oranı eşikte ise ortak cari bakiyesini azaltın veya faiz oranını emsal ile mutabakatlandırın. | C24: Metin | F24: İNCELE kararında gösterilen ilk öneri. | G24: Varsayım | H24: 46023 | I24: 46244
A25: AdatAksiyon2_ACIKLAMA | B25: Faiz tutarı eşiği aşılıyorsa fatura düzenlemeden önce belgeleri ve hesapları mali müşavirle doğrulayın. | C25: Metin | F25: İNCELE kararında gösterilen ikinci öneri. | G25: Varsayım | H25: 46023 | I25: 46244
A26: AdatAksiyon3_ACIKLAMA | B26: Kasa bakiyelerinin dönem boyunca eksiksiz kaydedildiğini doğrulayın; adat hesabı gün sonu bakiyelerine dayanır. | C26: Metin | F26: İNCELE kararında gösterilen üçüncü öneri. | G26: Varsayım | H26: 46023 | I26: 46244
A27: AdatP90Oran | B27: 0.9 | C27: Oran | D27: 0.5 | E27: 1 | F27: Adat dağılımında üst yüzdelik dilimin oranı. | G27: Varsayım | H27: 46023 | I27: 46244
A28: AdatPanelSatir1 | B28: 1 | C28: Satır | F28: PANO'daki kasa trendi ve faiz tahmini grafiğinin tablodaki veri satırı (1. veri). | G28: Kullanıcı | H28: 46023 | I28: 46244
A29: AdatPanelSatir2 | B29: 2 | C29: Satır | F29: PANO'daki kasa trendi ve faiz tahmini grafiğinin tablodaki veri satırı (2. veri). | G29: Kullanıcı | H29: 46023 | I29: 46244
A30: AdatPanelSatir3 | B30: 3 | C30: Satır | F30: PANO'daki kasa trendi ve faiz tahmini grafiğinin tablodaki veri satırı (3. veri). | G30: Kullanıcı | H30: 46023 | I30: 46244
A31: AdatPanelSatir4 | B31: 4 | C31: Satır | F31: PANO'daki kasa trendi ve faiz tahmini grafiğinin tablodaki veri satırı (4. veri). | G31: Kullanıcı | H31: 46023 | I31: 46244
A32: AdatPanelSatir5 | B32: 5 | C32: Satır | F32: PANO'daki kasa trendi ve faiz tahmini grafiğinin tablodaki veri satırı (5. veri). | G32: Kullanıcı | H32: 46023 | I32: 46244
A33: AdatPanelSatir6 | B33: 6 | C33: Satır | F33: PANO'daki kasa trendi ve faiz tahmini grafiğinin tablodaki veri satırı (6. veri). | G33: Kullanıcı | H33: 46023 | I33: 46244
A34: AdatPanelSatir7 | B34: 7 | C34: Satır | F34: PANO'daki kasa trendi ve faiz tahmini grafiğinin tablodaki veri satırı (7. veri). | G34: Kullanıcı | H34: 46023 | I34: 46244
A35: AdatPanelSatir8 | B35: 8 | C35: Satır | F35: PANO'daki kasa trendi ve faiz tahmini grafiğinin tablodaki veri satırı (8. veri). | G35: Kullanıcı | H35: 46023 | I35: 46244
A36: AdatPanelSatir9 | B36: 9 | C36: Satır | F36: PANO'daki kasa trendi ve faiz tahmini grafiğinin tablodaki veri satırı (9. veri). | G36: Kullanıcı | H36: 46023 | I36: 46244
A37: AdatPanelSatir10 | B37: 10 | C37: Satır | F37: PANO'daki kasa trendi ve faiz tahmini grafiğinin tablodaki veri satırı (10. veri). | G37: Kullanıcı | H37: 46023 | I37: 46244
A38: AdatPanelSatir11 | B38: 11 | C38: Satır | F38: PANO'daki kasa trendi ve faiz tahmini grafiğinin tablodaki veri satırı (11. veri). | G38: Kullanıcı | H38: 46023 | I38: 46244
A39: AdatPanelSatir12 | B39: 12 | C39: Satır | F39: PANO'daki kasa trendi ve faiz tahmini grafiğinin tablodaki veri satırı (12. veri). | G39: Kullanıcı | H39: 46023 | I39: 46244

Sheet KILAVUZ
A1: KILAVUZ — Ortaklar Cari & Kasa Adat Faiz Faturası Hesaplayıcı
A3: Kullanım Kılavuzu
A5: Veri girişi | B5: ORTAK_CARI sayfasındaki sarı hücrelere ortak işlemlerini, KASA_ADAT sayfasındaki sarı hücrelere gün sonu kasa bakiyelerini girin. Ortak cari kayıtlarını ortak bazında gruplu ve tarih sıralı tutun; bakiye, gün sayısı ve adat otomatik hesaplanır.
A6: Hesap katmanı | B6: HESAP sayfası ortak bazında net bakiye, adat, faiz payı, kasa adat faizi, brüt faiz ve fatura tutarını üretir; örtülü sermaye oranını izler.
A7: Karar ve rapor | B7: KARAR sayfası UYGUN/İNCELE/DURDUR kararını üretir; RAPOR yöneticiye sunulabilir.
A8: Ayarlar | B8: AYARLAR sayfasındaki yıllık faiz oranını, öz kaynak ve eşikleri döneme göre güncelleyin.
A9: Koruma | B9: Tüm sayfalar 1234 şifresiyle korunur; sarı hücreler serbesttir, formül hücreleri kilitlidir.
A11: Bu dosya karar destek aracıdır; faiz faturası düzenlemeden önce mali müşavirle mutabakat sağlayın.
A13: Varsayım İşaretli Parametreler
A14: Aşağıdaki eşik ve çarpanlar AYARLAR sayfasında kaynak=Varsayım olarak işaretlidir; mevzuat zorunluluğu yoktur ve işletmeye göre güncellenmelidir.
A15: • Yıllık Adat Faiz Oranı
A16: • Brüt Faiz Tutarı Eşiği
A17: • Şirket Öz Kaynağı ve Örtülü Sermaye Oranı Eşiği
A18: • İyimser, Baz ve Kötümser Senaryo Çarpanları
A19: • Tornado Faiz Oranı ve Adat Etkisi Oranları
A20: • Tahmin Çarpanı (standart sapma katı)
A21: • Kalite Skoru İyi ve Orta Eşikleri
A22: • P90 Yüzdelik Oranı
A23: • Aksiyon Önerisi Açıklamaları
A25: Bu dosya tamamen çevrimdışı çalışır; verileriniz cihazınızdan çıkmaz. Makro ve dış bağlantı yoktur.
