Workbook

Sheet KAPAK
A1: KAPAK — CARİ HESAP, TAHSİLAT VE MÜŞTERİ RİSK TAKİP SİSTEMİ
A5: CARİ RİSK UZMAN
A6: Cari Hesap, Tahsilat ve Müşteri Risk Takip Sistemi
A8: Vadeli satış kararlarını, tahsilat önceliklerini ve müşteri limitlerini
A9: makine üretimi risk skoru ve karar kapısı ile yönetin.
A11: KİMLER İÇİN?
A12: • Finans ve kredi yöneticileri
A13: • Tahsilat ekipleri ve muhasebe uzmanları
A14: • Vadeli satış riskini ölçen satış yöneticileri
A16: NE KAZANDIRIR?
A17: • Açık alacak ve vadesi geçmiş bakiyeyi anında görürsünüz
A18: • Risk skoru ile kiminle vadeli çalışacağınızı netleştirirsiniz
... A28: Başlamak için HIZLI_BAŞLANGIÇ sayfasına gidin.

Sheet HIZLI_BASLANGIC
A1: HIZLI BASLANGIC — CARİ HESAP, TAHSİLAT VE MÜŞTERİ RİSK TAKİP SİSTEMİ
A3: 3 ADIMDA KULLANIM
A5: ADIM 1 — MÜŞTERİ VE FATURA
A6: MUSTERI_KARTLARI'na müşterileri, FATURALAR'a faturaları girin; TAHSILATLAR'a ödemeleri işleyin.
A7: ADIM 2 — TEMİNAT VE İLETİŞİM
A8: TEMINATLAR'ı ve ILETISIM_TAKIP'i tamamlayın; yaşlandırma otomatik hesaplanır.
A9: ADIM 3 — KARAR VE RAPOR
A10: MUSTERI_RISK_SKORU ve KARAR_MOTORU'ndaki kararları inceleyin; RAPOR'u yöneticiye sunun.
A14: ÖNEMLİ NOTLAR
A15: • Sarı hücreler manuel giriş alanlarıdır; diğer hücreler formül üretir ve 1234 şifresiyle korunur.
A16: • Rapor tarihi AYARLAR sayfasındandır; gecikme günleri bu tarihe göre hesaplanır.
A17: • Örnek veri ile deneme için ORNEK_VERI sayfasına bakın; verileri kendi verinizle değiştirin.

Sheet MUSTERI_KARTLARI
A1: MUSTERI KARTLARI — CARİ HESAP, TAHSİLAT VE MÜŞTERİ RİSK TAKİP SİSTEMİ
A3: MÜŞTERİ PORTFÖYÜ VE LİMİT MERKEZİ
A5: Müşteri Kodu | B5: Unvan | C5: Vergi Numarası | D5: Sektör | E5: Bölge | F5: Satış Sorumlusu | G5: İlk Çalışma Tarihi | H5: Varsayılan Vade | I5: Onaylı Risk Limiti | J5: Geçici Ek Limit | K5: Limit Bitiş Tarihi | L5: Teminat Türü | M5: Teminat Değeri | N5: Teminat Geçerlilik Tarihi | O5: Grup Şirketi | P5: Kritik Müşteri mi? | Q5: Durum | R5: Kontrol
A6: M001 | B6: Atlas Yapı A.Ş. | C6: 1111111111 | D6: İnşaat | E6: Marmara | F6: Ayşe Yılmaz | G6: 44576 | H6: 60 | I6: 1250000 | J6: 250000 | K6: 46387 | L6: Banka Teminat Mektubu | M6: 900000 | N6: 46387 | O6: Anadolu Grubu | P6: Hayır | Q6: Aktif | R6: =IF($A6="","",IF(COUNTA($A6:$Q6)>=ZorunluAlanSayisi,"OK","EKSİK")) -> OK
A7: M002 | B7: Bora Perakende Ltd. | C7: 2222222222 | D7: Perakende | E7: Ege | F7: Mehmet Kaya | G7: 44995 | H7: 45 | I7: 800000 | J7: 0 | K7: 46387 | L7: İpotek | M7: 550000 | N7: 46203 | O7: Bağımsız | P7: Hayır | Q7: Aktif | R7: =IF($A6="","",IF(COUNTA($A6:$Q6)>=ZorunluAlanSayisi,"OK","EKSİK")) -> OK
A8: M003 | B8: Cemre Gıda A.Ş. | C8: 3333333333 | D8: Gıda | E8: İç Anadolu | F8: Selin Demir | G8: 44367 | H8: 30 | I8: 650000 | J8: 100000 | K8: 46387 | L8: Çek ve Senet | M8: 300000 | N8: 46235 | O8: Bağımsız | P8: Hayır | Q8: İzlemede | R8: =IF($A6="","",IF(COUNTA($A6:$Q6)>=ZorunluAlanSayisi,"OK","EKSİK")) -> OK
A9: M004 | B9: Delta Tekstil Ltd. | C9: 4444444444 | D9: Tekstil | E9: Ege | F9: Can Arslan | G9: 43866 | H9: 90 | I9: 2000000 | J9: 0 | K9: 46387 | L9: Teminatsız | M9: 0 | N9: 46387 | O9: Bağımsız | P9: Evet | Q9: Askıda | R9: =IF($A6="","",IF(COUNTA($A6:$Q6)>=ZorunluAlanSayisi,"OK","EKSİK")) -> OK
R10: =IF($A6="","",IF(COUNTA($A6:$Q6)>=ZorunluAlanSayisi,"OK","EKSİK")) -> OK
R11: =IF($A6="","",IF(COUNTA($A6:$Q6)>=ZorunluAlanSayisi,"OK","EKSİK")) -> OK
R12: =IF($A6="","",IF(COUNTA($A6:$Q6)>=ZorunluAlanSayisi,"OK","EKSİK")) -> OK
R13: =IF($A6="","",IF(COUNTA($A6:$Q6)>=ZorunluAlanSayisi,"OK","EKSİK")) -> OK
R14: =IF($A6="","",IF(COUNTA($A6:$Q6)>=ZorunluAlanSayisi,"OK","EKSİK")) -> OK
R15: =IF($A6="","",IF(COUNTA($A6:$Q6)>=ZorunluAlanSayisi,"OK","EKSİK")) -> OK
R16: =IF($A6="","",IF(COUNTA($A6:$Q6)>=ZorunluAlanSayisi,"OK","EKSİK")) -> OK
R17: =IF($A6="","",IF(COUNTA($A6:$Q6)>=ZorunluAlanSayisi,"OK","EKSİK")) -> OK
R18: =IF($A6="","",IF(COUNTA($A6:$Q6)>=ZorunluAlanSayisi,"OK","EKSİK")) -> OK
R19: =IF($A6="","",IF(COUNTA($A6:$Q6)>=ZorunluAlanSayisi,"OK","EKSİK")) -> OK
R20: =IF($A6="","",IF(COUNTA($A6:$Q6)>=ZorunluAlanSayisi,"OK","EKSİK")) -> OK
R21: =IF($A6="","",IF(COUNTA($A6:$Q6)>=ZorunluAlanSayisi,"OK","EKSİK")) -> OK
R22: =IF($A6="","",IF(COUNTA($A6:$Q6)>=ZorunluAlanSayisi,"OK","EKSİK")) -> OK
R23: =IF($A6="","",IF(COUNTA($A6:$Q6)>=ZorunluAlanSayisi,"OK","EKSİK")) -> OK
R24: =IF($A6="","",IF(COUNTA($A6:$Q6)>=ZorunluAlanSayisi,"OK","EKSİK")) -> OK
R25: =IF($A6="","",IF(COUNTA($A6:$Q6)>=ZorunluAlanSayisi,"OK","EKSİK")) -> OK
R26: =IF($A6="","",IF(COUNTA($A6:$Q6)>=ZorunluAlanSayisi,"OK","EKSİK")) -> OK
R27: =IF($A6="","",IF(COUNTA($A6:$Q6)>=ZorunluAlanSayisi,"OK","EKSİK")) -> OK
R28: =IF($A6="","",IF(COUNTA($A6:$Q6)>=ZorunluAlanSayisi,"OK","EKSİK")) -> OK
R29: =IF($A6="","",IF(COUNTA($A6:$Q6)>=ZorunluAlanSayisi,"OK","EKSİK")) -> OK
R30: =IF($A6="","",IF(COUNTA($A6:$Q6)>=ZorunluAlanSayisi,"OK","EKSİK")) -> OK
R31: =IF($A6="","",IF(COUNTA($A6:$Q6)>=ZorunluAlanSayisi,"OK","EKSİK")) -> OK
R32: =IF($A6="","",IF(COUNTA($A6:$Q6)>=ZorunluAlanSayisi,"OK","EKSİK")) -> OK
R33: =IF($A6="","",IF(COUNTA($A6:$Q6)>=ZorunluAlanSayisi,"OK","EKSİK")) -> OK
R34: =IF($A6="","",IF(COUNTA($A6:$Q6)>=ZorunluAlanSayisi,"OK","EKSİK")) -> OK
R35: =IF($A6="","",IF(COUNTA($A6:$Q6)>=ZorunluAlanSayisi,"OK","EKSİK")) -> OK
R36: =IF($A6="","",IF(COUNTA($A6:$Q6)>=ZorunluAlanSayisi,"OK","EKSİK")) -> OK
R37: =IF($A6="","",IF(COUNTA($A6:$Q6)>=ZorunluAlanSayisi,"OK","EKSİK")) -> OK
R38: =IF($A6="","",IF(COUNTA($A6:$Q6)>=ZorunluAlanSayisi,"OK","EKSİK")) -> OK
R39: =IF($A6="","",IF(COUNTA($A6:$Q6)>=ZorunluAlanSayisi,"OK","EKSİK")) -> OK
R40: =IF($A6="","",IF(COUNTA($A6:$Q6)>=ZorunluAlanSayisi,"OK","EKSİK")) -> OK
R41: =IF($A6="","",IF(COUNTA($A6:$Q6)>=ZorunluAlanSayisi,"OK","EKSİK")) -> OK
R42: =IF($A6="","",IF(COUNTA($A6:$Q6)>=ZorunluAlanSayisi,"OK","EKSİK")) -> OK
R43: =IF($A6="","",IF(COUNTA($A6:$Q6)>=ZorunluAlanSayisi,"OK","EKSİK")) -> OK
R44: =IF($A6="","",IF(COUNTA($A6:$Q6)>=ZorunluAlanSayisi,"OK","EKSİK")) -> OK
R45: =IF($A6="","",IF(COUNTA($A6:$Q6)>=ZorunluAlanSayisi,"OK","EKSİK")) -> OK

Sheet FATURALAR
A1: FATURALAR — CARİ HESAP, TAHSİLAT VE MÜŞTERİ RİSK TAKİP SİSTEMİ
A3: FATURA VE VADE YÖNETİM MERKEZİ
A5: Fatura Kayıt Numarası | B5: Fatura Numarası | C5: Müşteri Kodu | D5: Fatura Tarihi | E5: Vade Tarihi | F5: Fatura Tutarı | G5: Para Birimi | H5: Kur | I5: TL Tutarı | J5: İade/İskonto | K5: Net Fatura | L5: İtirazlı Tutar | M5: Teminat Kapsamı | N5: Proje/Sipariş | O5: Satış Sorumlusu | P5: Belge Durumu | Q5: Mükerrer Kontrol
A6: F001 | B6: 2026-001 | C6: M001 | D6: 46091 | E6: 46151 | F6: 780000 | G6: TRY | H6: 1 | I6: =IF($B6="","",$F6*$H6) -> 780000 | J6: 30000 | K6: =IF($B6="","",$I6-$J6) -> 750000 | L6: 0 | M6: 0 | N6: Proje A-2026 | O6: Ayşe Yılmaz | P6: Onaylı | Q6: =IF($B6="","",IF(COUNTIFS(tblFaturalar[Fatura Numarası],$B6,tblFaturalar[Müşteri Kodu],$C6)>1,"MÜKERRER","UYGUN")) -> UYGUN
A7: F002 | B7: 2026-002 | C7: M001 | D7: 46188 | E7: 46248 | F7: 520000 | G7: TRY | H7: 1 | I7: =IF($B7="","",$F7*$H7) -> 520000 | J7: 0 | K7: =IF($B7="","",$I7-$J7) -> 520000 | L7: 0 | M7: 0 | N7: Proje B-2026 | O7: Ayşe Yılmaz | P7: Onaylı | Q7: =IF($B7="","",IF(COUNTIFS(tblFaturalar[Fatura Numarası],$B7,tblFaturalar[Müşteri Kodu],$C7)>1,"MÜKERRER","UYGUN")) -> UYGUN
A8: F003 | B8: 2026-003 | C8: M002 | D8: 46204 | E8: 46249 | F8: 420000 | G8: TRY | H8: 1 | I8: =IF($B8="","",$F8*$H8) -> 420000 | J8: 20000 | K8: =IF($B8="","",$I8-$J8) -> 400000 | L8: 0 | M8: 0 | N8: Perakende dönem | O8: Mehmet Kaya | P8: Onaylı | Q8: =IF($B8="","",IF(COUNTIFS(tblFaturalar[Fatura Numarası],$B8,tblFaturalar[Müşteri Kodu],$C8)>1,"MÜKERRER","UYGUN")) -> UYGUN
A9: F004 | B9: 2026-004 | C9: M003 | D9: 46162 | E9: 46192 | F9: 680000 | G9: TRY | H9: 1 | I9: =IF($B9="","",$F9*$H9) -> 680000 | J9: 0 | K9: =IF($B9="","",$I9-$J9) -> 680000 | L9: 150000 | M9: 0 | N9: Gıda dönem | O9: Selin Demir | P9: İtirazlı | Q9: =IF($B9="","",IF(COUNTIFS(tblFaturalar[Fatura Numarası],$B9,tblFaturalar[Müşteri Kodu],$C9)>1,"MÜKERRER","UYGUN")) -> UYGUN
A10: F005 | B10: 2026-005 | C10: M004 | D10: 46063 | E10: 46153 | F10: 1500000 | G10: TRY | H10: 1 | I10: =IF($B10="","",$F10*$H10) -> 1500000 | J10: 0 | K10: =IF($B10="","",$I10-$J10) -> 1500000 | L10: 0 | M10: 0 | N10: Tekstil ihracat | O10: Can Arslan | P10: Onaylı | Q10: =IF($B10="","",IF(COUNTIFS(tblFaturalar[Fatura Numarası],$B10,tblFaturalar[Müşteri Kodu],$C10)>1,"MÜKERRER","UYGUN")) -> UYGUN
A11: F006 | B11: 2026-006 | C11: M003 | D11: 46213 | E11: 46243 | F11: 260000 | G11: TRY | H11: 1 | I11: =IF($B11="","",$F11*$H11) -> 260000 | J11: 0 | K11: =IF($B11="","",$I11-$J11) -> 260000 | L11: 0 | M11: 0 | N11: Gıda dönem 2 | O11: Selin Demir | P11: Onaylı | Q11: =IF($B11="","",IF(COUNTIFS(tblFaturalar[Fatura Numarası],$B11,tblFaturalar[Müşteri Kodu],$C11)>1,"MÜKERRER","UYGUN")) -> UYGUN
I12: =IF($B12="","",$F12*$H12) | K12: =IF($B12="","",$I12-$J12) | Q12: =IF($B12="","",IF(COUNTIFS(tblFaturalar[Fatura Numarası],$B12,tblFaturalar[Müşteri Kodu],$C12)>1,"MÜKERRER","UYGUN"))
I13: =IF($B13="","",$F13*$H13) | K13: =IF($B13="","",$I13-$J13) | Q13: =IF($B13="","",IF(COUNTIFS(tblFaturalar[Fatura Numarası],$B13,tblFaturalar[Müşteri Kodu],$C13)>1,"MÜKERRER","UYGUN"))
I14: =IF($B14="","",$F14*$H14) | K14: =IF($B14="","",$I14-$J14) | Q14: =IF($B14="","",IF(COUNTIFS(tblFaturalar[Fatura Numarası],$B14,tblFaturalar[Müşteri Kodu],$C14)>1,"MÜKERRER","UYGUN"))
I15: =IF($B15="","",$F15*$H15) | K15: =IF($B15="","",$I15-$J15) | Q15: =IF($B15="","",IF(COUNTIFS(tblFaturalar[Fatura Numarası],$B15,tblFaturalar[Müşteri Kodu],$C15)>1,"MÜKERRER","UYGUN"))
I16: =IF($B16="","",$F16*$H16) | K16: =IF($B16="","",$I16-$J16) | Q16: =IF($B16="","",IF(COUNTIFS(tblFaturalar[Fatura Numarası],$B16,tblFaturalar[Müşteri Kodu],$C16)>1,"MÜKERRER","UYGUN"))
I17: =IF($B17="","",$F17*$H17) | K17: =IF($B17="","",$I17-$J17) | Q17: =IF($B17="","",IF(COUNTIFS(tblFaturalar[Fatura Numarası],$B17,tblFaturalar[Müşteri Kodu],$C17)>1,"MÜKERRER","UYGUN"))
I18: =IF($B18="","",$F18*$H18) | K18: =IF($B18="","",$I18-$J18) | Q18: =IF($B18="","",IF(COUNTIFS(tblFaturalar[Fatura Numarası],$B18,tblFaturalar[Müşteri Kodu],$C18)>1,"MÜKERRER","UYGUN"))
I19: =IF($B19="","",$F19*$H19) | K19: =IF($B19="","",$I19-$J19) | Q19: =IF($B19="","",IF(COUNTIFS(tblFaturalar[Fatura Numarası],$B19,tblFaturalar[Müşteri Kodu],$C19)>1,"MÜKERRER","UYGUN"))
I20: =IF($B20="","",$F20*$H20) | K20: =IF($B20="","",$I20-$J20) | Q20: =IF($B20="","",IF(COUNTIFS(tblFaturalar[Fatura Numarası],$B20,tblFaturalar[Müşteri Kodu],$C20)>1,"MÜKERRER","UYGUN"))
I21: =IF($B21="","",$F21*$H21) | K21: =IF($B21="","",$I21-$J21) | Q21: =IF($B21="","",IF(COUNTIFS(tblFaturalar[Fatura Numarası],$B21,tblFaturalar[Müşteri Kodu],$C21)>1,"MÜKERRER","UYGUN"))
I22: =IF($B22="","",$F22*$H22) | K22: =IF($B22="","",$I22-$J22) | Q22: =IF($B22="","",IF(COUNTIFS(tblFaturalar[Fatura Numarası],$B22,tblFaturalar[Müşteri Kodu],$C22)>1,"MÜKERRER","UYGUN"))
I23: =IF($B23="","",$F23*$H23) | K23: =IF($B23="","",$I23-$J23) | Q23: =IF($B23="","",IF(COUNTIFS(tblFaturalar[Fatura Numarası],$B23,tblFaturalar[Müşteri Kodu],$C23)>1,"MÜKERRER","UYGUN"))
... I45: =IF($B45="","",$F45*$H45) | K45: =IF($B45="","",$I45-$J45) | Q45: =IF($B45="","",IF(COUNTIFS(tblFaturalar[Fatura Numarası],$B45,tblFaturalar[Müşteri Kodu],$C45)>1,"MÜKERRER","UYGUN"))

Sheet TAHSILATLAR
A1: TAHSILATLAR — CARİ HESAP, TAHSİLAT VE MÜŞTERİ RİSK TAKİP SİSTEMİ
A3: TAHSİLAT KAYIT VE EŞLEŞTİRME MERKEZİ
A5: Tahsilat Kayıt Numarası | B5: Tarih | C5: Müşteri Kodu | D5: Fatura Numarası | E5: Tahsilat Tutarı | F5: Ödeme Türü | G5: Banka/Kasa | H5: Çek/Senet Numarası | I5: Valör Tarihi | J5: Kesinleşti mi? | K5: Açıklama
A6: T001 | B6: 46162 | C6: M001 | D6: 2026-001 | E6: 300000 | F6: Havale/EFT | G6: Akbank | I6: 46162 | J6: =IF($B6="","",IF(ISNUMBER($E6),IF(OR($F6="Çek/Senet",$F6=""),"Hayır","Evet"),"Hayır")) -> Evet
A7: T002 | B7: 46218 | C7: M001 | D7: 2026-001 | E7: 250000 | F7: Havale/EFT | G7: İş Bankası | I7: 46218 | J7: =IF($B7="","",IF(ISNUMBER($E7),IF(OR($F7="Çek/Senet",$F7=""),"Hayır","Evet"),"Hayır")) -> Evet
A8: T003 | B8: 46236 | C8: M002 | D8: 2026-003 | E8: 180000 | F8: Havale/EFT | G8: Garanti | I8: 46236 | J8: =IF($B8="","",IF(ISNUMBER($E8),IF(OR($F8="Çek/Senet",$F8=""),"Hayır","Evet"),"Hayır")) -> Evet
A9: T004 | B9: 46183 | C9: M003 | D9: 2026-004 | E9: 120000 | F9: Çek/Senet | H9: ÇEK-4412 | I9: 46244 | J9: =IF($B9="","",IF(ISNUMBER($E9),IF(OR($F9="Çek/Senet",$F9=""),"Hayır","Evet"),"Hayır")) -> Hayır | K9: Vade bekleniyor
J10: =IF($B10="","",IF(ISNUMBER($E10),IF(OR($F10="Çek/Senet",$F10=""),"Hayır","Evet"),"Hayır"))
J11: =IF($B11="","",IF(ISNUMBER($E11),IF(OR($F11="Çek/Senet",$F11=""),"Hayır","Evet"),"Hayır"))
J12: =IF($B12="","",IF(ISNUMBER($E12),IF(OR($F12="Çek/Senet",$F12=""),"Hayır","Evet"),"Hayır"))
J13: =IF($B13="","",IF(ISNUMBER($E13),IF(OR($F13="Çek/Senet",$F13=""),"Hayır","Evet"),"Hayır"))
J14: =IF($B14="","",IF(ISNUMBER($E14),IF(OR($F14="Çek/Senet",$F14=""),"Hayır","Evet"),"Hayır"))
J15: =IF($B15="","",IF(ISNUMBER($E15),IF(OR($F15="Çek/Senet",$F15=""),"Hayır","Evet"),"Hayır"))
J16: =IF($B16="","",IF(ISNUMBER($E16),IF(OR($F16="Çek/Senet",$F16=""),"Hayır","Evet"),"Hayır"))
J17: =IF($B17="","",IF(ISNUMBER($E17),IF(OR($F17="Çek/Senet",$F17=""),"Hayır","Evet"),"Hayır"))
J18: =IF($B18="","",IF(ISNUMBER($E18),IF(OR($F18="Çek/Senet",$F18=""),"Hayır","Evet"),"Hayır"))
J19: =IF($B19="","",IF(ISNUMBER($E19),IF(OR($F19="Çek/Senet",$F19=""),"Hayır","Evet"),"Hayır"))
J20: =IF($B20="","",IF(ISNUMBER($E20),IF(OR($F20="Çek/Senet",$F20=""),"Hayır","Evet"),"Hayır"))
J21: =IF($B21="","",IF(ISNUMBER($E21),IF(OR($F21="Çek/Senet",$F21=""),"Hayır","Evet"),"Hayır"))
... J45: =IF($B45="","",IF(ISNUMBER($E45),IF(OR($F45="Çek/Senet",$F45=""),"Hayır","Evet"),"Hayır"))

Sheet TEMINATLAR
A1: TEMINATLAR — CARİ HESAP, TAHSİLAT VE MÜŞTERİ RİSK TAKİP SİSTEMİ
A3: TEMİNAT PORTFÖYÜ
A5: Teminat Kayıt Numarası | B5: Müşteri Kodu | C5: Teminat Türü | D5: Belge Numarası | E5: Başlangıç Tarihi | F5: Geçerlilik Tarihi | G5: Nominal Değer | H5: Değerleme İndirimi | I5: Kabul Edilen Değer | J5: Para Birimi | K5: Durum | L5: Kontrol
A6: T001 | B6: M001 | C6: Banka Teminat Mektubu | D6: BTM-24018 | E6: 45366 | F6: 46461 | G6: 900000 | H6: 0.1 | I6: =$G6*(1-$H6) -> 810000 | J6: TRY | K6: =IF($F6="","",IF($F6<RaporTarihi,"SÜRESİ GEÇTİ",IF($F6-RaporTarihi<=YenilemeUyariGunu,"30 GÜN İÇİNDE BİTİYOR","GEÇERLİ"))) -> GEÇERLİ | L6: =IF($A6="","",IF(COUNTA($A6:$J6)>=ZorunluTeminatAlanSayisi,"OK","EKSİK")) -> OK
A7: T002 | B7: M002 | C7: İpotek | D7: IP-8831 | E7: 45108 | F7: 46203 | G7: 550000 | H7: 0.25 | I7: =$G7*(1-$H7) -> 412500 | J7: TRY | K7: =IF($F7="","",IF($F7<RaporTarihi,"SÜRESİ GEÇTİ",IF($F7-RaporTarihi<=YenilemeUyariGunu,"30 GÜN İÇİNDE BİTİYOR","GEÇERLİ"))) -> SÜRESİ GEÇTİ | L7: =IF($A6="","",IF(COUNTA($A6:$J6)>=ZorunluTeminatAlanSayisi,"OK","EKSİK")) -> OK
A8: T003 | B8: M003 | C8: Çek ve Senet | D8: ÇEK-4412 | E8: 46023 | F8: 46235 | G8: 300000 | H8: 0.2 | I8: =$G8*(1-$H8) -> 240000 | J8: TRY | K8: =IF($F8="","",IF($F8<RaporTarihi,"SÜRESİ GEÇTİ",IF($F8-RaporTarihi<=YenilemeUyariGunu,"30 GÜN İÇİNDE BİTİYOR","GEÇERLİ"))) -> SÜRESİ GEÇTİ | L8: =IF($A6="","",IF(COUNTA($A6:$J6)>=ZorunluTeminatAlanSayisi,"OK","EKSİK")) -> OK
I9: =$G9*(1-$H9) -> 0 | K9: =IF($F9="","",IF($F9<RaporTarihi,"SÜRESİ GEÇTİ",IF($F9-RaporTarihi<=YenilemeUyariGunu,"30 GÜN İÇİNDE BİTİYOR","GEÇERLİ"))) | L9: =IF($A6="","",IF(COUNTA($A6:$J6)>=ZorunluTeminatAlanSayisi,"OK","EKSİK")) -> OK
I10: =$G10*(1-$H10) -> 0 | K10: =IF($F10="","",IF($F10<RaporTarihi,"SÜRESİ GEÇTİ",IF($F10-RaporTarihi<=YenilemeUyariGunu,"30 GÜN İÇİNDE BİTİYOR","GEÇERLİ"))) | L10: =IF($A6="","",IF(COUNTA($A6:$J6)>=ZorunluTeminatAlanSayisi,"OK","EKSİK")) -> OK
I11: =$G11*(1-$H11) -> 0 | K11: =IF($F11="","",IF($F11<RaporTarihi,"SÜRESİ GEÇTİ",IF($F11-RaporTarihi<=YenilemeUyariGunu,"30 GÜN İÇİNDE BİTİYOR","GEÇERLİ"))) | L11: =IF($A6="","",IF(COUNTA($A6:$J6)>=ZorunluTeminatAlanSayisi,"OK","EKSİK")) -> OK
I12: =$G12*(1-$H12) -> 0 | K12: =IF($F12="","",IF($F12<RaporTarihi,"SÜRESİ GEÇTİ",IF($F12-RaporTarihi<=YenilemeUyariGunu,"30 GÜN İÇİNDE BİTİYOR","GEÇERLİ"))) | L12: =IF($A6="","",IF(COUNTA($A6:$J6)>=ZorunluTeminatAlanSayisi,"OK","EKSİK")) -> OK
I13: =$G13*(1-$H13) -> 0 | K13: =IF($F13="","",IF($F13<RaporTarihi,"SÜRESİ GEÇTİ",IF($F13-RaporTarihi<=YenilemeUyariGunu,"30 GÜN İÇİNDE BİTİYOR","GEÇERLİ"))) | L13: =IF($A6="","",IF(COUNTA($A6:$J6)>=ZorunluTeminatAlanSayisi,"OK","EKSİK")) -> OK
I14: =$G14*(1-$H14) -> 0 | K14: =IF($F14="","",IF($F14<RaporTarihi,"SÜRESİ GEÇTİ",IF($F14-RaporTarihi<=YenilemeUyariGunu,"30 GÜN İÇİNDE BİTİYOR","GEÇERLİ"))) | L14: =IF($A6="","",IF(COUNTA($A6:$J6)>=ZorunluTeminatAlanSayisi,"OK","EKSİK")) -> OK
I15: =$G15*(1-$H15) -> 0 | K15: =IF($F15="","",IF($F15<RaporTarihi,"SÜRESİ GEÇTİ",IF($F15-RaporTarihi<=YenilemeUyariGunu,"30 GÜN İÇİNDE BİTİYOR","GEÇERLİ"))) | L15: =IF($A6="","",IF(COUNTA($A6:$J6)>=ZorunluTeminatAlanSayisi,"OK","EKSİK")) -> OK
I16: =$G16*(1-$H16) -> 0 | K16: =IF($F16="","",IF($F16<RaporTarihi,"SÜRESİ GEÇTİ",IF($F16-RaporTarihi<=YenilemeUyariGunu,"30 GÜN İÇİNDE BİTİYOR","GEÇERLİ"))) | L16: =IF($A6="","",IF(COUNTA($A6:$J6)>=ZorunluTeminatAlanSayisi,"OK","EKSİK")) -> OK
I17: =$G17*(1-$H17) -> 0 | K17: =IF($F17="","",IF($F17<RaporTarihi,"SÜRESİ GEÇTİ",IF($F17-RaporTarihi<=YenilemeUyariGunu,"30 GÜN İÇİNDE BİTİYOR","GEÇERLİ"))) | L17: =IF($A6="","",IF(COUNTA($A6:$J6)>=ZorunluTeminatAlanSayisi,"OK","EKSİK")) -> OK
I18: =$G18*(1-$H18) -> 0 | K18: =IF($F18="","",IF($F18<RaporTarihi,"SÜRESİ GEÇTİ",IF($F18-RaporTarihi<=YenilemeUyariGunu,"30 GÜN İÇİNDE BİTİYOR","GEÇERLİ"))) | L18: =IF($A6="","",IF(COUNTA($A6:$J6)>=ZorunluTeminatAlanSayisi,"OK","EKSİK")) -> OK
I19: =$G19*(1-$H19) -> 0 | K19: =IF($F19="","",IF($F19<RaporTarihi,"SÜRESİ GEÇTİ",IF($F19-RaporTarihi<=YenilemeUyariGunu,"30 GÜN İÇİNDE BİTİYOR","GEÇERLİ"))) | L19: =IF($A6="","",IF(COUNTA($A6:$J6)>=ZorunluTeminatAlanSayisi,"OK","EKSİK")) -> OK
I20: =$G20*(1-$H20) -> 0 | K20: =IF($F20="","",IF($F20<RaporTarihi,"SÜRESİ GEÇTİ",IF($F20-RaporTarihi<=YenilemeUyariGunu,"30 GÜN İÇİNDE BİTİYOR","GEÇERLİ"))) | L20: =IF($A6="","",IF(COUNTA($A6:$J6)>=ZorunluTeminatAlanSayisi,"OK","EKSİK")) -> OK
I21: =$G21*(1-$H21) -> 0 | K21: =IF($F21="","",IF($F21<RaporTarihi,"SÜRESİ GEÇTİ",IF($F21-RaporTarihi<=YenilemeUyariGunu,"30 GÜN İÇİNDE BİTİYOR","GEÇERLİ"))) | L21: =IF($A6="","",IF(COUNTA($A6:$J6)>=ZorunluTeminatAlanSayisi,"OK","EKSİK")) -> OK
I22: =$G22*(1-$H22) -> 0 | K22: =IF($F22="","",IF($F22<RaporTarihi,"SÜRESİ GEÇTİ",IF($F22-RaporTarihi<=YenilemeUyariGunu,"30 GÜN İÇİNDE BİTİYOR","GEÇERLİ"))) | L22: =IF($A6="","",IF(COUNTA($A6:$J6)>=ZorunluTeminatAlanSayisi,"OK","EKSİK")) -> OK
I23: =$G23*(1-$H23) -> 0 | K23: =IF($F23="","",IF($F23<RaporTarihi,"SÜRESİ GEÇTİ",IF($F23-RaporTarihi<=YenilemeUyariGunu,"30 GÜN İÇİNDE BİTİYOR","GEÇERLİ"))) | L23: =IF($A6="","",IF(COUNTA($A6:$J6)>=ZorunluTeminatAlanSayisi,"OK","EKSİK")) -> OK
I24: =$G24*(1-$H24) -> 0 | K24: =IF($F24="","",IF($F24<RaporTarihi,"SÜRESİ GEÇTİ",IF($F24-RaporTarihi<=YenilemeUyariGunu,"30 GÜN İÇİNDE BİTİYOR","GEÇERLİ"))) | L24: =IF($A6="","",IF(COUNTA($A6:$J6)>=ZorunluTeminatAlanSayisi,"OK","EKSİK")) -> OK
I25: =$G25*(1-$H25) -> 0 | K25: =IF($F25="","",IF($F25<RaporTarihi,"SÜRESİ GEÇTİ",IF($F25-RaporTarihi<=YenilemeUyariGunu,"30 GÜN İÇİNDE BİTİYOR","GEÇERLİ"))) | L25: =IF($A6="","",IF(COUNTA($A6:$J6)>=ZorunluTeminatAlanSayisi,"OK","EKSİK")) -> OK
I26: =$G26*(1-$H26) -> 0 | K26: =IF($F26="","",IF($F26<RaporTarihi,"SÜRESİ GEÇTİ",IF($F26-RaporTarihi<=YenilemeUyariGunu,"30 GÜN İÇİNDE BİTİYOR","GEÇERLİ"))) | L26: =IF($A6="","",IF(COUNTA($A6:$J6)>=ZorunluTeminatAlanSayisi,"OK","EKSİK")) -> OK
I27: =$G27*(1-$H27) -> 0 | K27: =IF($F27="","",IF($F27<RaporTarihi,"SÜRESİ GEÇTİ",IF($F27-RaporTarihi<=YenilemeUyariGunu,"30 GÜN İÇİNDE BİTİYOR","GEÇERLİ"))) | L27: =IF($A6="","",IF(COUNTA($A6:$J6)>=ZorunluTeminatAlanSayisi,"OK","EKSİK")) -> OK
I28: =$G28*(1-$H28) -> 0 | K28: =IF($F28="","",IF($F28<RaporTarihi,"SÜRESİ GEÇTİ",IF($F28-RaporTarihi<=YenilemeUyariGunu,"30 GÜN İÇİNDE BİTİYOR","GEÇERLİ"))) | L28: =IF($A6="","",IF(COUNTA($A6:$J6)>=ZorunluTeminatAlanSayisi,"OK","EKSİK")) -> OK
I29: =$G29*(1-$H29) -> 0 | K29: =IF($F29="","",IF($F29<RaporTarihi,"SÜRESİ GEÇTİ",IF($F29-RaporTarihi<=YenilemeUyariGunu,"30 GÜN İÇİNDE BİTİYOR","GEÇERLİ"))) | L29: =IF($A6="","",IF(COUNTA($A6:$J6)>=ZorunluTeminatAlanSayisi,"OK","EKSİK")) -> OK
I30: =$G30*(1-$H30) -> 0 | K30: =IF($F30="","",IF($F30<RaporTarihi,"SÜRESİ GEÇTİ",IF($F30-RaporTarihi<=YenilemeUyariGunu,"30 GÜN İÇİNDE BİTİYOR","GEÇERLİ"))) | L30: =IF($A6="","",IF(COUNTA($A6:$J6)>=ZorunluTeminatAlanSayisi,"OK","EKSİK")) -> OK
I31: =$G31*(1-$H31) -> 0 | K31: =IF($F31="","",IF($F31<RaporTarihi,"SÜRESİ GEÇTİ",IF($F31-RaporTarihi<=YenilemeUyariGunu,"30 GÜN İÇİNDE BİTİYOR","GEÇERLİ"))) | L31: =IF($A6="","",IF(COUNTA($A6:$J6)>=ZorunluTeminatAlanSayisi,"OK","EKSİK")) -> OK
I32: =$G32*(1-$H32) -> 0 | K32: =IF($F32="","",IF($F32<RaporTarihi,"SÜRESİ GEÇTİ",IF($F32-RaporTarihi<=YenilemeUyariGunu,"30 GÜN İÇİNDE BİTİYOR","GEÇERLİ"))) | L32: =IF($A6="","",IF(COUNTA($A6:$J6)>=ZorunluTeminatAlanSayisi,"OK","EKSİK")) -> OK
I33: =$G33*(1-$H33) -> 0 | K33: =IF($F33="","",IF($F33<RaporTarihi,"SÜRESİ GEÇTİ",IF($F33-RaporTarihi<=YenilemeUyariGunu,"30 GÜN İÇİNDE BİTİYOR","GEÇERLİ"))) | L33: =IF($A6="","",IF(COUNTA($A6:$J6)>=ZorunluTeminatAlanSayisi,"OK","EKSİK")) -> OK
I34: =$G34*(1-$H34) -> 0 | K34: =IF($F34="","",IF($F34<RaporTarihi,"SÜRESİ GEÇTİ",IF($F34-RaporTarihi<=YenilemeUyariGunu,"30 GÜN İÇİNDE BİTİYOR","GEÇERLİ"))) | L34: =IF($A6="","",IF(COUNTA($A6:$J6)>=ZorunluTeminatAlanSayisi,"OK","EKSİK")) -> OK
I35: =$G35*(1-$H35) -> 0 | K35: =IF($F35="","",IF($F35<RaporTarihi,"SÜRESİ GEÇTİ",IF($F35-RaporTarihi<=YenilemeUyariGunu,"30 GÜN İÇİNDE BİTİYOR","GEÇERLİ"))) | L35: =IF($A6="","",IF(COUNTA($A6:$J6)>=ZorunluTeminatAlanSayisi,"OK","EKSİK")) -> OK
I36: =$G36*(1-$H36) -> 0 | K36: =IF($F36="","",IF($F36<RaporTarihi,"SÜRESİ GEÇTİ",IF($F36-RaporTarihi<=YenilemeUyariGunu,"30 GÜN İÇİNDE BİTİYOR","GEÇERLİ"))) | L36: =IF($A6="","",IF(COUNTA($A6:$J6)>=ZorunluTeminatAlanSayisi,"OK","EKSİK")) -> OK
I37: =$G37*(1-$H37) -> 0 | K37: =IF($F37="","",IF($F37<RaporTarihi,"SÜRESİ GEÇTİ",IF($F37-RaporTarihi<=YenilemeUyariGunu,"30 GÜN İÇİNDE BİTİYOR","GEÇERLİ"))) | L37: =IF($A6="","",IF(COUNTA($A6:$J6)>=ZorunluTeminatAlanSayisi,"OK","EKSİK")) -> OK
I38: =$G38*(1-$H38) -> 0 | K38: =IF($F38="","",IF($F38<RaporTarihi,"SÜRESİ GEÇTİ",IF($F38-RaporTarihi<=YenilemeUyariGunu,"30 GÜN İÇİNDE BİTİYOR","GEÇERLİ"))) | L38: =IF($A6="","",IF(COUNTA($A6:$J6)>=ZorunluTeminatAlanSayisi,"OK","EKSİK")) -> OK
I39: =$G39*(1-$H39) -> 0 | K39: =IF($F39="","",IF($F39<RaporTarihi,"SÜRESİ GEÇTİ",IF($F39-RaporTarihi<=YenilemeUyariGunu,"30 GÜN İÇİNDE BİTİYOR","GEÇERLİ"))) | L39: =IF($A6="","",IF(COUNTA($A6:$J6)>=ZorunluTeminatAlanSayisi,"OK","EKSİK")) -> OK
I40: =$G40*(1-$H40) -> 0 | K40: =IF($F40="","",IF($F40<RaporTarihi,"SÜRESİ GEÇTİ",IF($F40-RaporTarihi<=YenilemeUyariGunu,"30 GÜN İÇİNDE BİTİYOR","GEÇERLİ"))) | L40: =IF($A6="","",IF(COUNTA($A6:$J6)>=ZorunluTeminatAlanSayisi,"OK","EKSİK")) -> OK
I41: =$G41*(1-$H41) -> 0 | K41: =IF($F41="","",IF($F41<RaporTarihi,"SÜRESİ GEÇTİ",IF($F41-RaporTarihi<=YenilemeUyariGunu,"30 GÜN İÇİNDE BİTİYOR","GEÇERLİ"))) | L41: =IF($A6="","",IF(COUNTA($A6:$J6)>=ZorunluTeminatAlanSayisi,"OK","EKSİK")) -> OK
I42: =$G42*(1-$H42) -> 0 | K42: =IF($F42="","",IF($F42<RaporTarihi,"SÜRESİ GEÇTİ",IF($F42-RaporTarihi<=YenilemeUyariGunu,"30 GÜN İÇİNDE BİTİYOR","GEÇERLİ"))) | L42: =IF($A6="","",IF(COUNTA($A6:$J6)>=ZorunluTeminatAlanSayisi,"OK","EKSİK")) -> OK
I43: =$G43*(1-$H43) -> 0 | K43: =IF($F43="","",IF($F43<RaporTarihi,"SÜRESİ GEÇTİ",IF($F43-RaporTarihi<=YenilemeUyariGunu,"30 GÜN İÇİNDE BİTİYOR","GEÇERLİ"))) | L43: =IF($A6="","",IF(COUNTA($A6:$J6)>=ZorunluTeminatAlanSayisi,"OK","EKSİK")) -> OK
I44: =$G44*(1-$H44) -> 0 | K44: =IF($F44="","",IF($F44<RaporTarihi,"SÜRESİ GEÇTİ",IF($F44-RaporTarihi<=YenilemeUyariGunu,"30 GÜN İÇİNDE BİTİYOR","GEÇERLİ"))) | L44: =IF($A6="","",IF(COUNTA($A6:$J6)>=ZorunluTeminatAlanSayisi,"OK","EKSİK")) -> OK
I45: =$G45*(1-$H45) -> 0 | K45: =IF($F45="","",IF($F45<RaporTarihi,"SÜRESİ GEÇTİ",IF($F45-RaporTarihi<=YenilemeUyariGunu,"30 GÜN İÇİNDE BİTİYOR","GEÇERLİ"))) | L45: =IF($A6="","",IF(COUNTA($A6:$J6)>=ZorunluTeminatAlanSayisi,"OK","EKSİK")) -> OK

Sheet ILETISIM_TAKIP
A1: ILETISIM TAKIP — CARİ HESAP, TAHSİLAT VE MÜŞTERİ RİSK TAKİP SİSTEMİ
A3: İLETİŞİM VE ÖDEME SÖZÜ TAKİBİ
A5: Takip Kayıt Numarası | B5: Tarih | C5: Müşteri Kodu | D5: Yetkili Kişi | E5: Kanal | F5: Görüşme Sonucu | G5: Söz Verilen Tarih | H5: Söz Verilen Tutar | I5: Sonraki Aksiyon | J5: Sorumlu | K5: Söz Gecikme Günü | L5: Söz Durumu
A6: IT001 | B6: 46235 | C6: M003 | D6: Mali İşler Müdürü | E6: Telefon | F6: Kısmi ödeme sözü | G6: 46237 | H6: 150000 | I6: Ödeme dekontunu teyit et | J6: Zeynep Kaya | K6: =IF($B6="","",IF($G6="","",MAX(0,RaporTarihi-$G6))) -> 2 | L6: =IF($B6="","",IF($G6="","BEKLİYOR",IF(RaporTarihi-$G6>0,"SÖZ GECİKTİ",IF($F6="Yerine getirildi","YERİNE GETİRİLDİ","BEKLİYOR")))) -> SÖZ GECİKTİ
A7: IT002 | B7: 46236 | C7: M004 | D7: Finans Uzmanı | E7: E-posta | F7: İtiraz dosyası bekleniyor | G7: 46242 | H7: 400000 | I7: Mutabakat toplantısı planla | J7: Kemal Şahin | K7: =IF($B7="","",IF($G7="","",MAX(0,RaporTarihi-$G7))) -> 0 | L7: =IF($B7="","",IF($G7="","BEKLİYOR",IF(RaporTarihi-$G7>0,"SÖZ GECİKTİ",IF($F7="Yerine getirildi","YERİNE GETİRİLDİ","BEKLİYOR")))) -> BEKLİYOR
K8: =IF($B8="","",IF($G8="","",MAX(0,RaporTarihi-$G8))) | L8: =IF($B8="","",IF($G8="","BEKLİYOR",IF(RaporTarihi-$G8>0,"SÖZ GECİKTİ",IF($F8="Yerine getirildi","YERİNE GETİRİLDİ","BEKLİYOR"))))
K9: =IF($B9="","",IF($G9="","",MAX(0,RaporTarihi-$G9))) | L9: =IF($B9="","",IF($G9="","BEKLİYOR",IF(RaporTarihi-$G9>0,"SÖZ GECİKTİ",IF($F9="Yerine getirildi","YERİNE GETİRİLDİ","BEKLİYOR"))))
K10: =IF($B10="","",IF($G10="","",MAX(0,RaporTarihi-$G10))) | L10: =IF($B10="","",IF($G10="","BEKLİYOR",IF(RaporTarihi-$G10>0,"SÖZ GECİKTİ",IF($F10="Yerine getirildi","YERİNE GETİRİLDİ","BEKLİYOR"))))
K11: =IF($B11="","",IF($G11="","",MAX(0,RaporTarihi-$G11))) | L11: =IF($B11="","",IF($G11="","BEKLİYOR",IF(RaporTarihi-$G11>0,"SÖZ GECİKTİ",IF($F11="Yerine getirildi","YERİNE GETİRİLDİ","BEKLİYOR"))))
K12: =IF($B12="","",IF($G12="","",MAX(0,RaporTarihi-$G12))) | L12: =IF($B12="","",IF($G12="","BEKLİYOR",IF(RaporTarihi-$G12>0,"SÖZ GECİKTİ",IF($F12="Yerine getirildi","YERİNE GETİRİLDİ","BEKLİYOR"))))
K13: =IF($B13="","",IF($G13="","",MAX(0,RaporTarihi-$G13))) | L13: =IF($B13="","",IF($G13="","BEKLİYOR",IF(RaporTarihi-$G13>0,"SÖZ GECİKTİ",IF($F13="Yerine getirildi","YERİNE GETİRİLDİ","BEKLİYOR"))))
K14: =IF($B14="","",IF($G14="","",MAX(0,RaporTarihi-$G14))) | L14: =IF($B14="","",IF($G14="","BEKLİYOR",IF(RaporTarihi-$G14>0,"SÖZ GECİKTİ",IF($F14="Yerine getirildi","YERİNE GETİRİLDİ","BEKLİYOR"))))
K15: =IF($B15="","",IF($G15="","",MAX(0,RaporTarihi-$G15))) | L15: =IF($B15="","",IF($G15="","BEKLİYOR",IF(RaporTarihi-$G15>0,"SÖZ GECİKTİ",IF($F15="Yerine getirildi","YERİNE GETİRİLDİ","BEKLİYOR"))))
K16: =IF($B16="","",IF($G16="","",MAX(0,RaporTarihi-$G16))) | L16: =IF($B16="","",IF($G16="","BEKLİYOR",IF(RaporTarihi-$G16>0,"SÖZ GECİKTİ",IF($F16="Yerine getirildi","YERİNE GETİRİLDİ","BEKLİYOR"))))
K17: =IF($B17="","",IF($G17="","",MAX(0,RaporTarihi-$G17))) | L17: =IF($B17="","",IF($G17="","BEKLİYOR",IF(RaporTarihi-$G17>0,"SÖZ GECİKTİ",IF($F17="Yerine getirildi","YERİNE GETİRİLDİ","BEKLİYOR"))))
K18: =IF($B18="","",IF($G18="","",MAX(0,RaporTarihi-$G18))) | L18: =IF($B18="","",IF($G18="","BEKLİYOR",IF(RaporTarihi-$G18>0,"SÖZ GECİKTİ",IF($F18="Yerine getirildi","YERİNE GETİRİLDİ","BEKLİYOR"))))
K19: =IF($B19="","",IF($G19="","",MAX(0,RaporTarihi-$G19))) | L19: =IF($B19="","",IF($G19="","BEKLİYOR",IF(RaporTarihi-$G19>0,"SÖZ GECİKTİ",IF($F19="Yerine getirildi","YERİNE GETİRİLDİ","BEKLİYOR"))))
... K45: =IF($B45="","",IF($G45="","",MAX(0,RaporTarihi-$G45))) | L45: =IF($B45="","",IF($G45="","BEKLİYOR",IF(RaporTarihi-$G45>0,"SÖZ GECİKTİ",IF($F45="Yerine getirildi","YERİNE GETİRİLDİ","BEKLİYOR"))))

Sheet YASLANDIRMA
A1: YASLANDIRMA — CARİ HESAP, TAHSİLAT VE MÜŞTERİ RİSK TAKİP SİSTEMİ
A3: ALACAK YAŞLANDIRMA ANALİZİ
A5: Fatura Numarası | B5: Müşteri Kodu | C5: Vade Tarihi | D5: Net Fatura | E5: Kesin Tahsilat | F5: Açık Tutar | G5: Gecikme Günü | H5: Yaşlandırma | I5: İtirazlı Tutar | J5: Teminat Kapsamı
A6: =FATURALAR!$B6 -> 2026-001 | B6: =FATURALAR!$C6 -> M001 | C6: =FATURALAR!$E6 -> 46151 | D6: =FATURALAR!$K6 -> 750000 | E6: =SUMIFS(tblTahsilatlar[Tahsilat Tutarı],tblTahsilatlar[Fatura Numarası],$A6,tblTahsilatlar[Kesinleşti mi?],"Evet") -> 550000 | F6: =IF($D6="","",MAX(0,$D6-$E6)) -> 200000 | G6: =IF($F6="","",IF($F6=0,0,MAX(0,RaporTarihi-$C6))) -> 88 | H6: =IF($F6="","",IF($F6=0,"KAPALI",IF($G6<=0,"VADESİ GELMEMİŞ",IF($G6<=YaslamaDilim1,"1-"&TEXT(YaslamaDilim1,"0"),IF($G6<=YaslamaDilim2,TEXT(YaslamaDilim1+1,"0")&"-"&TEXT(YaslamaDilim2,"0"),IF($G6<=YaslamaDilim3,TEXT(YaslamaDilim2+1,"0")&"-"&TEXT(YaslamaDilim3,"0"),TEXT(YaslamaDilim3+1,"0")&"+")))))) -> 61+ | I6: =IF(FATURALAR!$L6=0,"",FATURALAR!$L6) | J6: =IF(FATURALAR!$M6=0,"",FATURALAR!$M6)
A7: =FATURALAR!$B7 -> 2026-002 | B7: =FATURALAR!$C7 -> M001 | C7: =FATURALAR!$E7 -> 46248 | D7: =FATURALAR!$K7 -> 520000 | E7: =SUMIFS(tblTahsilatlar[Tahsilat Tutarı],tblTahsilatlar[Fatura Numarası],$A7,tblTahsilatlar[Kesinleşti mi?],"Evet") -> 0 | F7: =IF($D7="","",MAX(0,$D7-$E7)) -> 520000 | G7: =IF($F7="","",IF($F7=0,0,MAX(0,RaporTarihi-$C7))) -> 0 | H7: =IF($F7="","",IF($F7=0,"KAPALI",IF($G7<=0,"VADESİ GELMEMİŞ",IF($G7<=YaslamaDilim1,"1-"&TEXT(YaslamaDilim1,"0"),IF($G7<=YaslamaDilim2,TEXT(YaslamaDilim1+1,"0")&"-"&TEXT(YaslamaDilim2,"0"),IF($G7<=YaslamaDilim3,TEXT(YaslamaDilim2+1,"0")&"-"&TEXT(YaslamaDilim3,"0"),TEXT(YaslamaDilim3+1,"0")&"+")))))) -> VADESİ GELMEMİŞ | I7: =IF(FATURALAR!$L7=0,"",FATURALAR!$L7) | J7: =IF(FATURALAR!$M7=0,"",FATURALAR!$M7)
A8: =FATURALAR!$B8 -> 2026-003 | B8: =FATURALAR!$C8 -> M002 | C8: =FATURALAR!$E8 -> 46249 | D8: =FATURALAR!$K8 -> 400000 | E8: =SUMIFS(tblTahsilatlar[Tahsilat Tutarı],tblTahsilatlar[Fatura Numarası],$A8,tblTahsilatlar[Kesinleşti mi?],"Evet") -> 180000 | F8: =IF($D8="","",MAX(0,$D8-$E8)) -> 220000 | G8: =IF($F8="","",IF($F8=0,0,MAX(0,RaporTarihi-$C8))) -> 0 | H8: =IF($F8="","",IF($F8=0,"KAPALI",IF($G8<=0,"VADESİ GELMEMİŞ",IF($G8<=YaslamaDilim1,"1-"&TEXT(YaslamaDilim1,"0"),IF($G8<=YaslamaDilim2,TEXT(YaslamaDilim1+1,"0")&"-"&TEXT(YaslamaDilim2,"0"),IF($G8<=YaslamaDilim3,TEXT(YaslamaDilim2+1,"0")&"-"&TEXT(YaslamaDilim3,"0"),TEXT(YaslamaDilim3+1,"0")&"+")))))) -> VADESİ GELMEMİŞ | I8: =IF(FATURALAR!$L8=0,"",FATURALAR!$L8) | J8: =IF(FATURALAR!$M8=0,"",FATURALAR!$M8)
A9: =FATURALAR!$B9 -> 2026-004 | B9: =FATURALAR!$C9 -> M003 | C9: =FATURALAR!$E9 -> 46192 | D9: =FATURALAR!$K9 -> 680000 | E9: =SUMIFS(tblTahsilatlar[Tahsilat Tutarı],tblTahsilatlar[Fatura Numarası],$A9,tblTahsilatlar[Kesinleşti mi?],"Evet") -> 0 | F9: =IF($D9="","",MAX(0,$D9-$E9)) -> 680000 | G9: =IF($F9="","",IF($F9=0,0,MAX(0,RaporTarihi-$C9))) -> 47 | H9: =IF($F9="","",IF($F9=0,"KAPALI",IF($G9<=0,"VADESİ GELMEMİŞ",IF($G9<=YaslamaDilim1,"1-"&TEXT(YaslamaDilim1,"0"),IF($G9<=YaslamaDilim2,TEXT(YaslamaDilim1+1,"0")&"-"&TEXT(YaslamaDilim2,"0"),IF($G9<=YaslamaDilim3,TEXT(YaslamaDilim2+1,"0")&"-"&TEXT(YaslamaDilim3,"0"),TEXT(YaslamaDilim3+1,"0")&"+")))))) -> 31-60 | I9: =IF(FATURALAR!$L9=0,"",FATURALAR!$L9) -> 150000 | J9: =IF(FATURALAR!$M9=0,"",FATURALAR!$M9)
A10: =FATURALAR!$B10 -> 2026-005 | B10: =FATURALAR!$C10 -> M004 | C10: =FATURALAR!$E10 -> 46153 | D10: =FATURALAR!$K10 -> 1500000 | E10: =SUMIFS(tblTahsilatlar[Tahsilat Tutarı],tblTahsilatlar[Fatura Numarası],$A10,tblTahsilatlar[Kesinleşti mi?],"Evet") -> 0 | F10: =IF($D10="","",MAX(0,$D10-$E10)) -> 1500000 | G10: =IF($F10="","",IF($F10=0,0,MAX(0,RaporTarihi-$C10))) -> 86 | H10: =IF($F10="","",IF($F10=0,"KAPALI",IF($G10<=0,"VADESİ GELMEMİŞ",IF($G10<=YaslamaDilim1,"1-"&TEXT(YaslamaDilim1,"0"),IF($G10<=YaslamaDilim2,TEXT(YaslamaDilim1+1,"0")&"-"&TEXT(YaslamaDilim2,"0"),IF($G10<=YaslamaDilim3,TEXT(YaslamaDilim2+1,"0")&"-"&TEXT(YaslamaDilim3,"0"),TEXT(YaslamaDilim3+1,"0")&"+")))))) -> 61+ | I10: =IF(FATURALAR!$L10=0,"",FATURALAR!$L10) | J10: =IF(FATURALAR!$M10=0,"",FATURALAR!$M10)
A11: =FATURALAR!$B11 -> 2026-006 | B11: =FATURALAR!$C11 -> M003 | C11: =FATURALAR!$E11 -> 46243 | D11: =FATURALAR!$K11 -> 260000 | E11: =SUMIFS(tblTahsilatlar[Tahsilat Tutarı],tblTahsilatlar[Fatura Numarası],$A11,tblTahsilatlar[Kesinleşti mi?],"Evet") -> 0 | F11: =IF($D11="","",MAX(0,$D11-$E11)) -> 260000 | G11: =IF($F11="","",IF($F11=0,0,MAX(0,RaporTarihi-$C11))) -> 0 | H11: =IF($F11="","",IF($F11=0,"KAPALI",IF($G11<=0,"VADESİ GELMEMİŞ",IF($G11<=YaslamaDilim1,"1-"&TEXT(YaslamaDilim1,"0"),IF($G11<=YaslamaDilim2,TEXT(YaslamaDilim1+1,"0")&"-"&TEXT(YaslamaDilim2,"0"),IF($G11<=YaslamaDilim3,TEXT(YaslamaDilim2+1,"0")&"-"&TEXT(YaslamaDilim3,"0"),TEXT(YaslamaDilim3+1,"0")&"+")))))) -> VADESİ GELMEMİŞ | I11: =IF(FATURALAR!$L11=0,"",FATURALAR!$L11) | J11: =IF(FATURALAR!$M11=0,"",FATURALAR!$M11)
A12: =FATURALAR!$B12 -> 0 | B12: =FATURALAR!$C12 -> 0 | C12: =FATURALAR!$E12 -> 0 | D12: =FATURALAR!$K12 | E12: =SUMIFS(tblTahsilatlar[Tahsilat Tutarı],tblTahsilatlar[Fatura Numarası],$A12,tblTahsilatlar[Kesinleşti mi?],"Evet") -> 0 | F12: =IF($D12="","",MAX(0,$D12-$E12)) | G12: =IF($F12="","",IF($F12=0,0,MAX(0,RaporTarihi-$C12))) | H12: =IF($F12="","",IF($F12=0,"KAPALI",IF($G12<=0,"VADESİ GELMEMİŞ",IF($G12<=YaslamaDilim1,"1-"&TEXT(YaslamaDilim1,"0"),IF($G12<=YaslamaDilim2,TEXT(YaslamaDilim1+1,"0")&"-"&TEXT(YaslamaDilim2,"0"),IF($G12<=YaslamaDilim3,TEXT(YaslamaDilim2+1,"0")&"-"&TEXT(YaslamaDilim3,"0"),TEXT(YaslamaDilim3+1,"0")&"+")))))) | I12: =IF(FATURALAR!$L12=0,"",FATURALAR!$L12) | J12: =IF(FATURALAR!$M12=0,"",FATURALAR!$M12)
A13: =FATURALAR!$B13 -> 0 | B13: =FATURALAR!$C13 -> 0 | C13: =FATURALAR!$E13 -> 0 | D13: =FATURALAR!$K13 | E13: =SUMIFS(tblTahsilatlar[Tahsilat Tutarı],tblTahsilatlar[Fatura Numarası],$A13,tblTahsilatlar[Kesinleşti mi?],"Evet") -> 0 | F13: =IF($D13="","",MAX(0,$D13-$E13)) | G13: =IF($F13="","",IF($F13=0,0,MAX(0,RaporTarihi-$C13))) | H13: =IF($F13="","",IF($F13=0,"KAPALI",IF($G13<=0,"VADESİ GELMEMİŞ",IF($G13<=YaslamaDilim1,"1-"&TEXT(YaslamaDilim1,"0"),IF($G13<=YaslamaDilim2,TEXT(YaslamaDilim1+1,"0")&"-"&TEXT(YaslamaDilim2,"0"),IF($G13<=YaslamaDilim3,TEXT(YaslamaDilim2+1,"0")&"-"&TEXT(YaslamaDilim3,"0"),TEXT(YaslamaDilim3+1,"0")&"+")))))) | I13: =IF(FATURALAR!$L13=0,"",FATURALAR!$L13) | J13: =IF(FATURALAR!$M13=0,"",FATURALAR!$M13)
A14: =FATURALAR!$B14 -> 0 | B14: =FATURALAR!$C14 -> 0 | C14: =FATURALAR!$E14 -> 0 | D14: =FATURALAR!$K14 | E14: =SUMIFS(tblTahsilatlar[Tahsilat Tutarı],tblTahsilatlar[Fatura Numarası],$A14,tblTahsilatlar[Kesinleşti mi?],"Evet") -> 0 | F14: =IF($D14="","",MAX(0,$D14-$E14)) | G14: =IF($F14="","",IF($F14=0,0,MAX(0,RaporTarihi-$C14))) | H14: =IF($F14="","",IF($F14=0,"KAPALI",IF($G14<=0,"VADESİ GELMEMİŞ",IF($G14<=YaslamaDilim1,"1-"&TEXT(YaslamaDilim1,"0"),IF($G14<=YaslamaDilim2,TEXT(YaslamaDilim1+1,"0")&"-"&TEXT(YaslamaDilim2,"0"),IF($G14<=YaslamaDilim3,TEXT(YaslamaDilim2+1,"0")&"-"&TEXT(YaslamaDilim3,"0"),TEXT(YaslamaDilim3+1,"0")&"+")))))) | I14: =IF(FATURALAR!$L14=0,"",FATURALAR!$L14) | J14: =IF(FATURALAR!$M14=0,"",FATURALAR!$M14)
A15: =FATURALAR!$B15 -> 0 | B15: =FATURALAR!$C15 -> 0 | C15: =FATURALAR!$E15 -> 0 | D15: =FATURALAR!$K15 | E15: =SUMIFS(tblTahsilatlar[Tahsilat Tutarı],tblTahsilatlar[Fatura Numarası],$A15,tblTahsilatlar[Kesinleşti mi?],"Evet") -> 0 | F15: =IF($D15="","",MAX(0,$D15-$E15)) | G15: =IF($F15="","",IF($F15=0,0,MAX(0,RaporTarihi-$C15))) | H15: =IF($F15="","",IF($F15=0,"KAPALI",IF($G15<=0,"VADESİ GELMEMİŞ",IF($G15<=YaslamaDilim1,"1-"&TEXT(YaslamaDilim1,"0"),IF($G15<=YaslamaDilim2,TEXT(YaslamaDilim1+1,"0")&"-"&TEXT(YaslamaDilim2,"0"),IF($G15<=YaslamaDilim3,TEXT(YaslamaDilim2+1,"0")&"-"&TEXT(YaslamaDilim3,"0"),TEXT(YaslamaDilim3+1,"0")&"+")))))) | I15: =IF(FATURALAR!$L15=0,"",FATURALAR!$L15) | J15: =IF(FATURALAR!$M15=0,"",FATURALAR!$M15)
A16: =FATURALAR!$B16 -> 0 | B16: =FATURALAR!$C16 -> 0 | C16: =FATURALAR!$E16 -> 0 | D16: =FATURALAR!$K16 | E16: =SUMIFS(tblTahsilatlar[Tahsilat Tutarı],tblTahsilatlar[Fatura Numarası],$A16,tblTahsilatlar[Kesinleşti mi?],"Evet") -> 0 | F16: =IF($D16="","",MAX(0,$D16-$E16)) | G16: =IF($F16="","",IF($F16=0,0,MAX(0,RaporTarihi-$C16))) | H16: =IF($F16="","",IF($F16=0,"KAPALI",IF($G16<=0,"VADESİ GELMEMİŞ",IF($G16<=YaslamaDilim1,"1-"&TEXT(YaslamaDilim1,"0"),IF($G16<=YaslamaDilim2,TEXT(YaslamaDilim1+1,"0")&"-"&TEXT(YaslamaDilim2,"0"),IF($G16<=YaslamaDilim3,TEXT(YaslamaDilim2+1,"0")&"-"&TEXT(YaslamaDilim3,"0"),TEXT(YaslamaDilim3+1,"0")&"+")))))) | I16: =IF(FATURALAR!$L16=0,"",FATURALAR!$L16) | J16: =IF(FATURALAR!$M16=0,"",FATURALAR!$M16)
A17: =FATURALAR!$B17 -> 0 | B17: =FATURALAR!$C17 -> 0 | C17: =FATURALAR!$E17 -> 0 | D17: =FATURALAR!$K17 | E17: =SUMIFS(tblTahsilatlar[Tahsilat Tutarı],tblTahsilatlar[Fatura Numarası],$A17,tblTahsilatlar[Kesinleşti mi?],"Evet") -> 0 | F17: =IF($D17="","",MAX(0,$D17-$E17)) | G17: =IF($F17="","",IF($F17=0,0,MAX(0,RaporTarihi-$C17))) | H17: =IF($F17="","",IF($F17=0,"KAPALI",IF($G17<=0,"VADESİ GELMEMİŞ",IF($G17<=YaslamaDilim1,"1-"&TEXT(YaslamaDilim1,"0"),IF($G17<=YaslamaDilim2,TEXT(YaslamaDilim1+1,"0")&"-"&TEXT(YaslamaDilim2,"0"),IF($G17<=YaslamaDilim3,TEXT(YaslamaDilim2+1,"0")&"-"&TEXT(YaslamaDilim3,"0"),TEXT(YaslamaDilim3+1,"0")&"+")))))) | I17: =IF(FATURALAR!$L17=0,"",FATURALAR!$L17) | J17: =IF(FATURALAR!$M17=0,"",FATURALAR!$M17)
... A45: =FATURALAR!$B45 -> 0 | B45: =FATURALAR!$C45 -> 0 | C45: =FATURALAR!$E45 -> 0 | D45: =FATURALAR!$K45 | E45: =SUMIFS(tblTahsilatlar[Tahsilat Tutarı],tblTahsilatlar[Fatura Numarası],$A45,tblTahsilatlar[Kesinleşti mi?],"Evet") -> 0 | F45: =IF($D45="","",MAX(0,$D45-$E45)) | G45: =IF($F45="","",IF($F45=0,0,MAX(0,RaporTarihi-$C45))) | H45: =IF($F45="","",IF($F45=0,"KAPALI",IF($G45<=0,"VADESİ GELMEMİŞ",IF($G45<=YaslamaDilim1,"1-"&TEXT(YaslamaDilim1,"0"),IF($G45<=YaslamaDilim2,TEXT(YaslamaDilim1+1,"0")&"-"&TEXT(YaslamaDilim2,"0"),IF($G45<=YaslamaDilim3,TEXT(YaslamaDilim2+1,"0")&"-"&TEXT(YaslamaDilim3,"0"),TEXT(YaslamaDilim3+1,"0")&"+")))))) | I45: =IF(FATURALAR!$L45=0,"",FATURALAR!$L45) | J45: =IF(FATURALAR!$M45=0,"",FATURALAR!$M45)

Sheet ANALITIK_MOTOR
A1: ANALITIK MOTOR — CARİ HESAP, TAHSİLAT VE MÜŞTERİ RİSK TAKİP SİSTEMİ
A3: ANALİTİK MOTOR — DERİNLİK KATMANI
A5: Kod | B5: Gösterge | C5: Değer | D5: Makine Yorumu
A6: T1 | B6: Vadesi Geçmiş Alacak | C6: =SUMIFS(tblYaslandirma[Açık Tutar],tblYaslandirma[Gecikme Günü],">0") -> 2380000 | D6: =_xlfn.TEXTJOIN("; ",TRUE(),"Vadesi geçmiş alacak ",TEXT(C6,"₺ #,##0")," — bu tutar tahsilat planının birincil hedefidir") -> Vadesi geçmiş alacak ; ₺ 2380000,000; — bu tutar tahsilat planının birincil hedefidir
A7: T2 | B7: Tahsilat Trend Ortalaması | C7: =AVERAGE(PANO!$H$16:$H$19) -> 182500 | D7: =_xlfn.TEXTJOIN("; ",TRUE(),"Aylık tahsilat ortalaması ",TEXT(C7,"₺ #,##0")," TL — eğilim bu seviyede seyrediyor") -> Aylık tahsilat ortalaması ; ₺ 182500,000; TL — eğilim bu seviyede seyrediyor
A8: T3 | B8: En Yüksek Müşteri Yoğunlaşması | C8: =MAX(tblRisk[Yoğunlaşma Oranı]) -> 0.44378698 | D8: =_xlfn.TEXTJOIN("; ",TRUE(),"En yüksek müşteri yoğunlaşması ",TEXT(C8,"0,0%")," — tek müşteriye aşırı bağımlılık risk taşır") -> En yüksek müşteri yoğunlaşması ; 44,4%; — tek müşteriye aşırı bağımlılık risk taşır
A9: T4 | B9: Dönemler Arası Tahsilat Farkı | C9: =PANO!$H$19-PANO!$H$16 -> -120000 | D9: =_xlfn.TEXTJOIN("; ",TRUE(),"Dönemler arası tahsilat farkı ",TEXT(C9,"₺ #,##0")," TL — artış nakit gücünü gösterir") -> Dönemler arası tahsilat farkı ; -₺ 120000,000; TL — artış nakit gücünü gösterir
A10: T5 | B10: Mutabakat Farkı (Fatura-Tahsilat) | C10: =SUM(tblFaturalar[Net Fatura])-SUMIFS(tblTahsilatlar[Tahsilat Tutarı],tblTahsilatlar[Kesinleşti mi?],"Evet") -> 3380000 | D10: =_xlfn.TEXTJOIN("; ",TRUE(),"Fatura ile kesin tahsilat arasındaki fark ",TEXT(C10,"₺ #,##0")," TL — bu tutar açık alacağın kaynağıdır") -> Fatura ile kesin tahsilat arasındaki fark ; ₺ 3380000,000; TL — bu tutar açık alacağın kaynağıdır
A11: T6 | B11: Vadesi Geçmiş Kırılım Oranı | C11: =IF(SUM(tblYaslandirma[Açık Tutar])=0,0,SUMIFS(tblYaslandirma[Açık Tutar],tblYaslandirma[Gecikme Günü],">0")/SUM(tblYaslandirma[Açık Tutar])) -> 0.70414201 | D11: =_xlfn.TEXTJOIN("; ",TRUE(),"Açık bakiyenin ",TEXT(C11,"0,0%")," i vadesi geçmiş — oran ",IF(C11>VadeGecikmeEsik,"yüksek, öncelikli aksiyon gerekli","kontrol altında")) -> Açık bakiyenin ; 70,4%; i vadesi geçmiş — oran ; yüksek, öncelikli aksiyon gerekli
A12: O1 | B12: Aylık Tahsilat Sapması (MAD) | C12: =_xlfn.STDEV.P(PANO!$H$16:$H$19) -> 113660.68 | D12: =_xlfn.TEXTJOIN("; ",TRUE(),"Aylık tahsilat sapması ",TEXT(C12,"₺ #,##0")," TL — sapma yüksekse tahsilat öngörülemezdir") -> Aylık tahsilat sapması ; ₺ 113660,679; TL — sapma yüksekse tahsilat öngörülemezdir
A13: O2 | B13: Riskli Müşteri Sayısı | C13: =COUNTIF(tblRisk[Risk Skoru],">69") -> 2 | D13: =_xlfn.TEXTJOIN("; ",TRUE(),"Risk skoru 70 üzeri ",C13," müşteri var — bu müşterilerin satışı teminata bağlanmalı") -> Risk skoru 70 üzeri ; 2; müşteri var — bu müşterilerin satışı teminata bağlanmalı
A14: O3 | B14: Kötümser Senaryo Açık Bakiye | C14: =PANO!$B$6*(1+DuyarliOran) -> 0 | D14: =_xlfn.TEXTJOIN("; ",TRUE(),"Kötümser senaryoda açık bakiye ",TEXT(C14,"₺ #,##0")," TL olur — tahsilat başarısı düşerse") -> Kötümser senaryoda açık bakiye ; ₺ ,000; TL olur — tahsilat başarısı düşerse
A15: O4 | B15: Nakit Dönüşüm Oranı | C15: =IF(SUM(tblFaturalar[Net Fatura])=0,0,SUMIFS(tblTahsilatlar[Tahsilat Tutarı],tblTahsilatlar[Kesinleşti mi?],"Evet")/SUM(tblFaturalar[Net Fatura])) -> 0.17761557 | D15: =_xlfn.TEXTJOIN("; ",TRUE(),"Faturaların ",TEXT(C15,"0,0%")," i nakit tahsilata dönmüş — düşükse vade süresi uzun demektir") -> Faturaların ; 17,8%; i nakit tahsilata dönmüş — düşükse vade süresi uzun demektir
A16: O5 | B16: Gecikme Maliyeti | C16: =IFERROR(SUMIFS(tblYaslandirma[Açık Tutar],tblYaslandirma[Gecikme Günü],">0")*FinansmanMaliyeti/365*AVERAGEIFS(tblYaslandirma[Gecikme Günü],tblYaslandirma[Gecikme Günü],">0"),0) -> 144104.11 | D16: =_xlfn.TEXTJOIN("; ",TRUE(),"Vadesi geçen alacakların finansman maliyeti ",TEXT(C16,"₺ #,##0")," TL — bu kayıp tahsilat hızlandırılarak azaltılabilir") -> Vadesi geçen alacakların finansman maliyeti ; ₺ 144104,110; TL — bu kayıp tahsilat hızlandırılarak azaltılabilir
A17: O6 | B17: Yoğunlaşma Riski (HHI) | C17: =SUMPRODUCT(tblRisk[Yoğunlaşma Oranı],tblRisk[Yoğunlaşma Oranı]) -> 0.32390322 | D17: =_xlfn.TEXTJOIN("; ",TRUE(),"HHI yoğunlaşma endeksi ",TEXT(C17,"0.000")," — 0,18 üzeri tek müşteri grubuna bağımlılık riskini gösterir") -> HHI yoğunlaşma endeksi ; 0.000; — 0,18 üzeri tek müşteri grubuna bağımlılık riskini gösterir
A18: O8 | B18: Ortalama Veri Kalitesi Skoru | C18: =AVERAGE(tblRisk[Veri Kalitesi]) -> 100 | D18: =_xlfn.TEXTJOIN("; ",TRUE(),"Ortalama veri kalitesi ",TEXT(C18,"0")," puan — ",IF(C18>=KaliteSkorEsik,"yüksek güven","veri girişi tamamlanmalı")) -> Ortalama veri kalitesi ; 100; puan — ; yüksek güven
A19: I1 | B19: Tahsilat Trend Tahmini | C19: =TREND(PANO!$H$16:$H$19) -> 199000 | D19: =_xlfn.TEXTJOIN("; ",TRUE(),"Trend eğilim değeri ",TEXT(C19,"₺ #,##0")," TL — eğilim sürerse gelecek dönem tahsilatı bu yönde şekillenir") -> Trend eğilim değeri ; ₺ 199000,000; TL — eğilim sürerse gelecek dönem tahsilatı bu yönde şekillenir
A20: I2 | B20: Tahsilat Yüzdelik P90 | C20: =_xlfn.PERCENTILE.INC(PANO!$H$16:$H$19,P90Oran) -> 285000 | D20: =_xlfn.TEXTJOIN("; ",TRUE(),"Tahsilatların %90 i ",TEXT(C20,"₺ #,##0")," TL altında gerçekleşir — üst sınır bütçe için kullanılabilir") -> Tahsilatların %90 i ; ₺ 285000,000; TL altında gerçekleşir — üst sınır bütçe için kullanılabilir
A21: I7 | B21: Nakit Açığı (Tahsilat Hedefi) | C21: =SUM(tblYaslandirma[Açık Tutar])-SUMIFS(tblTahsilatlar[Tahsilat Tutarı],tblTahsilatlar[Kesinleşti mi?],"Evet") -> 2650000 | D21: =_xlfn.TEXTJOIN("; ",TRUE(),"Kapatılması gereken nakit açığı ",TEXT(C21,"₺ #,##0")," TL — tahsilat hedefi bu tutarın tamamıdır") -> Kapatılması gereken nakit açığı ; ₺ 2650000,000; TL — tahsilat hedefi bu tutarın tamamıdır

Sheet MUSTERI_RISK_SKORU
A1: MUSTERI RISK SKORU — CARİ HESAP, TAHSİLAT VE MÜŞTERİ RİSK TAKİP SİSTEMİ
A3: MÜŞTERİ RİSK SKORU
A5: Müşteri Kodu | B5: Unvan | C5: Açık Bakiye | D5: Risk Limiti | E5: Kullanılabilir Limit | F5: Limit Kullanım Oranı | G5: Vadesi Geçmiş | H5: Vadesi Geçmiş Oranı | I5: Maks Gecikme Günü | J5: Teminat Değeri | K5: Net Risk | L5: Yoğunlaşma Oranı | M5: İtirazlı Tutar | N5: Gecikme Katkısı | O5: Vade Katkısı | P5: Limit Katkısı | Q5: Teminat Katkısı | R5: İtiraz Katkısı | S5: Statü Katkısı | T5: Veri Kalitesi | U5: Güven | V5: Karar | W5: Aksiyon | X5: Risk Skoru
A6: =MUSTERI_KARTLARI!$A6 -> M001 | B6: =MUSTERI_KARTLARI!$B6 -> Atlas Yapı A.Ş. | C6: =SUMIFS(tblYaslandirma[Açık Tutar],tblYaslandirma[Müşteri Kodu],$A6) -> 720000 | D6: =MUSTERI_KARTLARI!$I6+MUSTERI_KARTLARI!$J6 -> 1500000 | E6: =$D6-$C6 -> 780000 | F6: =IFERROR($C6/$D6,1) -> 0.48 | G6: =SUMIFS(tblYaslandirma[Açık Tutar],tblYaslandirma[Müşteri Kodu],$A6,tblYaslandirma[Gecikme Günü],">0") -> 200000 | H6: =IF($C6=0,0,$G6/$C6) -> 0.27777778 | I6: =_xlfn.MAXIFS(tblYaslandirma[Gecikme Günü],tblYaslandirma[Müşteri Kodu],$A6) -> 88 | J6: =SUMIFS(tblTeminatlar[Kabul Edilen Değer],tblTeminatlar[Müşteri Kodu],$A6) -> 810000 | K6: =MAX(0,$C6-$J6) -> 0 | L6: =IF(SUM(tblRisk[Açık Bakiye])=0,0,$C6/SUM(tblRisk[Açık Bakiye])) -> 0.21301775 | M6: =SUMIFS(tblYaslandirma[İtirazlı Tutar],tblYaslandirma[Müşteri Kodu],$A6) -> 0 | N6: =MIN(GecikmeMaxPuan,$I6/YaslamaDilim3*GecikmeMaxPuan) -> 25 | O6: =MIN(VadeMaxPuan,$H6*VadeMaxPuan) -> 5.5555556 | P6: =MIN(LimitMaxPuan,$F6*LimitMaxPuan) -> 9.6 | Q6: =IF($C6=0,0,MIN(TeminatMaxPuan,$K6/$C6*TeminatMaxPuan)) -> 0 | R6: =IF($C6=0,0,MIN(ItirazMaxPuan,$M6/$C6*ItirazMaxPuan)) -> 0 | S6: =IF(MUSTERI_KARTLARI!$Q6="Askıda",StatufAskida,IF(MUSTERI_KARTLARI!$Q6="İzlemede",StatufIzleme,0)) -> 0 | T6: =IF(MUSTERI_KARTLARI!$R6="OK",100,IF(MUSTERI_KARTLARI!$R6="EKSİK",VeriKalitesiEksik,0)) -> 100 | U6: =IF($T6>=GuvenYuksek,"YÜKSEK",IF($T6>=GuvenOrta,"ORTA","DÜŞÜK")) -> YÜKSEK | V6: =IF($X6<=EsikDevam,"DEVAM",IF($X6<=EsikIzle,"İZLE",IF($X6<=EsikLimitAzalt,"LİMİTİ AZALT",IF($X6<=EsikPesin,"PEŞİN / TEMİNATLI","VADELİ SATIŞI DURDUR")))) -> İZLE | W6: =IF($X6>EsikKritik,"Yönetim onayı ve acil tahsilat planı",IF($X6>EsikYuksek,"Yeni satışı teminata bağla",IF($X6>EsikIzle,"Limit revizyonu ve tahsilatı hızlandır","Planlı izleme"))) -> Planlı izleme | X6: =ROUND(MIN(100,SUM($N6+$O6+$P6+$Q6+$R6+$S6)),0) -> 40
A7: =MUSTERI_KARTLARI!$A7 -> M002 | B7: =MUSTERI_KARTLARI!$B7 -> Bora Perakende Ltd. | C7: =SUMIFS(tblYaslandirma[Açık Tutar],tblYaslandirma[Müşteri Kodu],$A7) -> 220000 | D7: =MUSTERI_KARTLARI!$I7+MUSTERI_KARTLARI!$J7 -> 800000 | E7: =$D7-$C7 -> 580000 | F7: =IFERROR($C7/$D7,1) -> 0.275 | G7: =SUMIFS(tblYaslandirma[Açık Tutar],tblYaslandirma[Müşteri Kodu],$A7,tblYaslandirma[Gecikme Günü],">0") -> 0 | H7: =IF($C7=0,0,$G7/$C7) -> 0 | I7: =_xlfn.MAXIFS(tblYaslandirma[Gecikme Günü],tblYaslandirma[Müşteri Kodu],$A7) -> 0 | J7: =SUMIFS(tblTeminatlar[Kabul Edilen Değer],tblTeminatlar[Müşteri Kodu],$A7) -> 412500 | K7: =MAX(0,$C7-$J7) -> 0 | L7: =IF(SUM(tblRisk[Açık Bakiye])=0,0,$C7/SUM(tblRisk[Açık Bakiye])) -> 0.065088757 | M7: =SUMIFS(tblYaslandirma[İtirazlı Tutar],tblYaslandirma[Müşteri Kodu],$A7) -> 0 | N7: =MIN(GecikmeMaxPuan,$I7/YaslamaDilim3*GecikmeMaxPuan) -> 0 | O7: =MIN(VadeMaxPuan,$H7*VadeMaxPuan) -> 0 | P7: =MIN(LimitMaxPuan,$F7*LimitMaxPuan) -> 5.5 | Q7: =IF($C7=0,0,MIN(TeminatMaxPuan,$K7/$C7*TeminatMaxPuan)) -> 0 | R7: =IF($C7=0,0,MIN(ItirazMaxPuan,$M7/$C7*ItirazMaxPuan)) -> 0 | S7: =IF(MUSTERI_KARTLARI!$Q7="Askıda",StatufAskida,IF(MUSTERI_KARTLARI!$Q7="İzlemede",StatufIzleme,0)) -> 0 | T7: =IF(MUSTERI_KARTLARI!$R7="OK",100,IF(MUSTERI_KARTLARI!$R7="EKSİK",VeriKalitesiEksik,0)) -> 100 | U7: =IF($T7>=GuvenYuksek,"YÜKSEK",IF($T7>=GuvenOrta,"ORTA","DÜŞÜK")) -> YÜKSEK | V7: =IF($X7<=EsikDevam,"DEVAM",IF($X7<=EsikIzle,"İZLE",IF($X7<=EsikLimitAzalt,"LİMİTİ AZALT",IF($X7<=EsikPesin,"PEŞİN / TEMİNATLI","VADELİ SATIŞI DURDUR")))) -> DEVAM | W7: =IF($X7>EsikKritik,"Yönetim onayı ve acil tahsilat planı",IF($X7>EsikYuksek,"Yeni satışı teminata bağla",IF($X7>EsikIzle,"Limit revizyonu ve tahsilatı hızlandır","Planlı izleme"))) -> Planlı izleme | X7: =ROUND(MIN(100,SUM($N7+$O7+$P7+$Q7+$R7+$S7)),0) -> 6
A8: =MUSTERI_KARTLARI!$A8 -> M003 | B8: =MUSTERI_KARTLARI!$B8 -> Cemre Gıda A.Ş. | C8: =SUMIFS(tblYaslandirma[Açık Tutar],tblYaslandirma[Müşteri Kodu],$A8) -> 940000 | D8: =MUSTERI_KARTLARI!$I8+MUSTERI_KARTLARI!$J8 -> 750000 | E8: =$D8-$C8 -> -190000 | F8: =IFERROR($C8/$D8,1) -> 1.2533333 | G8: =SUMIFS(tblYaslandirma[Açık Tutar],tblYaslandirma[Müşteri Kodu],$A8,tblYaslandirma[Gecikme Günü],">0") -> 680000 | H8: =IF($C8=0,0,$G8/$C8) -> 0.72340426 | I8: =_xlfn.MAXIFS(tblYaslandirma[Gecikme Günü],tblYaslandirma[Müşteri Kodu],$A8) -> 47 | J8: =SUMIFS(tblTeminatlar[Kabul Edilen Değer],tblTeminatlar[Müşteri Kodu],$A8) -> 240000 | K8: =MAX(0,$C8-$J8) -> 700000 | L8: =IF(SUM(tblRisk[Açık Bakiye])=0,0,$C8/SUM(tblRisk[Açık Bakiye])) -> 0.27810651 | M8: =SUMIFS(tblYaslandirma[İtirazlı Tutar],tblYaslandirma[Müşteri Kodu],$A8) -> 150000 | N8: =MIN(GecikmeMaxPuan,$I8/YaslamaDilim3*GecikmeMaxPuan) -> 19.583333 | O8: =MIN(VadeMaxPuan,$H8*VadeMaxPuan) -> 14.468085 | P8: =MIN(LimitMaxPuan,$F8*LimitMaxPuan) -> 20 | Q8: =IF($C8=0,0,MIN(TeminatMaxPuan,$K8/$C8*TeminatMaxPuan)) -> 14.893617 | R8: =IF($C8=0,0,MIN(ItirazMaxPuan,$M8/$C8*ItirazMaxPuan)) -> 1.5957447 | S8: =IF(MUSTERI_KARTLARI!$Q8="Askıda",StatufAskida,IF(MUSTERI_KARTLARI!$Q8="İzlemede",StatufIzleme,0)) -> 3 | T8: =IF(MUSTERI_KARTLARI!$R8="OK",100,IF(MUSTERI_KARTLARI!$R8="EKSİK",VeriKalitesiEksik,0)) -> 100 | U8: =IF($T8>=GuvenYuksek,"YÜKSEK",IF($T8>=GuvenOrta,"ORTA","DÜŞÜK")) -> YÜKSEK | V8: =IF($X8<=EsikDevam,"DEVAM",IF($X8<=EsikIzle,"İZLE",IF($X8<=EsikLimitAzalt,"LİMİTİ AZALT",IF($X8<=EsikPesin,"PEŞİN / TEMİNATLI","VADELİ SATIŞI DURDUR")))) -> PEŞİN / TEMİNATLI | W8: =IF($X8>EsikKritik,"Yönetim onayı ve acil tahsilat planı",IF($X8>EsikYuksek,"Yeni satışı teminata bağla",IF($X8>EsikIzle,"Limit revizyonu ve tahsilatı hızlandır","Planlı izleme"))) -> Yeni satışı teminata bağla | X8: =ROUND(MIN(100,SUM($N8+$O8+$P8+$Q8+$R8+$S8)),0) -> 74
A9: =MUSTERI_KARTLARI!$A9 -> M004 | B9: =MUSTERI_KARTLARI!$B9 -> Delta Tekstil Ltd. | C9: =SUMIFS(tblYaslandirma[Açık Tutar],tblYaslandirma[Müşteri Kodu],$A9) -> 1500000 | D9: =MUSTERI_KARTLARI!$I9+MUSTERI_KARTLARI!$J9 -> 2000000 | E9: =$D9-$C9 -> 500000 | F9: =IFERROR($C9/$D9,1) -> 0.75 | G9: =SUMIFS(tblYaslandirma[Açık Tutar],tblYaslandirma[Müşteri Kodu],$A9,tblYaslandirma[Gecikme Günü],">0") -> 1500000 | H9: =IF($C9=0,0,$G9/$C9) -> 1 | I9: =_xlfn.MAXIFS(tblYaslandirma[Gecikme Günü],tblYaslandirma[Müşteri Kodu],$A9) -> 86 | J9: =SUMIFS(tblTeminatlar[Kabul Edilen Değer],tblTeminatlar[Müşteri Kodu],$A9) -> 0 | K9: =MAX(0,$C9-$J9) -> 1500000 | L9: =IF(SUM(tblRisk[Açık Bakiye])=0,0,$C9/SUM(tblRisk[Açık Bakiye])) -> 0.44378698 | M9: =SUMIFS(tblYaslandirma[İtirazlı Tutar],tblYaslandirma[Müşteri Kodu],$A9) -> 0 | N9: =MIN(GecikmeMaxPuan,$I9/YaslamaDilim3*GecikmeMaxPuan) -> 25 | O9: =MIN(VadeMaxPuan,$H9*VadeMaxPuan) -> 20 | P9: =MIN(LimitMaxPuan,$F9*LimitMaxPuan) -> 15 | Q9: =IF($C9=0,0,MIN(TeminatMaxPuan,$K9/$C9*TeminatMaxPuan)) -> 20 | R9: =IF($C9=0,0,MIN(ItirazMaxPuan,$M9/$C9*ItirazMaxPuan)) -> 0 | S9: =IF(MUSTERI_KARTLARI!$Q9="Askıda",StatufAskida,IF(MUSTERI_KARTLARI!$Q9="İzlemede",StatufIzleme,0)) -> 5 | T9: =IF(MUSTERI_KARTLARI!$R9="OK",100,IF(MUSTERI_KARTLARI!$R9="EKSİK",VeriKalitesiEksik,0)) -> 100 | U9: =IF($T9>=GuvenYuksek,"YÜKSEK",IF($T9>=GuvenOrta,"ORTA","DÜŞÜK")) -> YÜKSEK | V9: =IF($X9<=EsikDevam,"DEVAM",IF($X9<=EsikIzle,"İZLE",IF($X9<=EsikLimitAzalt,"LİMİTİ AZALT",IF($X9<=EsikPesin,"PEŞİN / TEMİNATLI","VADELİ SATIŞI DURDUR")))) -> VADELİ SATIŞI DURDUR | W9: =IF($X9>EsikKritik,"Yönetim onayı ve acil tahsilat planı",IF($X9>EsikYuksek,"Yeni satışı teminata bağla",IF($X9>EsikIzle,"Limit revizyonu ve tahsilatı hızlandır","Planlı izleme"))) -> Yeni satışı teminata bağla | X9: =ROUND(MIN(100,SUM($N9+$O9+$P9+$Q9+$R9+$S9)),0) -> 85
A10: =MUSTERI_KARTLARI!$A10 -> 0 | B10: =MUSTERI_KARTLARI!$B10 -> 0 | C10: =SUMIFS(tblYaslandirma[Açık Tutar],tblYaslandirma[Müşteri Kodu],$A10) -> 0 | D10: =MUSTERI_KARTLARI!$I10+MUSTERI_KARTLARI!$J10 -> 0 | E10: =$D10-$C10 -> 0 | F10: =IFERROR($C10/$D10,1) -> 1 | G10: =SUMIFS(tblYaslandirma[Açık Tutar],tblYaslandirma[Müşteri Kodu],$A10,tblYaslandirma[Gecikme Günü],">0") -> 0 | H10: =IF($C10=0,0,$G10/$C10) -> 0 | I10: =_xlfn.MAXIFS(tblYaslandirma[Gecikme Günü],tblYaslandirma[Müşteri Kodu],$A10) -> 0 | J10: =SUMIFS(tblTeminatlar[Kabul Edilen Değer],tblTeminatlar[Müşteri Kodu],$A10) -> 0 | K10: =MAX(0,$C10-$J10) -> 0 | L10: =IF(SUM(tblRisk[Açık Bakiye])=0,0,$C10/SUM(tblRisk[Açık Bakiye])) -> 0 | M10: =SUMIFS(tblYaslandirma[İtirazlı Tutar],tblYaslandirma[Müşteri Kodu],$A10) -> 0 | N10: =MIN(GecikmeMaxPuan,$I10/YaslamaDilim3*GecikmeMaxPuan) -> 0 | O10: =MIN(VadeMaxPuan,$H10*VadeMaxPuan) -> 0 | P10: =MIN(LimitMaxPuan,$F10*LimitMaxPuan) -> 20 | Q10: =IF($C10=0,0,MIN(TeminatMaxPuan,$K10/$C10*TeminatMaxPuan)) -> 0 | R10: =IF($C10=0,0,MIN(ItirazMaxPuan,$M10/$C10*ItirazMaxPuan)) -> 0 | S10: =IF(MUSTERI_KARTLARI!$Q10="Askıda",StatufAskida,IF(MUSTERI_KARTLARI!$Q10="İzlemede",StatufIzleme,0)) -> 0 | T10: =IF(MUSTERI_KARTLARI!$R10="OK",100,IF(MUSTERI_KARTLARI!$R10="EKSİK",VeriKalitesiEksik,0)) -> 100 | U10: =IF($T10>=GuvenYuksek,"YÜKSEK",IF($T10>=GuvenOrta,"ORTA","DÜŞÜK")) -> YÜKSEK | V10: =IF($X10<=EsikDevam,"DEVAM",IF($X10<=EsikIzle,"İZLE",IF($X10<=EsikLimitAzalt,"LİMİTİ AZALT",IF($X10<=EsikPesin,"PEŞİN / TEMİNATLI","VADELİ SATIŞI DURDUR")))) -> DEVAM | W10: =IF($X10>EsikKritik,"Yönetim onayı ve acil tahsilat planı",IF($X10>EsikYuksek,"Yeni satışı teminata bağla",IF($X10>EsikIzle,"Limit revizyonu ve tahsilatı hızlandır","Planlı izleme"))) -> Planlı izleme | X10: =ROUND(MIN(100,SUM($N10+$O10+$P10+$Q10+$R10+$S10)),0) -> 20
A11: =MUSTERI_KARTLARI!$A11 -> 0 | B11: =MUSTERI_KARTLARI!$B11 -> 0 | C11: =SUMIFS(tblYaslandirma[Açık Tutar],tblYaslandirma[Müşteri Kodu],$A11) -> 0 | D11: =MUSTERI_KARTLARI!$I11+MUSTERI_KARTLARI!$J11 -> 0 | E11: =$D11-$C11 -> 0 | F11: =IFERROR($C11/$D11,1) -> 1 | G11: =SUMIFS(tblYaslandirma[Açık Tutar],tblYaslandirma[Müşteri Kodu],$A11,tblYaslandirma[Gecikme Günü],">0") -> 0 | H11: =IF($C11=0,0,$G11/$C11) -> 0 | I11: =_xlfn.MAXIFS(tblYaslandirma[Gecikme Günü],tblYaslandirma[Müşteri Kodu],$A11) -> 0 | J11: =SUMIFS(tblTeminatlar[Kabul Edilen Değer],tblTeminatlar[Müşteri Kodu],$A11) -> 0 | K11: =MAX(0,$C11-$J11) -> 0 | L11: =IF(SUM(tblRisk[Açık Bakiye])=0,0,$C11/SUM(tblRisk[Açık Bakiye])) -> 0 | M11: =SUMIFS(tblYaslandirma[İtirazlı Tutar],tblYaslandirma[Müşteri Kodu],$A11) -> 0 | N11: =MIN(GecikmeMaxPuan,$I11/YaslamaDilim3*GecikmeMaxPuan) -> 0 | O11: =MIN(VadeMaxPuan,$H11*VadeMaxPuan) -> 0 | P11: =MIN(LimitMaxPuan,$F11*LimitMaxPuan) -> 20 | Q11: =IF($C11=0,0,MIN(TeminatMaxPuan,$K11/$C11*TeminatMaxPuan)) -> 0 | R11: =IF($C11=0,0,MIN(ItirazMaxPuan,$M11/$C11*ItirazMaxPuan)) -> 0 | S11: =IF(MUSTERI_KARTLARI!$Q11="Askıda",StatufAskida,IF(MUSTERI_KARTLARI!$Q11="İzlemede",StatufIzleme,0)) -> 0 | T11: =IF(MUSTERI_KARTLARI!$R11="OK",100,IF(MUSTERI_KARTLARI!$R11="EKSİK",VeriKalitesiEksik,0)) -> 100 | U11: =IF($T11>=GuvenYuksek,"YÜKSEK",IF($T11>=GuvenOrta,"ORTA","DÜŞÜK")) -> YÜKSEK | V11: =IF($X11<=EsikDevam,"DEVAM",IF($X11<=EsikIzle,"İZLE",IF($X11<=EsikLimitAzalt,"LİMİTİ AZALT",IF($X11<=EsikPesin,"PEŞİN / TEMİNATLI","VADELİ SATIŞI DURDUR")))) -> DEVAM | W11: =IF($X11>EsikKritik,"Yönetim onayı ve acil tahsilat planı",IF($X11>EsikYuksek,"Yeni satışı teminata bağla",IF($X11>EsikIzle,"Limit revizyonu ve tahsilatı hızlandır","Planlı izleme"))) -> Planlı izleme | X11: =ROUND(MIN(100,SUM($N11+$O11+$P11+$Q11+$R11+$S11)),0) -> 20
A12: =MUSTERI_KARTLARI!$A12 -> 0 | B12: =MUSTERI_KARTLARI!$B12 -> 0 | C12: =SUMIFS(tblYaslandirma[Açık Tutar],tblYaslandirma[Müşteri Kodu],$A12) -> 0 | D12: =MUSTERI_KARTLARI!$I12+MUSTERI_KARTLARI!$J12 -> 0 | E12: =$D12-$C12 -> 0 | F12: =IFERROR($C12/$D12,1) -> 1 | G12: =SUMIFS(tblYaslandirma[Açık Tutar],tblYaslandirma[Müşteri Kodu],$A12,tblYaslandirma[Gecikme Günü],">0") -> 0 | H12: =IF($C12=0,0,$G12/$C12) -> 0 | I12: =_xlfn.MAXIFS(tblYaslandirma[Gecikme Günü],tblYaslandirma[Müşteri Kodu],$A12) -> 0 | J12: =SUMIFS(tblTeminatlar[Kabul Edilen Değer],tblTeminatlar[Müşteri Kodu],$A12) -> 0 | K12: =MAX(0,$C12-$J12) -> 0 | L12: =IF(SUM(tblRisk[Açık Bakiye])=0,0,$C12/SUM(tblRisk[Açık Bakiye])) -> 0 | M12: =SUMIFS(tblYaslandirma[İtirazlı Tutar],tblYaslandirma[Müşteri Kodu],$A12) -> 0 | N12: =MIN(GecikmeMaxPuan,$I12/YaslamaDilim3*GecikmeMaxPuan) -> 0 | O12: =MIN(VadeMaxPuan,$H12*VadeMaxPuan) -> 0 | P12: =MIN(LimitMaxPuan,$F12*LimitMaxPuan) -> 20 | Q12: =IF($C12=0,0,MIN(TeminatMaxPuan,$K12/$C12*TeminatMaxPuan)) -> 0 | R12: =IF($C12=0,0,MIN(ItirazMaxPuan,$M12/$C12*ItirazMaxPuan)) -> 0 | S12: =IF(MUSTERI_KARTLARI!$Q12="Askıda",StatufAskida,IF(MUSTERI_KARTLARI!$Q12="İzlemede",StatufIzleme,0)) -> 0 | T12: =IF(MUSTERI_KARTLARI!$R12="OK",100,IF(MUSTERI_KARTLARI!$R12="EKSİK",VeriKalitesiEksik,0)) -> 100 | U12: =IF($T12>=GuvenYuksek,"YÜKSEK",IF($T12>=GuvenOrta,"ORTA","DÜŞÜK")) -> YÜKSEK | V12: =IF($X12<=EsikDevam,"DEVAM",IF($X12<=EsikIzle,"İZLE",IF($X12<=EsikLimitAzalt,"LİMİTİ AZALT",IF($X12<=EsikPesin,"PEŞİN / TEMİNATLI","VADELİ SATIŞI DURDUR")))) -> DEVAM | W12: =IF($X12>EsikKritik,"Yönetim onayı ve acil tahsilat planı",IF($X12>EsikYuksek,"Yeni satışı teminata bağla",IF($X12>EsikIzle,"Limit revizyonu ve tahsilatı hızlandır","Planlı izleme"))) -> Planlı izleme | X12: =ROUND(MIN(100,SUM($N12+$O12+$P12+$Q12+$R12+$S12)),0) -> 20
A13: =MUSTERI_KARTLARI!$A13 -> 0 | B13: =MUSTERI_KARTLARI!$B13 -> 0 | C13: =SUMIFS(tblYaslandirma[Açık Tutar],tblYaslandirma[Müşteri Kodu],$A13) -> 0 | D13: =MUSTERI_KARTLARI!$I13+MUSTERI_KARTLARI!$J13 -> 0 | E13: =$D13-$C13 -> 0 | F13: =IFERROR($C13/$D13,1) -> 1 | G13: =SUMIFS(tblYaslandirma[Açık Tutar],tblYaslandirma[Müşteri Kodu],$A13,tblYaslandirma[Gecikme Günü],">0") -> 0 | H13: =IF($C13=0,0,$G13/$C13) -> 0 | I13: =_xlfn.MAXIFS(tblYaslandirma[Gecikme Günü],tblYaslandirma[Müşteri Kodu],$A13) -> 0 | J13: =SUMIFS(tblTeminatlar[Kabul Edilen Değer],tblTeminatlar[Müşteri Kodu],$A13) -> 0 | K13: =MAX(0,$C13-$J13) -> 0 | L13: =IF(SUM(tblRisk[Açık Bakiye])=0,0,$C13/SUM(tblRisk[Açık Bakiye])) -> 0 | M13: =SUMIFS(tblYaslandirma[İtirazlı Tutar],tblYaslandirma[Müşteri Kodu],$A13) -> 0 | N13: =MIN(GecikmeMaxPuan,$I13/YaslamaDilim3*GecikmeMaxPuan) -> 0 | O13: =MIN(VadeMaxPuan,$H13*VadeMaxPuan) -> 0 | P13: =MIN(LimitMaxPuan,$F13*LimitMaxPuan) -> 20 | Q13: =IF($C13=0,0,MIN(TeminatMaxPuan,$K13/$C13*TeminatMaxPuan)) -> 0 | R13: =IF($C13=0,0,MIN(ItirazMaxPuan,$M13/$C13*ItirazMaxPuan)) -> 0 | S13: =IF(MUSTERI_KARTLARI!$Q13="Askıda",StatufAskida,IF(MUSTERI_KARTLARI!$Q13="İzlemede",StatufIzleme,0)) -> 0 | T13: =IF(MUSTERI_KARTLARI!$R13="OK",100,IF(MUSTERI_KARTLARI!$R13="EKSİK",VeriKalitesiEksik,0)) -> 100 | U13: =IF($T13>=GuvenYuksek,"YÜKSEK",IF($T13>=GuvenOrta,"ORTA","DÜŞÜK")) -> YÜKSEK | V13: =IF($X13<=EsikDevam,"DEVAM",IF($X13<=EsikIzle,"İZLE",IF($X13<=EsikLimitAzalt,"LİMİTİ AZALT",IF($X13<=EsikPesin,"PEŞİN / TEMİNATLI","VADELİ SATIŞI DURDUR")))) -> DEVAM | W13: =IF($X13>EsikKritik,"Yönetim onayı ve acil tahsilat planı",IF($X13>EsikYuksek,"Yeni satışı teminata bağla",IF($X13>EsikIzle,"Limit revizyonu ve tahsilatı hızlandır","Planlı izleme"))) -> Planlı izleme | X13: =ROUND(MIN(100,SUM($N13+$O13+$P13+$Q13+$R13+$S13)),0) -> 20
A14: =MUSTERI_KARTLARI!$A14 -> 0 | B14: =MUSTERI_KARTLARI!$B14 -> 0 | C14: =SUMIFS(tblYaslandirma[Açık Tutar],tblYaslandirma[Müşteri Kodu],$A14) -> 0 | D14: =MUSTERI_KARTLARI!$I14+MUSTERI_KARTLARI!$J14 -> 0 | E14: =$D14-$C14 -> 0 | F14: =IFERROR($C14/$D14,1) -> 1 | G14: =SUMIFS(tblYaslandirma[Açık Tutar],tblYaslandirma[Müşteri Kodu],$A14,tblYaslandirma[Gecikme Günü],">0") -> 0 | H14: =IF($C14=0,0,$G14/$C14) -> 0 | I14: =_xlfn.MAXIFS(tblYaslandirma[Gecikme Günü],tblYaslandirma[Müşteri Kodu],$A14) -> 0 | J14: =SUMIFS(tblTeminatlar[Kabul Edilen Değer],tblTeminatlar[Müşteri Kodu],$A14) -> 0 | K14: =MAX(0,$C14-$J14) -> 0 | L14: =IF(SUM(tblRisk[Açık Bakiye])=0,0,$C14/SUM(tblRisk[Açık Bakiye])) -> 0 | M14: =SUMIFS(tblYaslandirma[İtirazlı Tutar],tblYaslandirma[Müşteri Kodu],$A14) -> 0 | N14: =MIN(GecikmeMaxPuan,$I14/YaslamaDilim3*GecikmeMaxPuan) -> 0 | O14: =MIN(VadeMaxPuan,$H14*VadeMaxPuan) -> 0 | P14: =MIN(LimitMaxPuan,$F14*LimitMaxPuan) -> 20 | Q14: =IF($C14=0,0,MIN(TeminatMaxPuan,$K14/$C14*TeminatMaxPuan)) -> 0 | R14: =IF($C14=0,0,MIN(ItirazMaxPuan,$M14/$C14*ItirazMaxPuan)) -> 0 | S14: =IF(MUSTERI_KARTLARI!$Q14="Askıda",StatufAskida,IF(MUSTERI_KARTLARI!$Q14="İzlemede",StatufIzleme,0)) -> 0 | T14: =IF(MUSTERI_KARTLARI!$R14="OK",100,IF(MUSTERI_KARTLARI!$R14="EKSİK",VeriKalitesiEksik,0)) -> 100 | U14: =IF($T14>=GuvenYuksek,"YÜKSEK",IF($T14>=GuvenOrta,"ORTA","DÜŞÜK")) -> YÜKSEK | V14: =IF($X14<=EsikDevam,"DEVAM",IF($X14<=EsikIzle,"İZLE",IF($X14<=EsikLimitAzalt,"LİMİTİ AZALT",IF($X14<=EsikPesin,"PEŞİN / TEMİNATLI","VADELİ SATIŞI DURDUR")))) -> DEVAM | W14: =IF($X14>EsikKritik,"Yönetim onayı ve acil tahsilat planı",IF($X14>EsikYuksek,"Yeni satışı teminata bağla",IF($X14>EsikIzle,"Limit revizyonu ve tahsilatı hızlandır","Planlı izleme"))) -> Planlı izleme | X14: =ROUND(MIN(100,SUM($N14+$O14+$P14+$Q14+$R14+$S14)),0) -> 20
A15: =MUSTERI_KARTLARI!$A15 -> 0 | B15: =MUSTERI_KARTLARI!$B15 -> 0 | C15: =SUMIFS(tblYaslandirma[Açık Tutar],tblYaslandirma[Müşteri Kodu],$A15) -> 0 | D15: =MUSTERI_KARTLARI!$I15+MUSTERI_KARTLARI!$J15 -> 0 | E15: =$D15-$C15 -> 0 | F15: =IFERROR($C15/$D15,1) -> 1 | G15: =SUMIFS(tblYaslandirma[Açık Tutar],tblYaslandirma[Müşteri Kodu],$A15,tblYaslandirma[Gecikme Günü],">0") -> 0 | H15: =IF($C15=0,0,$G15/$C15) -> 0 | I15: =_xlfn.MAXIFS(tblYaslandirma[Gecikme Günü],tblYaslandirma[Müşteri Kodu],$A15) -> 0 | J15: =SUMIFS(tblTeminatlar[Kabul Edilen Değer],tblTeminatlar[Müşteri Kodu],$A15) -> 0 | K15: =MAX(0,$C15-$J15) -> 0 | L15: =IF(SUM(tblRisk[Açık Bakiye])=0,0,$C15/SUM(tblRisk[Açık Bakiye])) -> 0 | M15: =SUMIFS(tblYaslandirma[İtirazlı Tutar],tblYaslandirma[Müşteri Kodu],$A15) -> 0 | N15: =MIN(GecikmeMaxPuan,$I15/YaslamaDilim3*GecikmeMaxPuan) -> 0 | O15: =MIN(VadeMaxPuan,$H15*VadeMaxPuan) -> 0 | P15: =MIN(LimitMaxPuan,$F15*LimitMaxPuan) -> 20 | Q15: =IF($C15=0,0,MIN(TeminatMaxPuan,$K15/$C15*TeminatMaxPuan)) -> 0 | R15: =IF($C15=0,0,MIN(ItirazMaxPuan,$M15/$C15*ItirazMaxPuan)) -> 0 | S15: =IF(MUSTERI_KARTLARI!$Q15="Askıda",StatufAskida,IF(MUSTERI_KARTLARI!$Q15="İzlemede",StatufIzleme,0)) -> 0 | T15: =IF(MUSTERI_KARTLARI!$R15="OK",100,IF(MUSTERI_KARTLARI!$R15="EKSİK",VeriKalitesiEksik,0)) -> 100 | U15: =IF($T15>=GuvenYuksek,"YÜKSEK",IF($T15>=GuvenOrta,"ORTA","DÜŞÜK")) -> YÜKSEK | V15: =IF($X15<=EsikDevam,"DEVAM",IF($X15<=EsikIzle,"İZLE",IF($X15<=EsikLimitAzalt,"LİMİTİ AZALT",IF($X15<=EsikPesin,"PEŞİN / TEMİNATLI","VADELİ SATIŞI DURDUR")))) -> DEVAM | W15: =IF($X15>EsikKritik,"Yönetim onayı ve acil tahsilat planı",IF($X15>EsikYuksek,"Yeni satışı teminata bağla",IF($X15>EsikIzle,"Limit revizyonu ve tahsilatı hızlandır","Planlı izleme"))) -> Planlı izleme | X15: =ROUND(MIN(100,SUM($N15+$O15+$P15+$Q15+$R15+$S15)),0) -> 20
A16: =MUSTERI_KARTLARI!$A16 -> 0 | B16: =MUSTERI_KARTLARI!$B16 -> 0 | C16: =SUMIFS(tblYaslandirma[Açık Tutar],tblYaslandirma[Müşteri Kodu],$A16) -> 0 | D16: =MUSTERI_KARTLARI!$I16+MUSTERI_KARTLARI!$J16 -> 0 | E16: =$D16-$C16 -> 0 | F16: =IFERROR($C16/$D16,1) -> 1 | G16: =SUMIFS(tblYaslandirma[Açık Tutar],tblYaslandirma[Müşteri Kodu],$A16,tblYaslandirma[Gecikme Günü],">0") -> 0 | H16: =IF($C16=0,0,$G16/$C16) -> 0 | I16: =_xlfn.MAXIFS(tblYaslandirma[Gecikme Günü],tblYaslandirma[Müşteri Kodu],$A16) -> 0 | J16: =SUMIFS(tblTeminatlar[Kabul Edilen Değer],tblTeminatlar[Müşteri Kodu],$A16) -> 0 | K16: =MAX(0,$C16-$J16) -> 0 | L16: =IF(SUM(tblRisk[Açık Bakiye])=0,0,$C16/SUM(tblRisk[Açık Bakiye])) -> 0 | M16: =SUMIFS(tblYaslandirma[İtirazlı Tutar],tblYaslandirma[Müşteri Kodu],$A16) -> 0 | N16: =MIN(GecikmeMaxPuan,$I16/YaslamaDilim3*GecikmeMaxPuan) -> 0 | O16: =MIN(VadeMaxPuan,$H16*VadeMaxPuan) -> 0 | P16: =MIN(LimitMaxPuan,$F16*LimitMaxPuan) -> 20 | Q16: =IF($C16=0,0,MIN(TeminatMaxPuan,$K16/$C16*TeminatMaxPuan)) -> 0 | R16: =IF($C16=0,0,MIN(ItirazMaxPuan,$M16/$C16*ItirazMaxPuan)) -> 0 | S16: =IF(MUSTERI_KARTLARI!$Q16="Askıda",StatufAskida,IF(MUSTERI_KARTLARI!$Q16="İzlemede",StatufIzleme,0)) -> 0 | T16: =IF(MUSTERI_KARTLARI!$R16="OK",100,IF(MUSTERI_KARTLARI!$R16="EKSİK",VeriKalitesiEksik,0)) -> 100 | U16: =IF($T16>=GuvenYuksek,"YÜKSEK",IF($T16>=GuvenOrta,"ORTA","DÜŞÜK")) -> YÜKSEK | V16: =IF($X16<=EsikDevam,"DEVAM",IF($X16<=EsikIzle,"İZLE",IF($X16<=EsikLimitAzalt,"LİMİTİ AZALT",IF($X16<=EsikPesin,"PEŞİN / TEMİNATLI","VADELİ SATIŞI DURDUR")))) -> DEVAM | W16: =IF($X16>EsikKritik,"Yönetim onayı ve acil tahsilat planı",IF($X16>EsikYuksek,"Yeni satışı teminata bağla",IF($X16>EsikIzle,"Limit revizyonu ve tahsilatı hızlandır","Planlı izleme"))) -> Planlı izleme | X16: =ROUND(MIN(100,SUM($N16+$O16+$P16+$Q16+$R16+$S16)),0) -> 20
A17: =MUSTERI_KARTLARI!$A17 -> 0 | B17: =MUSTERI_KARTLARI!$B17 -> 0 | C17: =SUMIFS(tblYaslandirma[Açık Tutar],tblYaslandirma[Müşteri Kodu],$A17) -> 0 | D17: =MUSTERI_KARTLARI!$I17+MUSTERI_KARTLARI!$J17 -> 0 | E17: =$D17-$C17 -> 0 | F17: =IFERROR($C17/$D17,1) -> 1 | G17: =SUMIFS(tblYaslandirma[Açık Tutar],tblYaslandirma[Müşteri Kodu],$A17,tblYaslandirma[Gecikme Günü],">0") -> 0 | H17: =IF($C17=0,0,$G17/$C17) -> 0 | I17: =_xlfn.MAXIFS(tblYaslandirma[Gecikme Günü],tblYaslandirma[Müşteri Kodu],$A17) -> 0 | J17: =SUMIFS(tblTeminatlar[Kabul Edilen Değer],tblTeminatlar[Müşteri Kodu],$A17) -> 0 | K17: =MAX(0,$C17-$J17) -> 0 | L17: =IF(SUM(tblRisk[Açık Bakiye])=0,0,$C17/SUM(tblRisk[Açık Bakiye])) -> 0 | M17: =SUMIFS(tblYaslandirma[İtirazlı Tutar],tblYaslandirma[Müşteri Kodu],$A17) -> 0 | N17: =MIN(GecikmeMaxPuan,$I17/YaslamaDilim3*GecikmeMaxPuan) -> 0 | O17: =MIN(VadeMaxPuan,$H17*VadeMaxPuan) -> 0 | P17: =MIN(LimitMaxPuan,$F17*LimitMaxPuan) -> 20 | Q17: =IF($C17=0,0,MIN(TeminatMaxPuan,$K17/$C17*TeminatMaxPuan)) -> 0 | R17: =IF($C17=0,0,MIN(ItirazMaxPuan,$M17/$C17*ItirazMaxPuan)) -> 0 | S17: =IF(MUSTERI_KARTLARI!$Q17="Askıda",StatufAskida,IF(MUSTERI_KARTLARI!$Q17="İzlemede",StatufIzleme,0)) -> 0 | T17: =IF(MUSTERI_KARTLARI!$R17="OK",100,IF(MUSTERI_KARTLARI!$R17="EKSİK",VeriKalitesiEksik,0)) -> 100 | U17: =IF($T17>=GuvenYuksek,"YÜKSEK",IF($T17>=GuvenOrta,"ORTA","DÜŞÜK")) -> YÜKSEK | V17: =IF($X17<=EsikDevam,"DEVAM",IF($X17<=EsikIzle,"İZLE",IF($X17<=EsikLimitAzalt,"LİMİTİ AZALT",IF($X17<=EsikPesin,"PEŞİN / TEMİNATLI","VADELİ SATIŞI DURDUR")))) -> DEVAM | W17: =IF($X17>EsikKritik,"Yönetim onayı ve acil tahsilat planı",IF($X17>EsikYuksek,"Yeni satışı teminata bağla",IF($X17>EsikIzle,"Limit revizyonu ve tahsilatı hızlandır","Planlı izleme"))) -> Planlı izleme | X17: =ROUND(MIN(100,SUM($N17+$O17+$P17+$Q17+$R17+$S17)),0) -> 20
... A45: =MUSTERI_KARTLARI!$A45 -> 0 | B45: =MUSTERI_KARTLARI!$B45 -> 0 | C45: =SUMIFS(tblYaslandirma[Açık Tutar],tblYaslandirma[Müşteri Kodu],$A45) -> 0 | D45: =MUSTERI_KARTLARI!$I45+MUSTERI_KARTLARI!$J45 -> 0 | E45: =$D45-$C45 -> 0 | F45: =IFERROR($C45/$D45,1) -> 1 | G45: =SUMIFS(tblYaslandirma[Açık Tutar],tblYaslandirma[Müşteri Kodu],$A45,tblYaslandirma[Gecikme Günü],">0") -> 0 | H45: =IF($C45=0,0,$G45/$C45) -> 0 | I45: =_xlfn.MAXIFS(tblYaslandirma[Gecikme Günü],tblYaslandirma[Müşteri Kodu],$A45) -> 0 | J45: =SUMIFS(tblTeminatlar[Kabul Edilen Değer],tblTeminatlar[Müşteri Kodu],$A45) -> 0 | K45: =MAX(0,$C45-$J45) -> 0 | L45: =IF(SUM(tblRisk[Açık Bakiye])=0,0,$C45/SUM(tblRisk[Açık Bakiye])) -> 0 | M45: =SUMIFS(tblYaslandirma[İtirazlı Tutar],tblYaslandirma[Müşteri Kodu],$A45) -> 0 | N45: =MIN(GecikmeMaxPuan,$I45/YaslamaDilim3*GecikmeMaxPuan) -> 0 | O45: =MIN(VadeMaxPuan,$H45*VadeMaxPuan) -> 0 | P45: =MIN(LimitMaxPuan,$F45*LimitMaxPuan) -> 20 | Q45: =IF($C45=0,0,MIN(TeminatMaxPuan,$K45/$C45*TeminatMaxPuan)) -> 0 | R45: =IF($C45=0,0,MIN(ItirazMaxPuan,$M45/$C45*ItirazMaxPuan)) -> 0 | S45: =IF(MUSTERI_KARTLARI!$Q45="Askıda",StatufAskida,IF(MUSTERI_KARTLARI!$Q45="İzlemede",StatufIzleme,0)) -> 0 | T45: =IF(MUSTERI_KARTLARI!$R45="OK",100,IF(MUSTERI_KARTLARI!$R45="EKSİK",VeriKalitesiEksik,0)) -> 100 | U45: =IF($T45>=GuvenYuksek,"YÜKSEK",IF($T45>=GuvenOrta,"ORTA","DÜŞÜK")) -> YÜKSEK | V45: =IF($X45<=EsikDevam,"DEVAM",IF($X45<=EsikIzle,"İZLE",IF($X45<=EsikLimitAzalt,"LİMİTİ AZALT",IF($X45<=EsikPesin,"PEŞİN / TEMİNATLI","VADELİ SATIŞI DURDUR")))) -> DEVAM | W45: =IF($X45>EsikKritik,"Yönetim onayı ve acil tahsilat planı",IF($X45>EsikYuksek,"Yeni satışı teminata bağla",IF($X45>EsikIzle,"Limit revizyonu ve tahsilatı hızlandır","Planlı izleme"))) -> Planlı izleme | X45: =ROUND(MIN(100,SUM($N45+$O45+$P45+$Q45+$R45+$S45)),0) -> 20

Sheet TAHSILAT_AKSIYON
A1: TAHSILAT AKSIYON — CARİ HESAP, TAHSİLAT VE MÜŞTERİ RİSK TAKİP SİSTEMİ
A3: GÜNLÜK TAHSİLAT ÖNCELİK VE AKSİYON LİSTESİ
A5: Öncelik | B5: Müşteri Kodu | C5: Fatura Numarası | D5: Açık Tutar | E5: Gecikme Günü | F5: Risk Skoru | G5: Önerilen İletişim | H5: Önerilen Aksiyon | I5: Sorumlu | J5: Son Tarih | K5: Durum | L5: Not
A6: =IF(YASLANDIRMA!$F6=0,"",IFERROR(_xlfn.RANK.EQ(MUSTERI_RISK_SKORU!$X6,tblRisk[Risk Skoru],0),"")) -> 3 | B6: =YASLANDIRMA!$B6 -> M001 | C6: =YASLANDIRMA!$A6 -> 2026-001 | D6: =YASLANDIRMA!$F6 -> 200000 | E6: =YASLANDIRMA!$G6 -> 88 | F6: =IFERROR(INDEX(tblRisk[Risk Skoru],MATCH($B6,tblRisk[Müşteri Kodu],0)),0) -> 40 | G6: =IF($F6>=EsikYuksek,"Telefon + yönetici eskalasyonu",IF($E6>YaslamaDilim2,"Telefon + yazılı teyit","Planlı e-posta/telefon")) -> Telefon + yazılı teyit | H6: =IF($D6=0,"KAPALI",IF($F6>EsikPesin,"Vadeli satışı durdur ve tahsilat planı al",IF($F6>EsikLimitAzalt,"Peşin/teminatlı satışa geç",IF($F6>EsikIzle,"Limit azalt ve tahsilatı hızlandır","Planlı izleme")))) -> Planlı izleme | I6: =IFERROR(INDEX(tblMusteriler[Satış Sorumlusu],MATCH($B6,tblMusteriler[Müşteri Kodu],0)),"Tahsilat Ekibi") -> Ayşe Yılmaz | J6: =RaporTarihi+IF($F6>EsikPesin,1,IF($F6>EsikLimitAzalt,AksiyonGunOrta,AksiyonGunUzun)) -> 46246 | K6: DEVAM EDİYOR | L6: Örnek aksiyon kaydı 1
A7: =IF(YASLANDIRMA!$F7=0,"",IFERROR(_xlfn.RANK.EQ(MUSTERI_RISK_SKORU!$X7,tblRisk[Risk Skoru],0),"")) -> 40 | B7: =YASLANDIRMA!$B7 -> M001 | C7: =YASLANDIRMA!$A7 -> 2026-002 | D7: =YASLANDIRMA!$F7 -> 520000 | E7: =YASLANDIRMA!$G7 -> 0 | F7: =IFERROR(INDEX(tblRisk[Risk Skoru],MATCH($B7,tblRisk[Müşteri Kodu],0)),0) -> 40 | G7: =IF($F7>=EsikYuksek,"Telefon + yönetici eskalasyonu",IF($E7>YaslamaDilim2,"Telefon + yazılı teyit","Planlı e-posta/telefon")) -> Planlı e-posta/telefon | H7: =IF($D7=0,"KAPALI",IF($F7>EsikPesin,"Vadeli satışı durdur ve tahsilat planı al",IF($F7>EsikLimitAzalt,"Peşin/teminatlı satışa geç",IF($F7>EsikIzle,"Limit azalt ve tahsilatı hızlandır","Planlı izleme")))) -> Planlı izleme | I7: =IFERROR(INDEX(tblMusteriler[Satış Sorumlusu],MATCH($B7,tblMusteriler[Müşteri Kodu],0)),"Tahsilat Ekibi") -> Ayşe Yılmaz | J7: =RaporTarihi+IF($F7>EsikPesin,1,IF($F7>EsikLimitAzalt,AksiyonGunOrta,AksiyonGunUzun)) -> 46246 | K7: DEVAM EDİYOR | L7: Örnek aksiyon kaydı 2
A8: =IF(YASLANDIRMA!$F8=0,"",IFERROR(_xlfn.RANK.EQ(MUSTERI_RISK_SKORU!$X8,tblRisk[Risk Skoru],0),"")) -> 2 | B8: =YASLANDIRMA!$B8 -> M002 | C8: =YASLANDIRMA!$A8 -> 2026-003 | D8: =YASLANDIRMA!$F8 -> 220000 | E8: =YASLANDIRMA!$G8 -> 0 | F8: =IFERROR(INDEX(tblRisk[Risk Skoru],MATCH($B8,tblRisk[Müşteri Kodu],0)),0) -> 6 | G8: =IF($F8>=EsikYuksek,"Telefon + yönetici eskalasyonu",IF($E8>YaslamaDilim2,"Telefon + yazılı teyit","Planlı e-posta/telefon")) -> Planlı e-posta/telefon | H8: =IF($D8=0,"KAPALI",IF($F8>EsikPesin,"Vadeli satışı durdur ve tahsilat planı al",IF($F8>EsikLimitAzalt,"Peşin/teminatlı satışa geç",IF($F8>EsikIzle,"Limit azalt ve tahsilatı hızlandır","Planlı izleme")))) -> Planlı izleme | I8: =IFERROR(INDEX(tblMusteriler[Satış Sorumlusu],MATCH($B8,tblMusteriler[Müşteri Kodu],0)),"Tahsilat Ekibi") -> Mehmet Kaya | J8: =RaporTarihi+IF($F8>EsikPesin,1,IF($F8>EsikLimitAzalt,AksiyonGunOrta,AksiyonGunUzun)) -> 46246 | K8: DEVAM EDİYOR | L8: Örnek aksiyon kaydı 3
A9: =IF(YASLANDIRMA!$F9=0,"",IFERROR(_xlfn.RANK.EQ(MUSTERI_RISK_SKORU!$X9,tblRisk[Risk Skoru],0),"")) -> 1 | B9: =YASLANDIRMA!$B9 -> M003 | C9: =YASLANDIRMA!$A9 -> 2026-004 | D9: =YASLANDIRMA!$F9 -> 680000 | E9: =YASLANDIRMA!$G9 -> 47 | F9: =IFERROR(INDEX(tblRisk[Risk Skoru],MATCH($B9,tblRisk[Müşteri Kodu],0)),0) -> 74 | G9: =IF($F9>=EsikYuksek,"Telefon + yönetici eskalasyonu",IF($E9>YaslamaDilim2,"Telefon + yazılı teyit","Planlı e-posta/telefon")) -> Telefon + yönetici eskalasyonu | H9: =IF($D9=0,"KAPALI",IF($F9>EsikPesin,"Vadeli satışı durdur ve tahsilat planı al",IF($F9>EsikLimitAzalt,"Peşin/teminatlı satışa geç",IF($F9>EsikIzle,"Limit azalt ve tahsilatı hızlandır","Planlı izleme")))) -> Peşin/teminatlı satışa geç | I9: =IFERROR(INDEX(tblMusteriler[Satış Sorumlusu],MATCH($B9,tblMusteriler[Müşteri Kodu],0)),"Tahsilat Ekibi") -> Selin Demir | J9: =RaporTarihi+IF($F9>EsikPesin,1,IF($F9>EsikLimitAzalt,AksiyonGunOrta,AksiyonGunUzun)) -> 46242 | K9: DEVAM EDİYOR | L9: Örnek aksiyon kaydı 4
A10: =IF(YASLANDIRMA!$F10=0,"",IFERROR(_xlfn.RANK.EQ(MUSTERI_RISK_SKORU!$X10,tblRisk[Risk Skoru],0),"")) -> 4 | B10: =YASLANDIRMA!$B10 -> M004 | C10: =YASLANDIRMA!$A10 -> 2026-005 | D10: =YASLANDIRMA!$F10 -> 1500000 | E10: =YASLANDIRMA!$G10 -> 86 | F10: =IFERROR(INDEX(tblRisk[Risk Skoru],MATCH($B10,tblRisk[Müşteri Kodu],0)),0) -> 85 | G10: =IF($F10>=EsikYuksek,"Telefon + yönetici eskalasyonu",IF($E10>YaslamaDilim2,"Telefon + yazılı teyit","Planlı e-posta/telefon")) -> Telefon + yönetici eskalasyonu | H10: =IF($D10=0,"KAPALI",IF($F10>EsikPesin,"Vadeli satışı durdur ve tahsilat planı al",IF($F10>EsikLimitAzalt,"Peşin/teminatlı satışa geç",IF($F10>EsikIzle,"Limit azalt ve tahsilatı hızlandır","Planlı izleme")))) -> Vadeli satışı durdur ve tahsilat planı al | I10: =IFERROR(INDEX(tblMusteriler[Satış Sorumlusu],MATCH($B10,tblMusteriler[Müşteri Kodu],0)),"Tahsilat Ekibi") -> Can Arslan | J10: =RaporTarihi+IF($F10>EsikPesin,1,IF($F10>EsikLimitAzalt,AksiyonGunOrta,AksiyonGunUzun)) -> 46240 | K10: DEVAM EDİYOR | L10: Örnek aksiyon kaydı 5
A11: =IF(YASLANDIRMA!$F11=0,"",IFERROR(_xlfn.RANK.EQ(MUSTERI_RISK_SKORU!$X11,tblRisk[Risk Skoru],0),"")) -> 4 | B11: =YASLANDIRMA!$B11 -> M003 | C11: =YASLANDIRMA!$A11 -> 2026-006 | D11: =YASLANDIRMA!$F11 -> 260000 | E11: =YASLANDIRMA!$G11 -> 0 | F11: =IFERROR(INDEX(tblRisk[Risk Skoru],MATCH($B11,tblRisk[Müşteri Kodu],0)),0) -> 74 | G11: =IF($F11>=EsikYuksek,"Telefon + yönetici eskalasyonu",IF($E11>YaslamaDilim2,"Telefon + yazılı teyit","Planlı e-posta/telefon")) -> Telefon + yönetici eskalasyonu | H11: =IF($D11=0,"KAPALI",IF($F11>EsikPesin,"Vadeli satışı durdur ve tahsilat planı al",IF($F11>EsikLimitAzalt,"Peşin/teminatlı satışa geç",IF($F11>EsikIzle,"Limit azalt ve tahsilatı hızlandır","Planlı izleme")))) -> Peşin/teminatlı satışa geç | I11: =IFERROR(INDEX(tblMusteriler[Satış Sorumlusu],MATCH($B11,tblMusteriler[Müşteri Kodu],0)),"Tahsilat Ekibi") -> Selin Demir | J11: =RaporTarihi+IF($F11>EsikPesin,1,IF($F11>EsikLimitAzalt,AksiyonGunOrta,AksiyonGunUzun)) -> 46242 | K11: DEVAM EDİYOR | L11: Örnek aksiyon kaydı 6
A12: =IF(YASLANDIRMA!$F12=0,"",IFERROR(_xlfn.RANK.EQ(MUSTERI_RISK_SKORU!$X12,tblRisk[Risk Skoru],0),"")) -> 4 | B12: =YASLANDIRMA!$B12 -> 0 | C12: =YASLANDIRMA!$A12 -> 0 | D12: =YASLANDIRMA!$F12 | E12: =YASLANDIRMA!$G12 | F12: =IFERROR(INDEX(tblRisk[Risk Skoru],MATCH($B12,tblRisk[Müşteri Kodu],0)),0) -> 20 | G12: =IF($F12>=EsikYuksek,"Telefon + yönetici eskalasyonu",IF($E12>YaslamaDilim2,"Telefon + yazılı teyit","Planlı e-posta/telefon")) -> Telefon + yazılı teyit | H12: =IF($D12=0,"KAPALI",IF($F12>EsikPesin,"Vadeli satışı durdur ve tahsilat planı al",IF($F12>EsikLimitAzalt,"Peşin/teminatlı satışa geç",IF($F12>EsikIzle,"Limit azalt ve tahsilatı hızlandır","Planlı izleme")))) -> Planlı izleme | I12: =IFERROR(INDEX(tblMusteriler[Satış Sorumlusu],MATCH($B12,tblMusteriler[Müşteri Kodu],0)),"Tahsilat Ekibi") -> Tahsilat Ekibi | J12: =RaporTarihi+IF($F12>EsikPesin,1,IF($F12>EsikLimitAzalt,AksiyonGunOrta,AksiyonGunUzun)) -> 46246
A13: =IF(YASLANDIRMA!$F13=0,"",IFERROR(_xlfn.RANK.EQ(MUSTERI_RISK_SKORU!$X13,tblRisk[Risk Skoru],0),"")) -> 4 | B13: =YASLANDIRMA!$B13 -> 0 | C13: =YASLANDIRMA!$A13 -> 0 | D13: =YASLANDIRMA!$F13 | E13: =YASLANDIRMA!$G13 | F13: =IFERROR(INDEX(tblRisk[Risk Skoru],MATCH($B13,tblRisk[Müşteri Kodu],0)),0) -> 20 | G13: =IF($F13>=EsikYuksek,"Telefon + yönetici eskalasyonu",IF($E13>YaslamaDilim2,"Telefon + yazılı teyit","Planlı e-posta/telefon")) -> Telefon + yazılı teyit | H13: =IF($D13=0,"KAPALI",IF($F13>EsikPesin,"Vadeli satışı durdur ve tahsilat planı al",IF($F13>EsikLimitAzalt,"Peşin/teminatlı satışa geç",IF($F13>EsikIzle,"Limit azalt ve tahsilatı hızlandır","Planlı izleme")))) -> Planlı izleme | I13: =IFERROR(INDEX(tblMusteriler[Satış Sorumlusu],MATCH($B13,tblMusteriler[Müşteri Kodu],0)),"Tahsilat Ekibi") -> Tahsilat Ekibi | J13: =RaporTarihi+IF($F13>EsikPesin,1,IF($F13>EsikLimitAzalt,AksiyonGunOrta,AksiyonGunUzun)) -> 46246
A14: =IF(YASLANDIRMA!$F14=0,"",IFERROR(_xlfn.RANK.EQ(MUSTERI_RISK_SKORU!$X14,tblRisk[Risk Skoru],0),"")) -> 4 | B14: =YASLANDIRMA!$B14 -> 0 | C14: =YASLANDIRMA!$A14 -> 0 | D14: =YASLANDIRMA!$F14 | E14: =YASLANDIRMA!$G14 | F14: =IFERROR(INDEX(tblRisk[Risk Skoru],MATCH($B14,tblRisk[Müşteri Kodu],0)),0) -> 20 | G14: =IF($F14>=EsikYuksek,"Telefon + yönetici eskalasyonu",IF($E14>YaslamaDilim2,"Telefon + yazılı teyit","Planlı e-posta/telefon")) -> Telefon + yazılı teyit | H14: =IF($D14=0,"KAPALI",IF($F14>EsikPesin,"Vadeli satışı durdur ve tahsilat planı al",IF($F14>EsikLimitAzalt,"Peşin/teminatlı satışa geç",IF($F14>EsikIzle,"Limit azalt ve tahsilatı hızlandır","Planlı izleme")))) -> Planlı izleme | I14: =IFERROR(INDEX(tblMusteriler[Satış Sorumlusu],MATCH($B14,tblMusteriler[Müşteri Kodu],0)),"Tahsilat Ekibi") -> Tahsilat Ekibi | J14: =RaporTarihi+IF($F14>EsikPesin,1,IF($F14>EsikLimitAzalt,AksiyonGunOrta,AksiyonGunUzun)) -> 46246
A15: =IF(YASLANDIRMA!$F15=0,"",IFERROR(_xlfn.RANK.EQ(MUSTERI_RISK_SKORU!$X15,tblRisk[Risk Skoru],0),"")) -> 4 | B15: =YASLANDIRMA!$B15 -> 0 | C15: =YASLANDIRMA!$A15 -> 0 | D15: =YASLANDIRMA!$F15 | E15: =YASLANDIRMA!$G15 | F15: =IFERROR(INDEX(tblRisk[Risk Skoru],MATCH($B15,tblRisk[Müşteri Kodu],0)),0) -> 20 | G15: =IF($F15>=EsikYuksek,"Telefon + yönetici eskalasyonu",IF($E15>YaslamaDilim2,"Telefon + yazılı teyit","Planlı e-posta/telefon")) -> Telefon + yazılı teyit | H15: =IF($D15=0,"KAPALI",IF($F15>EsikPesin,"Vadeli satışı durdur ve tahsilat planı al",IF($F15>EsikLimitAzalt,"Peşin/teminatlı satışa geç",IF($F15>EsikIzle,"Limit azalt ve tahsilatı hızlandır","Planlı izleme")))) -> Planlı izleme | I15: =IFERROR(INDEX(tblMusteriler[Satış Sorumlusu],MATCH($B15,tblMusteriler[Müşteri Kodu],0)),"Tahsilat Ekibi") -> Tahsilat Ekibi | J15: =RaporTarihi+IF($F15>EsikPesin,1,IF($F15>EsikLimitAzalt,AksiyonGunOrta,AksiyonGunUzun)) -> 46246
A16: =IF(YASLANDIRMA!$F16=0,"",IFERROR(_xlfn.RANK.EQ(MUSTERI_RISK_SKORU!$X16,tblRisk[Risk Skoru],0),"")) -> 4 | B16: =YASLANDIRMA!$B16 -> 0 | C16: =YASLANDIRMA!$A16 -> 0 | D16: =YASLANDIRMA!$F16 | E16: =YASLANDIRMA!$G16 | F16: =IFERROR(INDEX(tblRisk[Risk Skoru],MATCH($B16,tblRisk[Müşteri Kodu],0)),0) -> 20 | G16: =IF($F16>=EsikYuksek,"Telefon + yönetici eskalasyonu",IF($E16>YaslamaDilim2,"Telefon + yazılı teyit","Planlı e-posta/telefon")) -> Telefon + yazılı teyit | H16: =IF($D16=0,"KAPALI",IF($F16>EsikPesin,"Vadeli satışı durdur ve tahsilat planı al",IF($F16>EsikLimitAzalt,"Peşin/teminatlı satışa geç",IF($F16>EsikIzle,"Limit azalt ve tahsilatı hızlandır","Planlı izleme")))) -> Planlı izleme | I16: =IFERROR(INDEX(tblMusteriler[Satış Sorumlusu],MATCH($B16,tblMusteriler[Müşteri Kodu],0)),"Tahsilat Ekibi") -> Tahsilat Ekibi | J16: =RaporTarihi+IF($F16>EsikPesin,1,IF($F16>EsikLimitAzalt,AksiyonGunOrta,AksiyonGunUzun)) -> 46246
A17: =IF(YASLANDIRMA!$F17=0,"",IFERROR(_xlfn.RANK.EQ(MUSTERI_RISK_SKORU!$X17,tblRisk[Risk Skoru],0),"")) -> 4 | B17: =YASLANDIRMA!$B17 -> 0 | C17: =YASLANDIRMA!$A17 -> 0 | D17: =YASLANDIRMA!$F17 | E17: =YASLANDIRMA!$G17 | F17: =IFERROR(INDEX(tblRisk[Risk Skoru],MATCH($B17,tblRisk[Müşteri Kodu],0)),0) -> 20 | G17: =IF($F17>=EsikYuksek,"Telefon + yönetici eskalasyonu",IF($E17>YaslamaDilim2,"Telefon + yazılı teyit","Planlı e-posta/telefon")) -> Telefon + yazılı teyit | H17: =IF($D17=0,"KAPALI",IF($F17>EsikPesin,"Vadeli satışı durdur ve tahsilat planı al",IF($F17>EsikLimitAzalt,"Peşin/teminatlı satışa geç",IF($F17>EsikIzle,"Limit azalt ve tahsilatı hızlandır","Planlı izleme")))) -> Planlı izleme | I17: =IFERROR(INDEX(tblMusteriler[Satış Sorumlusu],MATCH($B17,tblMusteriler[Müşteri Kodu],0)),"Tahsilat Ekibi") -> Tahsilat Ekibi | J17: =RaporTarihi+IF($F17>EsikPesin,1,IF($F17>EsikLimitAzalt,AksiyonGunOrta,AksiyonGunUzun)) -> 46246
A18: =IF(YASLANDIRMA!$F18=0,"",IFERROR(_xlfn.RANK.EQ(MUSTERI_RISK_SKORU!$X18,tblRisk[Risk Skoru],0),"")) -> 4 | B18: =YASLANDIRMA!$B18 -> 0 | C18: =YASLANDIRMA!$A18 -> 0 | D18: =YASLANDIRMA!$F18 | E18: =YASLANDIRMA!$G18 | F18: =IFERROR(INDEX(tblRisk[Risk Skoru],MATCH($B18,tblRisk[Müşteri Kodu],0)),0) -> 20 | G18: =IF($F18>=EsikYuksek,"Telefon + yönetici eskalasyonu",IF($E18>YaslamaDilim2,"Telefon + yazılı teyit","Planlı e-posta/telefon")) -> Telefon + yazılı teyit | H18: =IF($D18=0,"KAPALI",IF($F18>EsikPesin,"Vadeli satışı durdur ve tahsilat planı al",IF($F18>EsikLimitAzalt,"Peşin/teminatlı satışa geç",IF($F18>EsikIzle,"Limit azalt ve tahsilatı hızlandır","Planlı izleme")))) -> Planlı izleme | I18: =IFERROR(INDEX(tblMusteriler[Satış Sorumlusu],MATCH($B18,tblMusteriler[Müşteri Kodu],0)),"Tahsilat Ekibi") -> Tahsilat Ekibi | J18: =RaporTarihi+IF($F18>EsikPesin,1,IF($F18>EsikLimitAzalt,AksiyonGunOrta,AksiyonGunUzun)) -> 46246
A19: =IF(YASLANDIRMA!$F19=0,"",IFERROR(_xlfn.RANK.EQ(MUSTERI_RISK_SKORU!$X19,tblRisk[Risk Skoru],0),"")) -> 4 | B19: =YASLANDIRMA!$B19 -> 0 | C19: =YASLANDIRMA!$A19 -> 0 | D19: =YASLANDIRMA!$F19 | E19: =YASLANDIRMA!$G19 | F19: =IFERROR(INDEX(tblRisk[Risk Skoru],MATCH($B19,tblRisk[Müşteri Kodu],0)),0) -> 20 | G19: =IF($F19>=EsikYuksek,"Telefon + yönetici eskalasyonu",IF($E19>YaslamaDilim2,"Telefon + yazılı teyit","Planlı e-posta/telefon")) -> Telefon + yazılı teyit | H19: =IF($D19=0,"KAPALI",IF($F19>EsikPesin,"Vadeli satışı durdur ve tahsilat planı al",IF($F19>EsikLimitAzalt,"Peşin/teminatlı satışa geç",IF($F19>EsikIzle,"Limit azalt ve tahsilatı hızlandır","Planlı izleme")))) -> Planlı izleme | I19: =IFERROR(INDEX(tblMusteriler[Satış Sorumlusu],MATCH($B19,tblMusteriler[Müşteri Kodu],0)),"Tahsilat Ekibi") -> Tahsilat Ekibi | J19: =RaporTarihi+IF($F19>EsikPesin,1,IF($F19>EsikLimitAzalt,AksiyonGunOrta,AksiyonGunUzun)) -> 46246
A20: =IF(YASLANDIRMA!$F20=0,"",IFERROR(_xlfn.RANK.EQ(MUSTERI_RISK_SKORU!$X20,tblRisk[Risk Skoru],0),"")) -> 4 | B20: =YASLANDIRMA!$B20 -> 0 | C20: =YASLANDIRMA!$A20 -> 0 | D20: =YASLANDIRMA!$F20 | E20: =YASLANDIRMA!$G20 | F20: =IFERROR(INDEX(tblRisk[Risk Skoru],MATCH($B20,tblRisk[Müşteri Kodu],0)),0) -> 20 | G20: =IF($F20>=EsikYuksek,"Telefon + yönetici eskalasyonu",IF($E20>YaslamaDilim2,"Telefon + yazılı teyit","Planlı e-posta/telefon")) -> Telefon + yazılı teyit | H20: =IF($D20=0,"KAPALI",IF($F20>EsikPesin,"Vadeli satışı durdur ve tahsilat planı al",IF($F20>EsikLimitAzalt,"Peşin/teminatlı satışa geç",IF($F20>EsikIzle,"Limit azalt ve tahsilatı hızlandır","Planlı izleme")))) -> Planlı izleme | I20: =IFERROR(INDEX(tblMusteriler[Satış Sorumlusu],MATCH($B20,tblMusteriler[Müşteri Kodu],0)),"Tahsilat Ekibi") -> Tahsilat Ekibi | J20: =RaporTarihi+IF($F20>EsikPesin,1,IF($F20>EsikLimitAzalt,AksiyonGunOrta,AksiyonGunUzun)) -> 46246
A21: =IF(YASLANDIRMA!$F21=0,"",IFERROR(_xlfn.RANK.EQ(MUSTERI_RISK_SKORU!$X21,tblRisk[Risk Skoru],0),"")) -> 4 | B21: =YASLANDIRMA!$B21 -> 0 | C21: =YASLANDIRMA!$A21 -> 0 | D21: =YASLANDIRMA!$F21 | E21: =YASLANDIRMA!$G21 | F21: =IFERROR(INDEX(tblRisk[Risk Skoru],MATCH($B21,tblRisk[Müşteri Kodu],0)),0) -> 20 | G21: =IF($F21>=EsikYuksek,"Telefon + yönetici eskalasyonu",IF($E21>YaslamaDilim2,"Telefon + yazılı teyit","Planlı e-posta/telefon")) -> Telefon + yazılı teyit | H21: =IF($D21=0,"KAPALI",IF($F21>EsikPesin,"Vadeli satışı durdur ve tahsilat planı al",IF($F21>EsikLimitAzalt,"Peşin/teminatlı satışa geç",IF($F21>EsikIzle,"Limit azalt ve tahsilatı hızlandır","Planlı izleme")))) -> Planlı izleme | I21: =IFERROR(INDEX(tblMusteriler[Satış Sorumlusu],MATCH($B21,tblMusteriler[Müşteri Kodu],0)),"Tahsilat Ekibi") -> Tahsilat Ekibi | J21: =RaporTarihi+IF($F21>EsikPesin,1,IF($F21>EsikLimitAzalt,AksiyonGunOrta,AksiyonGunUzun)) -> 46246
A22: =IF(YASLANDIRMA!$F22=0,"",IFERROR(_xlfn.RANK.EQ(MUSTERI_RISK_SKORU!$X22,tblRisk[Risk Skoru],0),"")) -> 4 | B22: =YASLANDIRMA!$B22 -> 0 | C22: =YASLANDIRMA!$A22 -> 0 | D22: =YASLANDIRMA!$F22 | E22: =YASLANDIRMA!$G22 | F22: =IFERROR(INDEX(tblRisk[Risk Skoru],MATCH($B22,tblRisk[Müşteri Kodu],0)),0) -> 20 | G22: =IF($F22>=EsikYuksek,"Telefon + yönetici eskalasyonu",IF($E22>YaslamaDilim2,"Telefon + yazılı teyit","Planlı e-posta/telefon")) -> Telefon + yazılı teyit | H22: =IF($D22=0,"KAPALI",IF($F22>EsikPesin,"Vadeli satışı durdur ve tahsilat planı al",IF($F22>EsikLimitAzalt,"Peşin/teminatlı satışa geç",IF($F22>EsikIzle,"Limit azalt ve tahsilatı hızlandır","Planlı izleme")))) -> Planlı izleme | I22: =IFERROR(INDEX(tblMusteriler[Satış Sorumlusu],MATCH($B22,tblMusteriler[Müşteri Kodu],0)),"Tahsilat Ekibi") -> Tahsilat Ekibi | J22: =RaporTarihi+IF($F22>EsikPesin,1,IF($F22>EsikLimitAzalt,AksiyonGunOrta,AksiyonGunUzun)) -> 46246
A23: =IF(YASLANDIRMA!$F23=0,"",IFERROR(_xlfn.RANK.EQ(MUSTERI_RISK_SKORU!$X23,tblRisk[Risk Skoru],0),"")) -> 4 | B23: =YASLANDIRMA!$B23 -> 0 | C23: =YASLANDIRMA!$A23 -> 0 | D23: =YASLANDIRMA!$F23 | E23: =YASLANDIRMA!$G23 | F23: =IFERROR(INDEX(tblRisk[Risk Skoru],MATCH($B23,tblRisk[Müşteri Kodu],0)),0) -> 20 | G23: =IF($F23>=EsikYuksek,"Telefon + yönetici eskalasyonu",IF($E23>YaslamaDilim2,"Telefon + yazılı teyit","Planlı e-posta/telefon")) -> Telefon + yazılı teyit | H23: =IF($D23=0,"KAPALI",IF($F23>EsikPesin,"Vadeli satışı durdur ve tahsilat planı al",IF($F23>EsikLimitAzalt,"Peşin/teminatlı satışa geç",IF($F23>EsikIzle,"Limit azalt ve tahsilatı hızlandır","Planlı izleme")))) -> Planlı izleme | I23: =IFERROR(INDEX(tblMusteriler[Satış Sorumlusu],MATCH($B23,tblMusteriler[Müşteri Kodu],0)),"Tahsilat Ekibi") -> Tahsilat Ekibi | J23: =RaporTarihi+IF($F23>EsikPesin,1,IF($F23>EsikLimitAzalt,AksiyonGunOrta,AksiyonGunUzun)) -> 46246
... A45: =IF(YASLANDIRMA!$F45=0,"",IFERROR(_xlfn.RANK.EQ(MUSTERI_RISK_SKORU!$X45,tblRisk[Risk Skoru],0),"")) -> 4 | B45: =YASLANDIRMA!$B45 -> 0 | C45: =YASLANDIRMA!$A45 -> 0 | D45: =YASLANDIRMA!$F45 | E45: =YASLANDIRMA!$G45 | F45: =IFERROR(INDEX(tblRisk[Risk Skoru],MATCH($B45,tblRisk[Müşteri Kodu],0)),0) -> 20 | G45: =IF($F45>=EsikYuksek,"Telefon + yönetici eskalasyonu",IF($E45>YaslamaDilim2,"Telefon + yazılı teyit","Planlı e-posta/telefon")) -> Telefon + yazılı teyit | H45: =IF($D45=0,"KAPALI",IF($F45>EsikPesin,"Vadeli satışı durdur ve tahsilat planı al",IF($F45>EsikLimitAzalt,"Peşin/teminatlı satışa geç",IF($F45>EsikIzle,"Limit azalt ve tahsilatı hızlandır","Planlı izleme")))) -> Planlı izleme | I45: =IFERROR(INDEX(tblMusteriler[Satış Sorumlusu],MATCH($B45,tblMusteriler[Müşteri Kodu],0)),"Tahsilat Ekibi") -> Tahsilat Ekibi | J45: =RaporTarihi+IF($F45>EsikPesin,1,IF($F45>EsikLimitAzalt,AksiyonGunOrta,AksiyonGunUzun)) -> 46246

Sheet KARAR_MOTORU
A1: KARAR MOTORU — CARİ HESAP, TAHSİLAT VE MÜŞTERİ RİSK TAKİP SİSTEMİ
A3: KARAR | B3: =IF(COUNTIF(tblFaturalar[Müşteri Kodu],"?*")=0,"VERİ YOK",IF(COUNTIF(tblRisk[Risk Skoru],">84")>0,"VADELİ SATIŞI DURDUR",IF(COUNTIF(tblRisk[Risk Skoru],">69")>0,"LİMİTİ AZALT","KONTROLLÜ"))) -> VADELİ SATIŞI DURDUR
A4: ÖNERİLEN KARAR KURALLARI
A5: Müşteri | B5: Risk Seviyesi | C5: Tespit | D5: Sayısal Kanıt | E5: Kök Neden | F5: Finansal Etki | G5: Önerilen Karar | H5: Önerilen Aksiyon | I5: Sorumlu | J5: Son Tarih | K5: Beklenen Etki | L5: Uygulanmazsa Risk | M5: Güven | N5: Kaynak
A6: =MUSTERI_RISK_SKORU!$A6&" - "&MUSTERI_RISK_SKORU!$B6 -> M001 - Atlas Yapı A.Ş. | B6: =IF(MUSTERI_RISK_SKORU!$X6>EsikKritik,"KRİTİK",IF(MUSTERI_RISK_SKORU!$X6>EsikYuksek,"RİSKLİ",IF(MUSTERI_RISK_SKORU!$X6>EsikIzle,"İZLE","NORMAL"))) -> NORMAL | C6: =IF(MUSTERI_RISK_SKORU!$I6>YaslamaDilim3,"90+ gün gecikme",IF(MUSTERI_RISK_SKORU!$F6>1,"Limit aşımı",IF(MUSTERI_RISK_SKORU!$M6>0,"İtirazlı alacak","Planlı izleme"))) -> 90+ gün gecikme | D6: ="Skor "&MUSTERI_RISK_SKORU!$X6&" | Açık "&TEXT(MUSTERI_RISK_SKORU!$C6,"₺ #,##0") -> Skor 40 | Açık ₺ 720000,000 | E6: =IF(MUSTERI_RISK_SKORU!$K6>0,"Teminat açığı","Kontrollü risk") -> Kontrollü risk | F6: ="Net risk "&TEXT(MUSTERI_RISK_SKORU!$K6,"₺ #,##0") -> Net risk ₺ ,000 | G6: =MUSTERI_RISK_SKORU!$V6 -> İZLE | H6: =MUSTERI_RISK_SKORU!$W6 -> Planlı izleme | I6: =IF(MUSTERI_RISK_SKORU!$X6>EsikYuksek,"CFO / Finans Müdürü","Tahsilat Yöneticisi") -> Tahsilat Yöneticisi | J6: =RaporTarihi+IF(MUSTERI_RISK_SKORU!$X6>EsikPesin,1,KararGunu) -> 46242 | K6: ="Korunan nakit: "&TEXT(MIN(MUSTERI_RISK_SKORU!$G6,MUSTERI_RISK_SKORU!$K6),"₺ #,##0") -> Korunan nakit: ₺ ,000 | L6: =IF(MUSTERI_RISK_SKORU!$X6>EsikYuksek,"Tahsil edilememe ve nakit kaybı büyür","İşletme sermayesi baskısı artar") -> İşletme sermayesi baskısı artar | M6: =MUSTERI_RISK_SKORU!$U6 -> YÜKSEK | N6: Yönetim Kararı
A7: =MUSTERI_RISK_SKORU!$A7&" - "&MUSTERI_RISK_SKORU!$B7 -> M002 - Bora Perakende Ltd. | B7: =IF(MUSTERI_RISK_SKORU!$X7>EsikKritik,"KRİTİK",IF(MUSTERI_RISK_SKORU!$X7>EsikYuksek,"RİSKLİ",IF(MUSTERI_RISK_SKORU!$X7>EsikIzle,"İZLE","NORMAL"))) -> NORMAL | C7: =IF(MUSTERI_RISK_SKORU!$I7>YaslamaDilim3,"90+ gün gecikme",IF(MUSTERI_RISK_SKORU!$F7>1,"Limit aşımı",IF(MUSTERI_RISK_SKORU!$M7>0,"İtirazlı alacak","Planlı izleme"))) -> Planlı izleme | D7: ="Skor "&MUSTERI_RISK_SKORU!$X7&" | Açık "&TEXT(MUSTERI_RISK_SKORU!$C7,"₺ #,##0") -> Skor 6 | Açık ₺ 220000,000 | E7: =IF(MUSTERI_RISK_SKORU!$K7>0,"Teminat açığı","Kontrollü risk") -> Kontrollü risk | F7: ="Net risk "&TEXT(MUSTERI_RISK_SKORU!$K7,"₺ #,##0") -> Net risk ₺ ,000 | G7: =MUSTERI_RISK_SKORU!$V7 -> DEVAM | H7: =MUSTERI_RISK_SKORU!$W7 -> Planlı izleme | I7: =IF(MUSTERI_RISK_SKORU!$X7>EsikYuksek,"CFO / Finans Müdürü","Tahsilat Yöneticisi") -> Tahsilat Yöneticisi | J7: =RaporTarihi+IF(MUSTERI_RISK_SKORU!$X7>EsikPesin,1,KararGunu) -> 46242 | K7: ="Korunan nakit: "&TEXT(MIN(MUSTERI_RISK_SKORU!$G7,MUSTERI_RISK_SKORU!$K7),"₺ #,##0") -> Korunan nakit: ₺ ,000 | L7: =IF(MUSTERI_RISK_SKORU!$X7>EsikYuksek,"Tahsil edilememe ve nakit kaybı büyür","İşletme sermayesi baskısı artar") -> İşletme sermayesi baskısı artar | M7: =MUSTERI_RISK_SKORU!$U7 -> YÜKSEK | N7: Yönetim Kararı
A8: =MUSTERI_RISK_SKORU!$A8&" - "&MUSTERI_RISK_SKORU!$B8 -> M003 - Cemre Gıda A.Ş. | B8: =IF(MUSTERI_RISK_SKORU!$X8>EsikKritik,"KRİTİK",IF(MUSTERI_RISK_SKORU!$X8>EsikYuksek,"RİSKLİ",IF(MUSTERI_RISK_SKORU!$X8>EsikIzle,"İZLE","NORMAL"))) -> RİSKLİ | C8: =IF(MUSTERI_RISK_SKORU!$I8>YaslamaDilim3,"90+ gün gecikme",IF(MUSTERI_RISK_SKORU!$F8>1,"Limit aşımı",IF(MUSTERI_RISK_SKORU!$M8>0,"İtirazlı alacak","Planlı izleme"))) -> Limit aşımı | D8: ="Skor "&MUSTERI_RISK_SKORU!$X8&" | Açık "&TEXT(MUSTERI_RISK_SKORU!$C8,"₺ #,##0") -> Skor 74 | Açık ₺ 940000,000 | E8: =IF(MUSTERI_RISK_SKORU!$K8>0,"Teminat açığı","Kontrollü risk") -> Teminat açığı | F8: ="Net risk "&TEXT(MUSTERI_RISK_SKORU!$K8,"₺ #,##0") -> Net risk ₺ 700000,000 | G8: =MUSTERI_RISK_SKORU!$V8 -> PEŞİN / TEMİNATLI | H8: =MUSTERI_RISK_SKORU!$W8 -> Yeni satışı teminata bağla | I8: =IF(MUSTERI_RISK_SKORU!$X8>EsikYuksek,"CFO / Finans Müdürü","Tahsilat Yöneticisi") -> CFO / Finans Müdürü | J8: =RaporTarihi+IF(MUSTERI_RISK_SKORU!$X8>EsikPesin,1,KararGunu) -> 46242 | K8: ="Korunan nakit: "&TEXT(MIN(MUSTERI_RISK_SKORU!$G8,MUSTERI_RISK_SKORU!$K8),"₺ #,##0") -> Korunan nakit: ₺ 680000,000 | L8: =IF(MUSTERI_RISK_SKORU!$X8>EsikYuksek,"Tahsil edilememe ve nakit kaybı büyür","İşletme sermayesi baskısı artar") -> Tahsil edilememe ve nakit kaybı büyür | M8: =MUSTERI_RISK_SKORU!$U8 -> YÜKSEK | N8: Yönetim Kararı
A9: =MUSTERI_RISK_SKORU!$A9&" - "&MUSTERI_RISK_SKORU!$B9 -> M004 - Delta Tekstil Ltd. | B9: =IF(MUSTERI_RISK_SKORU!$X9>EsikKritik,"KRİTİK",IF(MUSTERI_RISK_SKORU!$X9>EsikYuksek,"RİSKLİ",IF(MUSTERI_RISK_SKORU!$X9>EsikIzle,"İZLE","NORMAL"))) -> RİSKLİ | C9: =IF(MUSTERI_RISK_SKORU!$I9>YaslamaDilim3,"90+ gün gecikme",IF(MUSTERI_RISK_SKORU!$F9>1,"Limit aşımı",IF(MUSTERI_RISK_SKORU!$M9>0,"İtirazlı alacak","Planlı izleme"))) -> 90+ gün gecikme | D9: ="Skor "&MUSTERI_RISK_SKORU!$X9&" | Açık "&TEXT(MUSTERI_RISK_SKORU!$C9,"₺ #,##0") -> Skor 85 | Açık ₺ 1500000,000 | E9: =IF(MUSTERI_RISK_SKORU!$K9>0,"Teminat açığı","Kontrollü risk") -> Teminat açığı | F9: ="Net risk "&TEXT(MUSTERI_RISK_SKORU!$K9,"₺ #,##0") -> Net risk ₺ 1500000,000 | G9: =MUSTERI_RISK_SKORU!$V9 -> VADELİ SATIŞI DURDUR | H9: =MUSTERI_RISK_SKORU!$W9 -> Yeni satışı teminata bağla | I9: =IF(MUSTERI_RISK_SKORU!$X9>EsikYuksek,"CFO / Finans Müdürü","Tahsilat Yöneticisi") -> CFO / Finans Müdürü | J9: =RaporTarihi+IF(MUSTERI_RISK_SKORU!$X9>EsikPesin,1,KararGunu) -> 46240 | K9: ="Korunan nakit: "&TEXT(MIN(MUSTERI_RISK_SKORU!$G9,MUSTERI_RISK_SKORU!$K9),"₺ #,##0") -> Korunan nakit: ₺ 1500000,000 | L9: =IF(MUSTERI_RISK_SKORU!$X9>EsikYuksek,"Tahsil edilememe ve nakit kaybı büyür","İşletme sermayesi baskısı artar") -> Tahsil edilememe ve nakit kaybı büyür | M9: =MUSTERI_RISK_SKORU!$U9 -> YÜKSEK | N9: Yönetim Kararı
A10: =MUSTERI_RISK_SKORU!$A10&" - "&MUSTERI_RISK_SKORU!$B10 -> 0 - 0 | B10: =IF(MUSTERI_RISK_SKORU!$X10>EsikKritik,"KRİTİK",IF(MUSTERI_RISK_SKORU!$X10>EsikYuksek,"RİSKLİ",IF(MUSTERI_RISK_SKORU!$X10>EsikIzle,"İZLE","NORMAL"))) -> NORMAL | C10: =IF(MUSTERI_RISK_SKORU!$I10>YaslamaDilim3,"90+ gün gecikme",IF(MUSTERI_RISK_SKORU!$F10>1,"Limit aşımı",IF(MUSTERI_RISK_SKORU!$M10>0,"İtirazlı alacak","Planlı izleme"))) -> Planlı izleme | D10: ="Skor "&MUSTERI_RISK_SKORU!$X10&" | Açık "&TEXT(MUSTERI_RISK_SKORU!$C10,"₺ #,##0") -> Skor 20 | Açık ₺ ,000 | E10: =IF(MUSTERI_RISK_SKORU!$K10>0,"Teminat açığı","Kontrollü risk") -> Kontrollü risk | F10: ="Net risk "&TEXT(MUSTERI_RISK_SKORU!$K10,"₺ #,##0") -> Net risk ₺ ,000 | G10: =MUSTERI_RISK_SKORU!$V10 -> DEVAM | H10: =MUSTERI_RISK_SKORU!$W10 -> Planlı izleme | I10: =IF(MUSTERI_RISK_SKORU!$X10>EsikYuksek,"CFO / Finans Müdürü","Tahsilat Yöneticisi") -> Tahsilat Yöneticisi | J10: =RaporTarihi+IF(MUSTERI_RISK_SKORU!$X10>EsikPesin,1,KararGunu) -> 46242 | K10: ="Korunan nakit: "&TEXT(MIN(MUSTERI_RISK_SKORU!$G10,MUSTERI_RISK_SKORU!$K10),"₺ #,##0") -> Korunan nakit: ₺ ,000 | L10: =IF(MUSTERI_RISK_SKORU!$X10>EsikYuksek,"Tahsil edilememe ve nakit kaybı büyür","İşletme sermayesi baskısı artar") -> İşletme sermayesi baskısı artar | M10: =MUSTERI_RISK_SKORU!$U10 -> YÜKSEK
A11: =MUSTERI_RISK_SKORU!$A11&" - "&MUSTERI_RISK_SKORU!$B11 -> 0 - 0 | B11: =IF(MUSTERI_RISK_SKORU!$X11>EsikKritik,"KRİTİK",IF(MUSTERI_RISK_SKORU!$X11>EsikYuksek,"RİSKLİ",IF(MUSTERI_RISK_SKORU!$X11>EsikIzle,"İZLE","NORMAL"))) -> NORMAL | C11: =IF(MUSTERI_RISK_SKORU!$I11>YaslamaDilim3,"90+ gün gecikme",IF(MUSTERI_RISK_SKORU!$F11>1,"Limit aşımı",IF(MUSTERI_RISK_SKORU!$M11>0,"İtirazlı alacak","Planlı izleme"))) -> Planlı izleme | D11: ="Skor "&MUSTERI_RISK_SKORU!$X11&" | Açık "&TEXT(MUSTERI_RISK_SKORU!$C11,"₺ #,##0") -> Skor 20 | Açık ₺ ,000 | E11: =IF(MUSTERI_RISK_SKORU!$K11>0,"Teminat açığı","Kontrollü risk") -> Kontrollü risk | F11: ="Net risk "&TEXT(MUSTERI_RISK_SKORU!$K11,"₺ #,##0") -> Net risk ₺ ,000 | G11: =MUSTERI_RISK_SKORU!$V11 -> DEVAM | H11: =MUSTERI_RISK_SKORU!$W11 -> Planlı izleme | I11: =IF(MUSTERI_RISK_SKORU!$X11>EsikYuksek,"CFO / Finans Müdürü","Tahsilat Yöneticisi") -> Tahsilat Yöneticisi | J11: =RaporTarihi+IF(MUSTERI_RISK_SKORU!$X11>EsikPesin,1,KararGunu) -> 46242 | K11: ="Korunan nakit: "&TEXT(MIN(MUSTERI_RISK_SKORU!$G11,MUSTERI_RISK_SKORU!$K11),"₺ #,##0") -> Korunan nakit: ₺ ,000 | L11: =IF(MUSTERI_RISK_SKORU!$X11>EsikYuksek,"Tahsil edilememe ve nakit kaybı büyür","İşletme sermayesi baskısı artar") -> İşletme sermayesi baskısı artar | M11: =MUSTERI_RISK_SKORU!$U11 -> YÜKSEK
A12: =MUSTERI_RISK_SKORU!$A12&" - "&MUSTERI_RISK_SKORU!$B12 -> 0 - 0 | B12: =IF(MUSTERI_RISK_SKORU!$X12>EsikKritik,"KRİTİK",IF(MUSTERI_RISK_SKORU!$X12>EsikYuksek,"RİSKLİ",IF(MUSTERI_RISK_SKORU!$X12>EsikIzle,"İZLE","NORMAL"))) -> NORMAL | C12: =IF(MUSTERI_RISK_SKORU!$I12>YaslamaDilim3,"90+ gün gecikme",IF(MUSTERI_RISK_SKORU!$F12>1,"Limit aşımı",IF(MUSTERI_RISK_SKORU!$M12>0,"İtirazlı alacak","Planlı izleme"))) -> Planlı izleme | D12: ="Skor "&MUSTERI_RISK_SKORU!$X12&" | Açık "&TEXT(MUSTERI_RISK_SKORU!$C12,"₺ #,##0") -> Skor 20 | Açık ₺ ,000 | E12: =IF(MUSTERI_RISK_SKORU!$K12>0,"Teminat açığı","Kontrollü risk") -> Kontrollü risk | F12: ="Net risk "&TEXT(MUSTERI_RISK_SKORU!$K12,"₺ #,##0") -> Net risk ₺ ,000 | G12: =MUSTERI_RISK_SKORU!$V12 -> DEVAM | H12: =MUSTERI_RISK_SKORU!$W12 -> Planlı izleme | I12: =IF(MUSTERI_RISK_SKORU!$X12>EsikYuksek,"CFO / Finans Müdürü","Tahsilat Yöneticisi") -> Tahsilat Yöneticisi | J12: =RaporTarihi+IF(MUSTERI_RISK_SKORU!$X12>EsikPesin,1,KararGunu) -> 46242 | K12: ="Korunan nakit: "&TEXT(MIN(MUSTERI_RISK_SKORU!$G12,MUSTERI_RISK_SKORU!$K12),"₺ #,##0") -> Korunan nakit: ₺ ,000 | L12: =IF(MUSTERI_RISK_SKORU!$X12>EsikYuksek,"Tahsil edilememe ve nakit kaybı büyür","İşletme sermayesi baskısı artar") -> İşletme sermayesi baskısı artar | M12: =MUSTERI_RISK_SKORU!$U12 -> YÜKSEK
A13: =MUSTERI_RISK_SKORU!$A13&" - "&MUSTERI_RISK_SKORU!$B13 -> 0 - 0 | B13: =IF(MUSTERI_RISK_SKORU!$X13>EsikKritik,"KRİTİK",IF(MUSTERI_RISK_SKORU!$X13>EsikYuksek,"RİSKLİ",IF(MUSTERI_RISK_SKORU!$X13>EsikIzle,"İZLE","NORMAL"))) -> NORMAL | C13: =IF(MUSTERI_RISK_SKORU!$I13>YaslamaDilim3,"90+ gün gecikme",IF(MUSTERI_RISK_SKORU!$F13>1,"Limit aşımı",IF(MUSTERI_RISK_SKORU!$M13>0,"İtirazlı alacak","Planlı izleme"))) -> Planlı izleme | D13: ="Skor "&MUSTERI_RISK_SKORU!$X13&" | Açık "&TEXT(MUSTERI_RISK_SKORU!$C13,"₺ #,##0") -> Skor 20 | Açık ₺ ,000 | E13: =IF(MUSTERI_RISK_SKORU!$K13>0,"Teminat açığı","Kontrollü risk") -> Kontrollü risk | F13: ="Net risk "&TEXT(MUSTERI_RISK_SKORU!$K13,"₺ #,##0") -> Net risk ₺ ,000 | G13: =MUSTERI_RISK_SKORU!$V13 -> DEVAM | H13: =MUSTERI_RISK_SKORU!$W13 -> Planlı izleme | I13: =IF(MUSTERI_RISK_SKORU!$X13>EsikYuksek,"CFO / Finans Müdürü","Tahsilat Yöneticisi") -> Tahsilat Yöneticisi | J13: =RaporTarihi+IF(MUSTERI_RISK_SKORU!$X13>EsikPesin,1,KararGunu) -> 46242 | K13: ="Korunan nakit: "&TEXT(MIN(MUSTERI_RISK_SKORU!$G13,MUSTERI_RISK_SKORU!$K13),"₺ #,##0") -> Korunan nakit: ₺ ,000 | L13: =IF(MUSTERI_RISK_SKORU!$X13>EsikYuksek,"Tahsil edilememe ve nakit kaybı büyür","İşletme sermayesi baskısı artar") -> İşletme sermayesi baskısı artar | M13: =MUSTERI_RISK_SKORU!$U13 -> YÜKSEK
A14: =MUSTERI_RISK_SKORU!$A14&" - "&MUSTERI_RISK_SKORU!$B14 -> 0 - 0 | B14: =IF(MUSTERI_RISK_SKORU!$X14>EsikKritik,"KRİTİK",IF(MUSTERI_RISK_SKORU!$X14>EsikYuksek,"RİSKLİ",IF(MUSTERI_RISK_SKORU!$X14>EsikIzle,"İZLE","NORMAL"))) -> NORMAL | C14: =IF(MUSTERI_RISK_SKORU!$I14>YaslamaDilim3,"90+ gün gecikme",IF(MUSTERI_RISK_SKORU!$F14>1,"Limit aşımı",IF(MUSTERI_RISK_SKORU!$M14>0,"İtirazlı alacak","Planlı izleme"))) -> Planlı izleme | D14: ="Skor "&MUSTERI_RISK_SKORU!$X14&" | Açık "&TEXT(MUSTERI_RISK_SKORU!$C14,"₺ #,##0") -> Skor 20 | Açık ₺ ,000 | E14: =IF(MUSTERI_RISK_SKORU!$K14>0,"Teminat açığı","Kontrollü risk") -> Kontrollü risk | F14: ="Net risk "&TEXT(MUSTERI_RISK_SKORU!$K14,"₺ #,##0") -> Net risk ₺ ,000 | G14: =MUSTERI_RISK_SKORU!$V14 -> DEVAM | H14: =MUSTERI_RISK_SKORU!$W14 -> Planlı izleme | I14: =IF(MUSTERI_RISK_SKORU!$X14>EsikYuksek,"CFO / Finans Müdürü","Tahsilat Yöneticisi") -> Tahsilat Yöneticisi | J14: =RaporTarihi+IF(MUSTERI_RISK_SKORU!$X14>EsikPesin,1,KararGunu) -> 46242 | K14: ="Korunan nakit: "&TEXT(MIN(MUSTERI_RISK_SKORU!$G14,MUSTERI_RISK_SKORU!$K14),"₺ #,##0") -> Korunan nakit: ₺ ,000 | L14: =IF(MUSTERI_RISK_SKORU!$X14>EsikYuksek,"Tahsil edilememe ve nakit kaybı büyür","İşletme sermayesi baskısı artar") -> İşletme sermayesi baskısı artar | M14: =MUSTERI_RISK_SKORU!$U14 -> YÜKSEK
A15: =MUSTERI_RISK_SKORU!$A15&" - "&MUSTERI_RISK_SKORU!$B15 -> 0 - 0 | B15: =IF(MUSTERI_RISK_SKORU!$X15>EsikKritik,"KRİTİK",IF(MUSTERI_RISK_SKORU!$X15>EsikYuksek,"RİSKLİ",IF(MUSTERI_RISK_SKORU!$X15>EsikIzle,"İZLE","NORMAL"))) -> NORMAL | C15: =IF(MUSTERI_RISK_SKORU!$I15>YaslamaDilim3,"90+ gün gecikme",IF(MUSTERI_RISK_SKORU!$F15>1,"Limit aşımı",IF(MUSTERI_RISK_SKORU!$M15>0,"İtirazlı alacak","Planlı izleme"))) -> Planlı izleme | D15: ="Skor "&MUSTERI_RISK_SKORU!$X15&" | Açık "&TEXT(MUSTERI_RISK_SKORU!$C15,"₺ #,##0") -> Skor 20 | Açık ₺ ,000 | E15: =IF(MUSTERI_RISK_SKORU!$K15>0,"Teminat açığı","Kontrollü risk") -> Kontrollü risk | F15: ="Net risk "&TEXT(MUSTERI_RISK_SKORU!$K15,"₺ #,##0") -> Net risk ₺ ,000 | G15: =MUSTERI_RISK_SKORU!$V15 -> DEVAM | H15: =MUSTERI_RISK_SKORU!$W15 -> Planlı izleme | I15: =IF(MUSTERI_RISK_SKORU!$X15>EsikYuksek,"CFO / Finans Müdürü","Tahsilat Yöneticisi") -> Tahsilat Yöneticisi | J15: =RaporTarihi+IF(MUSTERI_RISK_SKORU!$X15>EsikPesin,1,KararGunu) -> 46242 | K15: ="Korunan nakit: "&TEXT(MIN(MUSTERI_RISK_SKORU!$G15,MUSTERI_RISK_SKORU!$K15),"₺ #,##0") -> Korunan nakit: ₺ ,000 | L15: =IF(MUSTERI_RISK_SKORU!$X15>EsikYuksek,"Tahsil edilememe ve nakit kaybı büyür","İşletme sermayesi baskısı artar") -> İşletme sermayesi baskısı artar | M15: =MUSTERI_RISK_SKORU!$U15 -> YÜKSEK
A16: =MUSTERI_RISK_SKORU!$A16&" - "&MUSTERI_RISK_SKORU!$B16 -> 0 - 0 | B16: =IF(MUSTERI_RISK_SKORU!$X16>EsikKritik,"KRİTİK",IF(MUSTERI_RISK_SKORU!$X16>EsikYuksek,"RİSKLİ",IF(MUSTERI_RISK_SKORU!$X16>EsikIzle,"İZLE","NORMAL"))) -> NORMAL | C16: =IF(MUSTERI_RISK_SKORU!$I16>YaslamaDilim3,"90+ gün gecikme",IF(MUSTERI_RISK_SKORU!$F16>1,"Limit aşımı",IF(MUSTERI_RISK_SKORU!$M16>0,"İtirazlı alacak","Planlı izleme"))) -> Planlı izleme | D16: ="Skor "&MUSTERI_RISK_SKORU!$X16&" | Açık "&TEXT(MUSTERI_RISK_SKORU!$C16,"₺ #,##0") -> Skor 20 | Açık ₺ ,000 | E16: =IF(MUSTERI_RISK_SKORU!$K16>0,"Teminat açığı","Kontrollü risk") -> Kontrollü risk | F16: ="Net risk "&TEXT(MUSTERI_RISK_SKORU!$K16,"₺ #,##0") -> Net risk ₺ ,000 | G16: =MUSTERI_RISK_SKORU!$V16 -> DEVAM | H16: =MUSTERI_RISK_SKORU!$W16 -> Planlı izleme | I16: =IF(MUSTERI_RISK_SKORU!$X16>EsikYuksek,"CFO / Finans Müdürü","Tahsilat Yöneticisi") -> Tahsilat Yöneticisi | J16: =RaporTarihi+IF(MUSTERI_RISK_SKORU!$X16>EsikPesin,1,KararGunu) -> 46242 | K16: ="Korunan nakit: "&TEXT(MIN(MUSTERI_RISK_SKORU!$G16,MUSTERI_RISK_SKORU!$K16),"₺ #,##0") -> Korunan nakit: ₺ ,000 | L16: =IF(MUSTERI_RISK_SKORU!$X16>EsikYuksek,"Tahsil edilememe ve nakit kaybı büyür","İşletme sermayesi baskısı artar") -> İşletme sermayesi baskısı artar | M16: =MUSTERI_RISK_SKORU!$U16 -> YÜKSEK
A17: =MUSTERI_RISK_SKORU!$A17&" - "&MUSTERI_RISK_SKORU!$B17 -> 0 - 0 | B17: =IF(MUSTERI_RISK_SKORU!$X17>EsikKritik,"KRİTİK",IF(MUSTERI_RISK_SKORU!$X17>EsikYuksek,"RİSKLİ",IF(MUSTERI_RISK_SKORU!$X17>EsikIzle,"İZLE","NORMAL"))) -> NORMAL | C17: =IF(MUSTERI_RISK_SKORU!$I17>YaslamaDilim3,"90+ gün gecikme",IF(MUSTERI_RISK_SKORU!$F17>1,"Limit aşımı",IF(MUSTERI_RISK_SKORU!$M17>0,"İtirazlı alacak","Planlı izleme"))) -> Planlı izleme | D17: ="Skor "&MUSTERI_RISK_SKORU!$X17&" | Açık "&TEXT(MUSTERI_RISK_SKORU!$C17,"₺ #,##0") -> Skor 20 | Açık ₺ ,000 | E17: =IF(MUSTERI_RISK_SKORU!$K17>0,"Teminat açığı","Kontrollü risk") -> Kontrollü risk | F17: ="Net risk "&TEXT(MUSTERI_RISK_SKORU!$K17,"₺ #,##0") -> Net risk ₺ ,000 | G17: =MUSTERI_RISK_SKORU!$V17 -> DEVAM | H17: =MUSTERI_RISK_SKORU!$W17 -> Planlı izleme | I17: =IF(MUSTERI_RISK_SKORU!$X17>EsikYuksek,"CFO / Finans Müdürü","Tahsilat Yöneticisi") -> Tahsilat Yöneticisi | J17: =RaporTarihi+IF(MUSTERI_RISK_SKORU!$X17>EsikPesin,1,KararGunu) -> 46242 | K17: ="Korunan nakit: "&TEXT(MIN(MUSTERI_RISK_SKORU!$G17,MUSTERI_RISK_SKORU!$K17),"₺ #,##0") -> Korunan nakit: ₺ ,000 | L17: =IF(MUSTERI_RISK_SKORU!$X17>EsikYuksek,"Tahsil edilememe ve nakit kaybı büyür","İşletme sermayesi baskısı artar") -> İşletme sermayesi baskısı artar | M17: =MUSTERI_RISK_SKORU!$U17 -> YÜKSEK
A18: =MUSTERI_RISK_SKORU!$A18&" - "&MUSTERI_RISK_SKORU!$B18 -> 0 - 0 | B18: =IF(MUSTERI_RISK_SKORU!$X18>EsikKritik,"KRİTİK",IF(MUSTERI_RISK_SKORU!$X18>EsikYuksek,"RİSKLİ",IF(MUSTERI_RISK_SKORU!$X18>EsikIzle,"İZLE","NORMAL"))) -> NORMAL | C18: =IF(MUSTERI_RISK_SKORU!$I18>YaslamaDilim3,"90+ gün gecikme",IF(MUSTERI_RISK_SKORU!$F18>1,"Limit aşımı",IF(MUSTERI_RISK_SKORU!$M18>0,"İtirazlı alacak","Planlı izleme"))) -> Planlı izleme | D18: ="Skor "&MUSTERI_RISK_SKORU!$X18&" | Açık "&TEXT(MUSTERI_RISK_SKORU!$C18,"₺ #,##0") -> Skor 20 | Açık ₺ ,000 | E18: =IF(MUSTERI_RISK_SKORU!$K18>0,"Teminat açığı","Kontrollü risk") -> Kontrollü risk | F18: ="Net risk "&TEXT(MUSTERI_RISK_SKORU!$K18,"₺ #,##0") -> Net risk ₺ ,000 | G18: =MUSTERI_RISK_SKORU!$V18 -> DEVAM | H18: =MUSTERI_RISK_SKORU!$W18 -> Planlı izleme | I18: =IF(MUSTERI_RISK_SKORU!$X18>EsikYuksek,"CFO / Finans Müdürü","Tahsilat Yöneticisi") -> Tahsilat Yöneticisi | J18: =RaporTarihi+IF(MUSTERI_RISK_SKORU!$X18>EsikPesin,1,KararGunu) -> 46242 | K18: ="Korunan nakit: "&TEXT(MIN(MUSTERI_RISK_SKORU!$G18,MUSTERI_RISK_SKORU!$K18),"₺ #,##0") -> Korunan nakit: ₺ ,000 | L18: =IF(MUSTERI_RISK_SKORU!$X18>EsikYuksek,"Tahsil edilememe ve nakit kaybı büyür","İşletme sermayesi baskısı artar") -> İşletme sermayesi baskısı artar | M18: =MUSTERI_RISK_SKORU!$U18 -> YÜKSEK
A19: =MUSTERI_RISK_SKORU!$A19&" - "&MUSTERI_RISK_SKORU!$B19 -> 0 - 0 | B19: =IF(MUSTERI_RISK_SKORU!$X19>EsikKritik,"KRİTİK",IF(MUSTERI_RISK_SKORU!$X19>EsikYuksek,"RİSKLİ",IF(MUSTERI_RISK_SKORU!$X19>EsikIzle,"İZLE","NORMAL"))) -> NORMAL | C19: =IF(MUSTERI_RISK_SKORU!$I19>YaslamaDilim3,"90+ gün gecikme",IF(MUSTERI_RISK_SKORU!$F19>1,"Limit aşımı",IF(MUSTERI_RISK_SKORU!$M19>0,"İtirazlı alacak","Planlı izleme"))) -> Planlı izleme | D19: ="Skor "&MUSTERI_RISK_SKORU!$X19&" | Açık "&TEXT(MUSTERI_RISK_SKORU!$C19,"₺ #,##0") -> Skor 20 | Açık ₺ ,000 | E19: =IF(MUSTERI_RISK_SKORU!$K19>0,"Teminat açığı","Kontrollü risk") -> Kontrollü risk | F19: ="Net risk "&TEXT(MUSTERI_RISK_SKORU!$K19,"₺ #,##0") -> Net risk ₺ ,000 | G19: =MUSTERI_RISK_SKORU!$V19 -> DEVAM | H19: =MUSTERI_RISK_SKORU!$W19 -> Planlı izleme | I19: =IF(MUSTERI_RISK_SKORU!$X19>EsikYuksek,"CFO / Finans Müdürü","Tahsilat Yöneticisi") -> Tahsilat Yöneticisi | J19: =RaporTarihi+IF(MUSTERI_RISK_SKORU!$X19>EsikPesin,1,KararGunu) -> 46242 | K19: ="Korunan nakit: "&TEXT(MIN(MUSTERI_RISK_SKORU!$G19,MUSTERI_RISK_SKORU!$K19),"₺ #,##0") -> Korunan nakit: ₺ ,000 | L19: =IF(MUSTERI_RISK_SKORU!$X19>EsikYuksek,"Tahsil edilememe ve nakit kaybı büyür","İşletme sermayesi baskısı artar") -> İşletme sermayesi baskısı artar | M19: =MUSTERI_RISK_SKORU!$U19 -> YÜKSEK
A20: =MUSTERI_RISK_SKORU!$A20&" - "&MUSTERI_RISK_SKORU!$B20 -> 0 - 0 | B20: =IF(MUSTERI_RISK_SKORU!$X20>EsikKritik,"KRİTİK",IF(MUSTERI_RISK_SKORU!$X20>EsikYuksek,"RİSKLİ",IF(MUSTERI_RISK_SKORU!$X20>EsikIzle,"İZLE","NORMAL"))) -> NORMAL | C20: =IF(MUSTERI_RISK_SKORU!$I20>YaslamaDilim3,"90+ gün gecikme",IF(MUSTERI_RISK_SKORU!$F20>1,"Limit aşımı",IF(MUSTERI_RISK_SKORU!$M20>0,"İtirazlı alacak","Planlı izleme"))) -> Planlı izleme | D20: ="Skor "&MUSTERI_RISK_SKORU!$X20&" | Açık "&TEXT(MUSTERI_RISK_SKORU!$C20,"₺ #,##0") -> Skor 20 | Açık ₺ ,000 | E20: =IF(MUSTERI_RISK_SKORU!$K20>0,"Teminat açığı","Kontrollü risk") -> Kontrollü risk | F20: ="Net risk "&TEXT(MUSTERI_RISK_SKORU!$K20,"₺ #,##0") -> Net risk ₺ ,000 | G20: =MUSTERI_RISK_SKORU!$V20 -> DEVAM | H20: =MUSTERI_RISK_SKORU!$W20 -> Planlı izleme | I20: =IF(MUSTERI_RISK_SKORU!$X20>EsikYuksek,"CFO / Finans Müdürü","Tahsilat Yöneticisi") -> Tahsilat Yöneticisi | J20: =RaporTarihi+IF(MUSTERI_RISK_SKORU!$X20>EsikPesin,1,KararGunu) -> 46242 | K20: ="Korunan nakit: "&TEXT(MIN(MUSTERI_RISK_SKORU!$G20,MUSTERI_RISK_SKORU!$K20),"₺ #,##0") -> Korunan nakit: ₺ ,000 | L20: =IF(MUSTERI_RISK_SKORU!$X20>EsikYuksek,"Tahsil edilememe ve nakit kaybı büyür","İşletme sermayesi baskısı artar") -> İşletme sermayesi baskısı artar | M20: =MUSTERI_RISK_SKORU!$U20 -> YÜKSEK
A21: =MUSTERI_RISK_SKORU!$A21&" - "&MUSTERI_RISK_SKORU!$B21 -> 0 - 0 | B21: =IF(MUSTERI_RISK_SKORU!$X21>EsikKritik,"KRİTİK",IF(MUSTERI_RISK_SKORU!$X21>EsikYuksek,"RİSKLİ",IF(MUSTERI_RISK_SKORU!$X21>EsikIzle,"İZLE","NORMAL"))) -> NORMAL | C21: =IF(MUSTERI_RISK_SKORU!$I21>YaslamaDilim3,"90+ gün gecikme",IF(MUSTERI_RISK_SKORU!$F21>1,"Limit aşımı",IF(MUSTERI_RISK_SKORU!$M21>0,"İtirazlı alacak","Planlı izleme"))) -> Planlı izleme | D21: ="Skor "&MUSTERI_RISK_SKORU!$X21&" | Açık "&TEXT(MUSTERI_RISK_SKORU!$C21,"₺ #,##0") -> Skor 20 | Açık ₺ ,000 | E21: =IF(MUSTERI_RISK_SKORU!$K21>0,"Teminat açığı","Kontrollü risk") -> Kontrollü risk | F21: ="Net risk "&TEXT(MUSTERI_RISK_SKORU!$K21,"₺ #,##0") -> Net risk ₺ ,000 | G21: =MUSTERI_RISK_SKORU!$V21 -> DEVAM | H21: =MUSTERI_RISK_SKORU!$W21 -> Planlı izleme | I21: =IF(MUSTERI_RISK_SKORU!$X21>EsikYuksek,"CFO / Finans Müdürü","Tahsilat Yöneticisi") -> Tahsilat Yöneticisi | J21: =RaporTarihi+IF(MUSTERI_RISK_SKORU!$X21>EsikPesin,1,KararGunu) -> 46242 | K21: ="Korunan nakit: "&TEXT(MIN(MUSTERI_RISK_SKORU!$G21,MUSTERI_RISK_SKORU!$K21),"₺ #,##0") -> Korunan nakit: ₺ ,000 | L21: =IF(MUSTERI_RISK_SKORU!$X21>EsikYuksek,"Tahsil edilememe ve nakit kaybı büyür","İşletme sermayesi baskısı artar") -> İşletme sermayesi baskısı artar | M21: =MUSTERI_RISK_SKORU!$U21 -> YÜKSEK
... A45: =MUSTERI_RISK_SKORU!$A45&" - "&MUSTERI_RISK_SKORU!$B45 -> 0 - 0 | B45: =IF(MUSTERI_RISK_SKORU!$X45>EsikKritik,"KRİTİK",IF(MUSTERI_RISK_SKORU!$X45>EsikYuksek,"RİSKLİ",IF(MUSTERI_RISK_SKORU!$X45>EsikIzle,"İZLE","NORMAL"))) -> NORMAL | C45: =IF(MUSTERI_RISK_SKORU!$I45>YaslamaDilim3,"90+ gün gecikme",IF(MUSTERI_RISK_SKORU!$F45>1,"Limit aşımı",IF(MUSTERI_RISK_SKORU!$M45>0,"İtirazlı alacak","Planlı izleme"))) -> Planlı izleme | D45: ="Skor "&MUSTERI_RISK_SKORU!$X45&" | Açık "&TEXT(MUSTERI_RISK_SKORU!$C45,"₺ #,##0") -> Skor 20 | Açık ₺ ,000 | E45: =IF(MUSTERI_RISK_SKORU!$K45>0,"Teminat açığı","Kontrollü risk") -> Kontrollü risk | F45: ="Net risk "&TEXT(MUSTERI_RISK_SKORU!$K45,"₺ #,##0") -> Net risk ₺ ,000 | G45: =MUSTERI_RISK_SKORU!$V45 -> DEVAM | H45: =MUSTERI_RISK_SKORU!$W45 -> Planlı izleme | I45: =IF(MUSTERI_RISK_SKORU!$X45>EsikYuksek,"CFO / Finans Müdürü","Tahsilat Yöneticisi") -> Tahsilat Yöneticisi | J45: =RaporTarihi+IF(MUSTERI_RISK_SKORU!$X45>EsikPesin,1,KararGunu) -> 46242 | K45: ="Korunan nakit: "&TEXT(MIN(MUSTERI_RISK_SKORU!$G45,MUSTERI_RISK_SKORU!$K45),"₺ #,##0") -> Korunan nakit: ₺ ,000 | L45: =IF(MUSTERI_RISK_SKORU!$X45>EsikYuksek,"Tahsil edilememe ve nakit kaybı büyür","İşletme sermayesi baskısı artar") -> İşletme sermayesi baskısı artar | M45: =MUSTERI_RISK_SKORU!$U45 -> YÜKSEK

Sheet KONTROLLER
A1: KONTROLLER — CARİ HESAP, TAHSİLAT VE MÜŞTERİ RİSK TAKİP SİSTEMİ
A3: ÇALIŞMA KİTABI SAĞLIK MERKEZİ
A5: Kontrol Numarası | B5: Kontrol Alanı | C5: Test | D5: Gerçek Sonuç | E5: Durum | F5: Açıklama
A6: C01 | B6: Müşteri Kartları | C6: Zorunlu müşteri kodu boşluğu | D6: =COUNTIFS(MUSTERI_KARTLARI!$A$6:$A$204,"<>",MUSTERI_KARTLARI!$B$6:$B$204,"") -> 0 | E6: =IF($D6=0,"GEÇTİ","KALDI") -> GEÇTİ | F6: =IF($E6="GEÇTİ","Kontrol başarılı",IF($E6="UYARI","Yönetim incelemesi gerekli","Düzeltme gerekli")) -> Kontrol başarılı
A7: C02 | B7: Faturalar | C7: Zorunlu müşteri kodu boşluğu | D7: =COUNTIFS(FATURALAR!$B$6:$B$204,"<>",FATURALAR!$C$6:$C$204,"") -> 0 | E7: =IF($D7=0,"GEÇTİ","KALDI") -> GEÇTİ | F7: =IF($E7="GEÇTİ","Kontrol başarılı",IF($E7="UYARI","Yönetim incelemesi gerekli","Düzeltme gerekli")) -> Kontrol başarılı
A8: C03 | B8: Faturalar | C8: Mükerrer fatura kaydı | D8: =COUNTIF(FATURALAR!$Q$6:$Q$204,"MÜKERRER") -> 0 | E8: =IF($D8=0,"GEÇTİ","KALDI") -> GEÇTİ | F8: =IF($E8="GEÇTİ","Kontrol başarılı",IF($E8="UYARI","Yönetim incelemesi gerekli","Düzeltme gerekli")) -> Kontrol başarılı
A9: C04 | B9: Faturalar | C9: Sıfır veya negatif net fatura | D9: =COUNTIF(FATURALAR!$K$6:$K$204,"<0") -> 0 | E9: =IF($D9=0,"GEÇTİ","KALDI") -> GEÇTİ | F9: =IF($E9="GEÇTİ","Kontrol başarılı",IF($E9="UYARI","Yönetim incelemesi gerekli","Düzeltme gerekli")) -> Kontrol başarılı
A10: C05 | B10: Tahsilatlar | C10: Negatif tahsilat tutarı | D10: =COUNTIF(TAHSILATLAR!$E$6:$E$204,"<0") -> 0 | E10: =IF($D10=0,"GEÇTİ","KALDI") -> GEÇTİ | F10: =IF($E10="GEÇTİ","Kontrol başarılı",IF($E10="UYARI","Yönetim incelemesi gerekli","Düzeltme gerekli")) -> Kontrol başarılı
A11: C06 | B11: Teminatlar | C11: Süresi geçmiş teminat | D11: =COUNTIF(TEMINATLAR!$K$6:$K$204,"SÜRESİ GEÇTİ") -> 2 | E11: =IF($D11=0,"GEÇTİ","KALDI") -> KALDI | F11: =IF($E11="GEÇTİ","Kontrol başarılı",IF($E11="UYARI","Yönetim incelemesi gerekli","Düzeltme gerekli")) -> Düzeltme gerekli
A12: C07 | B12: İletişim | C12: Geciken ödeme sözü | D12: =COUNTIF(ILETISIM_TAKIP!$L$6:$L$204,"SÖZ GECİKTİ") -> 1 | E12: =IF($D12=0,"GEÇTİ","KALDI") -> KALDI | F12: =IF($E12="GEÇTİ","Kontrol başarılı",IF($E12="UYARI","Yönetim incelemesi gerekli","Düzeltme gerekli")) -> Düzeltme gerekli
A13: C08 | B13: Risk Skoru | C13: Kritik müşteri sayısı | D13: =COUNTIF(MUSTERI_RISK_SKORU!$X$6:$X$204,">84") -> 1 | E13: =IF($D13=0,"GEÇTİ","KALDI") -> KALDI | F13: =IF($E13="GEÇTİ","Kontrol başarılı",IF($E13="UYARI","Yönetim incelemesi gerekli","Düzeltme gerekli")) -> Düzeltme gerekli
A15: MODEL SAĞLIK PUANI | B15: =ROUND(COUNTIF($E$6:$E$13,"GEÇTİ")/COUNTA($E$6:$E$13)*100,0) -> 63
A16: SAĞLIK DURUMU | B16: =IF($B$15>=SaglikEsikYuksek,"SAĞLIKLI",IF($B$15>=SaglikEsikOrta,"İZLEME GEREKLİ","DÜZELTME GEREKLİ")) -> İZLEME GEREKLİ
A17: KARAR KAPISI | B17: =IF($B$16="SAĞLIKLI","UYGUN",IF($B$16="İZLEME GEREKLİ","İNCELE","DURDUR")) -> İNCELE
A18: GÜVEN | B18: =IF($B$15>=GuvenYuksek,"YÜKSEK",IF($B$15>=GuvenOrta,"ORTA","DÜŞÜK")) -> DÜŞÜK

Sheet PANO
A1: PANO — CARİ HESAP, TAHSİLAT VE MÜŞTERİ RİSK TAKİP SİSTEMİ
A3: CARİ RİSK YÖNETİM PANELİ
A5: TOPLAM AÇIK ALACAK | D5: VADESİ GEÇMİŞ | G5: 90+ GÜN | J5: TEMİNAT SONRASI RİSK
A6: =SUM(tblYaslandirma[Açık Tutar]) -> 3380000 | D6: =SUMIFS(tblYaslandirma[Açık Tutar],tblYaslandirma[Gecikme Günü],">0") -> 2380000 | G6: =SUMIFS(tblYaslandirma[Açık Tutar],tblYaslandirma[Yaşlandırma],"61+") -> 1700000 | J6: =SUM(tblRisk[Net Risk]) -> 2200000
A8: KARAR | B8: =IF(COUNTIF(tblRisk[Risk Skoru],">84")>0,"KRİTİK İNCELEME","KONTROLLÜ") -> KRİTİK İNCELEME
A9: MODEL SAĞLIK | B9: =KONTROLLER!$B$15 -> 63 | D9: GÜVEN | E9: =KONTROLLER!$B$18 -> DÜŞÜK
A11: EN YÜKSEK RİSK | B11: =IFERROR("En yüksek risk: "&INDEX(tblRisk[Unvan],MATCH(MAX(tblRisk[Risk Skoru]),tblRisk[Risk Skoru],0))&" ("&MAX(tblRisk[Risk Skoru])&")","Yeterli veri yok") -> En yüksek risk: Delta Tekstil Ltd. (85)
A13: EN YÜKSEK AÇIK BAKİYE | B13: =IFERROR("En yüksek bakiye: "&INDEX(tblRisk[Unvan],MATCH(MAX(tblRisk[Açık Bakiye]),tblRisk[Açık Bakiye],0))&" ("&TEXT(MAX(tblRisk[Açık Bakiye]),"₺ #,##0")&")","Yeterli veri yok") -> En yüksek bakiye: Delta Tekstil Ltd. (₺ 1500000,000)
A15: YAŞLANDIRMA DAĞILIMI | D15: RİSK SEVİYESİ DAĞILIMI | G15: AYLIK TAHSİLAT | J15: ÖDEME TÜRÜ DAĞILIMI
A16: VADESİ GELMEMİŞ | B16: =SUMIFS(tblYaslandirma[Açık Tutar],tblYaslandirma[Yaşlandırma],A16) -> 1000000 | D16: NORMAL | E16: =COUNTIFS(tblRisk[Risk Skoru],">=0",tblRisk[Risk Skoru],"<="&EsikIzle) -> 38 | G16: AY 5 | H16: =SUMIFS(tblTahsilatlar[Tahsilat Tutarı],tblTahsilatlar[Tarih],">="&DATE(AnalizYili,AnalizBasiAy,1),tblTahsilatlar[Tarih],"<"&EDATE(DATE(AnalizYili,AnalizBasiAy,1),1),tblTahsilatlar[Kesinleşti mi?],"Evet") -> 300000 | J16: Havale/EFT | K16: =SUMIFS(tblTahsilatlar[Tahsilat Tutarı],tblTahsilatlar[Ödeme Türü],J16,tblTahsilatlar[Kesinleşti mi?],"Evet") -> 730000
A17: 1-15 | B17: =SUMIFS(tblYaslandirma[Açık Tutar],tblYaslandirma[Yaşlandırma],A17) -> 0 | D17: İZLE | E17: =COUNTIFS(tblRisk[Risk Skoru],">"&EsikIzle,tblRisk[Risk Skoru],"<="&EsikYuksek) -> 0 | G17: AY 6 | H17: =SUMIFS(tblTahsilatlar[Tahsilat Tutarı],tblTahsilatlar[Tarih],">="&DATE(AnalizYili,AnalizIkinciAy,1),tblTahsilatlar[Tarih],"<"&EDATE(DATE(AnalizYili,AnalizIkinciAy,1),1),tblTahsilatlar[Kesinleşti mi?],"Evet") -> 0 | J17: Kredi Kartı | K17: =SUMIFS(tblTahsilatlar[Tahsilat Tutarı],tblTahsilatlar[Ödeme Türü],J17,tblTahsilatlar[Kesinleşti mi?],"Evet") -> 0
A18: 16-30 | B18: =SUMIFS(tblYaslandirma[Açık Tutar],tblYaslandirma[Yaşlandırma],A18) -> 0 | D18: RİSKLİ | E18: =COUNTIFS(tblRisk[Risk Skoru],">"&EsikYuksek,tblRisk[Risk Skoru],"<="&EsikKritik) -> 2 | G18: AY 7 | H18: =SUMIFS(tblTahsilatlar[Tahsilat Tutarı],tblTahsilatlar[Tarih],">="&DATE(AnalizYili,AnalizUcuncuAy,1),tblTahsilatlar[Tarih],"<"&EDATE(DATE(AnalizYili,AnalizUcuncuAy,1),1),tblTahsilatlar[Kesinleşti mi?],"Evet") -> 250000 | J18: Çek/Senet | K18: =SUMIFS(tblTahsilatlar[Tahsilat Tutarı],tblTahsilatlar[Ödeme Türü],J18,tblTahsilatlar[Kesinleşti mi?],"Evet") -> 0
A19: 31-60 | B19: =SUMIFS(tblYaslandirma[Açık Tutar],tblYaslandirma[Yaşlandırma],A19) -> 680000 | D19: KRİTİK | E19: =COUNTIFS(tblRisk[Risk Skoru],">"&EsikKritik) -> 0 | G19: AY 8 | H19: =SUMIFS(tblTahsilatlar[Tahsilat Tutarı],tblTahsilatlar[Tarih],">="&DATE(AnalizYili,AnalizDorduncuAy,1),tblTahsilatlar[Tarih],"<"&EDATE(DATE(AnalizYili,AnalizDorduncuAy,1),1),tblTahsilatlar[Kesinleşti mi?],"Evet") -> 180000 | J19: Nakit | K19: =SUMIFS(tblTahsilatlar[Tahsilat Tutarı],tblTahsilatlar[Ödeme Türü],J19,tblTahsilatlar[Kesinleşti mi?],"Evet") -> 0
A20: 61+ | B20: =SUMIFS(tblYaslandirma[Açık Tutar],tblYaslandirma[Yaşlandırma],A20) -> 1700000
A58: TAHSİLAT TREND TAHMİNİ | B58: =TREND(H16:H19) -> 199000
A59: MÜŞTERİ BAZINDA AÇIK BAKİYE | E59: MÜŞTERİ BAZINDA NET RİSK
A60: =MUSTERI_RISK_SKORU!A6 -> M001 | B60: =MUSTERI_RISK_SKORU!C6 -> 720000 | E60: =MUSTERI_RISK_SKORU!A6 -> M001 | F60: =MUSTERI_RISK_SKORU!K6 -> 0
A61: =MUSTERI_RISK_SKORU!A7 -> M002 | B61: =MUSTERI_RISK_SKORU!C7 -> 220000 | E61: =MUSTERI_RISK_SKORU!A7 -> M002 | F61: =MUSTERI_RISK_SKORU!K7 -> 0
A62: =MUSTERI_RISK_SKORU!A8 -> M003 | B62: =MUSTERI_RISK_SKORU!C8 -> 940000 | E62: =MUSTERI_RISK_SKORU!A8 -> M003 | F62: =MUSTERI_RISK_SKORU!K8 -> 700000
A63: =MUSTERI_RISK_SKORU!A9 -> M004 | B63: =MUSTERI_RISK_SKORU!C9 -> 1500000 | E63: =MUSTERI_RISK_SKORU!A9 -> M004 | F63: =MUSTERI_RISK_SKORU!K9 -> 1500000

Sheet SENARYO_DUYARLILIK
A1: SENARYO DUYARLILIK — CARİ HESAP, TAHSİLAT VE MÜŞTERİ RİSK TAKİP SİSTEMİ
A3: SENARYO VE DUYARLILIK ANALİZİ
A5: SENARYO | B5: Beklenen Açık Bakiye | C5: Açıklama
A6: İYİMSER | B6: =PANO!$B$6*(1-DuyarliOran) -> 0 | C6: Tahsilat başarısı artar, açık bakiye azalır.
A7: BAZ | B7: =PANO!$B$6 -> 0 | C7: Mevcut eğilim korunur.
A8: KÖTÜMSER | B8: =PANO!$B$6*(1+DuyarliOran) -> 0 | C8: Tahsilat başarısı düşer, açık bakiye büyür.
A10: DUYARLILIK ANALİZİ — toplam açık alacağa etki
A11: Değişken | B11: -%10 Etki | C11: +%10 Etki
A12: Tahsilat Hızı | B12: =PANO!$B$6*(1-DuyarliOran) -> 0 | C12: =PANO!$B$6*(1+DuyarliOran) -> 0
A13: Yeni Satış Hacmi | B13: =PANO!$B$6*(1-DuyarliOran/2) -> 0 | C13: =PANO!$B$6*(1+DuyarliOran/2) -> 0
A15: TOLERANS EŞİĞİ | B15: =PANO!$B$6*TolereansCarpan -> 0
A16: EŞİK AŞILDI MI? | B16: =IF(MAX($B$6:$B$8)>$B$15,"EVET","HAYIR") -> HAYIR

Sheet RAPOR
A1: RAPOR — CARİ HESAP, TAHSİLAT VE MÜŞTERİ RİSK TAKİP SİSTEMİ
A3: MÜŞTERİ RİSK KOMİTESİ RAPORU
A5: YÖNETİCİ ÖZETİ | F5: RAPOR BİLGİSİ
A6: =PANO!$A$11 -> EN YÜKSEK RİSK | F6: Firma | G6: =AYARLAR!$B$6 -> Anadolu Endüstriyel Çözümler A.Ş.
F7: Rapor Tarihi | G7: =AYARLAR!$B$7 -> 46239
F8: Hazırlayan | G8: =AYARLAR!$B$8 -> Finans Direktörü
F9: Sürüm | G9: =AYARLAR!$B$9 -> 2.0
A11: TEMEL GÖSTERGELER
A12: Toplam Açık Alacak | B12: =PANO!$B$6 -> 0
A13: Vadesi Geçmiş | B13: =PANO!$E$6 -> 0
A14: 90+ Gün | B14: =PANO!$H$6 -> 0
A15: Teminat Sonrası Risk | B15: =PANO!$K$6 -> 0
A17: KARAR VE GÜVEN
A18: Karar Kapısı | B18: =KONTROLLER!$B$17 -> İNCELE
A19: Model Sağlık | B19: =KONTROLLER!$B$15 -> 63
A20: Güven | B20: =KONTROLLER!$B$18 -> DÜŞÜK
A21: Varsayım Notu | B21: Risk skoru gecikme, vade, limit, teminat, itiraz ve statü katkılarından hesaplanır; eşikler AYARLAR sayfasındadır.

Sheet ORNEK_VERI
A1: ORNEK VERI — CARİ HESAP, TAHSİLAT VE MÜŞTERİ RİSK TAKİP SİSTEMİ
A3: ÖRNEK VERİ SENARYOSU
A5: Senaryo | B5: Müşteri | C5: Beklenen Risk Skoru | D5: Gözlenecek Karar
A6: Normal | B6: Bora Perakende Ltd. | C6: 0-24 | D6: DEVAM
A7: İzleme | B7: Atlas Yapı A.Ş. | C7: 25-49 | D7: İZLE
A8: Riskli | B8: Cemre Gıda A.Ş. | C8: 70-84 | D8: PEŞİN / TEMİNATLI
A9: Kritik | B9: Delta Tekstil Ltd. | C9: 85+ | D9: VADELİ SATIŞI DURDUR

Sheet TESTLER
A1: TESTLER — CARİ HESAP, TAHSİLAT VE MÜŞTERİ RİSK TAKİP SİSTEMİ
A3: TEST VE KALİTE MATRİSİ
A5: Test Numarası | B5: Test Senaryosu | C5: Beklenen Sonuç | D5: Gerçek Sonuç | E5: Durum | F5: Kontrol Tipi | G5: Önerilen Aksiyon
A6: 1 | B6: Veri ve formül bütünlüğü | C6: Zorunlu veriler ve karar çıktıları tutarlı | D6: =IF(AND(KONTROLLER!$D$6=0,KONTROLLER!$D$11=0),"Zorunlu veri ve karar çıktıları tutarlı","Eksik veri: "&KONTROLLER!$D$6&" müşteri, "&KONTROLLER!$D$11&" kritik") -> Eksik veri: 0 müşteri, 2 kritik | E6: =IF(AND(KONTROLLER!$D$6=0,KONTROLLER!$D$11=0),"GEÇTİ","KALDI") -> KALDI | F6: OTOMATİK | G6: =IF($E6="GEÇTİ","İşlem gerekmiyor","Eksik müşteri kodlarını ve kritik müşterileri inceleyin") -> Eksik müşteri kodlarını ve kritik müşterileri inceleyin
A7: 2 | B7: Mükerrer fatura | C7: MÜKERRER işareti | D7: =IF(KONTROLLER!$D$8=0,"Mükerrer fatura yok; kontrol aktif",KONTROLLER!$D$8&" mükerrer fatura bulundu") -> Mükerrer fatura yok; kontrol aktif | E7: =KONTROLLER!$E$8 -> GEÇTİ | F7: OTOMATİK | G7: =IF($E7="GEÇTİ","İşlem gerekmiyor","Mükerrer faturaları FATURALAR sayfasında düzeltin") -> İşlem gerekmiyor
A8: 3 | B8: Negatif tutar | C8: Giriş engeli / uyarı | D8: =IF(SUM(KONTROLLER!$D$9:$D$10)=0,"Negatif fatura veya tahsilat yok",SUM(KONTROLLER!$D$9:$D$10)&" negatif kayıt var") -> Negatif fatura veya tahsilat yok | E8: =IF(SUM(KONTROLLER!$D$9:$D$10)=0,"GEÇTİ","KALDI") -> GEÇTİ | F8: OTOMATİK | G8: =IF($E8="GEÇTİ","İşlem gerekmiyor","Negatif tutarlı fatura ve tahsilatları düzeltin") -> İşlem gerekmiyor
A9: 4 | B9: Kritik müşteri aksiyonu | C9: Risk 85 üstünde ise aksiyon üretilir | D9: =IF(KONTROLLER!$D$13=0,"Kritik müşteri yok; karar kapısı kontrollü","Kritik müşteri için aksiyon üretildi") -> Kritik müşteri için aksiyon üretildi | E9: =IF(OR(KONTROLLER!$D$13=0,COUNTIF(tblKarar[Risk Seviyesi],"KRİTİK")>0),"GEÇTİ","KALDI") -> KALDI | F9: OTOMATİK | G9: =IF($E9="GEÇTİ","İşlem gerekmiyor","Kritik müşteri kararını KARAR_MOTORU sayfasında uygulayın") -> Kritik müşteri kararını KARAR_MOTORU sayfasında uygulayın

Sheet DEGISIKLIK_KAYDI
A1: DEGISIKLIK KAYDI — CARİ HESAP, TAHSİLAT VE MÜŞTERİ RİSK TAKİP SİSTEMİ
A3: DEĞİŞİKLİK KAYDI
A5: Sürüm | B5: Tarih | C5: Açıklama
A6: 1.0 | B6: 08.08.2026 | C6: İlk sürüm: müşteri kartları, fatura/vade yönetimi, yaşlandırma, risk skoru, tahsilat aksiyonu ve karar motoru.

Sheet LISTELER
A1: LISTELER — CARİ HESAP, TAHSİLAT VE MÜŞTERİ RİSK TAKİP SİSTEMİ
A3: AÇILIR LİSTE KAYNAKLARI
A5: Müşteri Durumu | C5: Para Birimi | E5: Ödeme Türü | G5: Teminat Türü | I5: Belge Durumu | K5: İletişim Kanalı | M5: Aksiyon Durumu | O5: Evet/Hayır
A6: Aktif | C6: TRY | E6: Havale/EFT | G6: Banka Teminat Mektubu | I6: Onaylı | K6: Telefon | M6: TAMAMLANDI | O6: Evet
A7: İzlemede | C7: USD | E7: Kredi Kartı | G7: İpotek | I7: İtirazlı | K7: E-posta | M7: DEVAM EDİYOR | O7: Hayır
A8: Askıda | C8: EUR | E8: Çek/Senet | G8: Çek ve Senet | I8: Beklemede | K8: Yüz yüze
A9: Kapalı | E9: Nakit | G9: Kefalet | K9: Yazılı
G10: Teminatsız

Sheet AYARLAR
A1: AYARLAR — CARİ HESAP, TAHSİLAT VE MÜŞTERİ RİSK TAKİP SİSTEMİ
A3: AYARLAR VE MODEL VARSAYIMLARI
A5: anahtar | B5: deger | C5: birim | D5: aciklama | E5: kaynak | F5: yururluk_tarihi | G5: dogrulama_tarihi | H5: not
A6: Firma Unvanı | B6: Anadolu Endüstriyel Çözümler A.Ş. | C6: Metin | D6: Raporlarda görünen firma adı. | E6: Kullanıcı | F6: 46239 | G6: 46239 | H6: Raporlarda görünen firma adı.
A7: Rapor Tarihi | B7: 46239 | C7: Tarih | D7: Gecikme günlerinin hesaplandığı tarih. | E7: Kullanıcı | F7: 46239 | G7: 46239 | H7: Gecikme günlerinin hesaplandığı tarih.
A8: Rapor Hazırlayan | B8: Finans Direktörü | C8: Metin | D8: Raporu hazırlayan kişi. | E8: Kullanıcı | F8: 46239 | G8: 46239 | H8: Raporu hazırlayan kişi.
A9: Dosya Sürümü | B9: 2.0 | C9: Metin | D9: Sürüm bilgisi. | E9: Üretici | F9: 46244 | G9: 46244 | H9: Sürüm bilgisi.
A10: Yaslama Dilim 1 | B10: 15 | C10: Gün | D10: Yaşlandırma dilim sınırı 1. | E10: Varsayım | F10: 46239 | G10: 46239 | H10: 1-15 gün dilimi üst sınırı.
A11: Yaslama Dilim 2 | B11: 30 | C11: Gün | D11: Yaşlandırma dilim sınırı 2. | E11: Varsayım | F11: 46239 | G11: 46239 | H11: 16-30 gün dilimi üst sınırı.
A12: Yaslama Dilim 3 | B12: 60 | C12: Gün | D12: Yaşlandırma dilim sınırı 3. | E12: Varsayım | F12: 46239 | G12: 46239 | H12: 31-60 gün dilimi üst sınırı.
A13: Eşik Devam | B13: 24 | C13: Skor | D13: Devam üst sınırı. | E13: Varsayım | F13: 46239 | G13: 46239 | H13: Risk skoru karar eşiği (DEVAM).
A14: Eşik İzle | B14: 49 | C14: Skor | D14: İzle üst sınırı. | E14: Varsayım | F14: 46239 | G14: 46239 | H14: Risk skoru karar eşiği (İZLE).
A15: Eşik Limit Azalt | B15: 69 | C15: Skor | D15: Limit azalt üst sınırı. | E15: Varsayım | F15: 46239 | G15: 46239 | H15: Risk skoru karar eşiği (LİMİTİ AZALT).
A16: Eşik Peşin | B16: 84 | C16: Skor | D16: Peşin/teminatlı üst sınırı. | E16: Varsayım | F16: 46239 | G16: 46239 | H16: Risk skoru karar eşiği (PEŞİN / TEMİNATLI).
A17: Eşik Kritik | B17: 85 | C17: Skor | D17: Kritik eşiği. | E17: Varsayım | F17: 46239 | G17: 46239 | H17: Bu üzerinde vadeli satış durdurulur.
A18: Eşik Yüksek | B18: 70 | C18: Skor | D18: Risklı seviye eşiği. | E18: Varsayım | F18: 46239 | G18: 46239 | H18: Aksiyon üretiminde yüksek risk eşiği.
A19: Gecikme Maks Puan | B19: 25 | C19: Puan | D19: Gecikme katkısı maksimum puan. | E19: Varsayım | F19: 46239 | G19: 46239 | H19: Risk skoru gecikme bileşeni tavanı.
A20: Vade Maks Puan | B20: 20 | C20: Puan | D20: Vade katkısı maksimum puan. | E20: Varsayım | F20: 46239 | G20: 46239 | H20: Risk skoru vade bileşeni tavanı.
A21: Limit Maks Puan | B21: 20 | C21: Puan | D21: Limit katkısı maksimum puan. | E21: Varsayım | F21: 46239 | G21: 46239 | H21: Risk skoru limit bileşeni tavanı.
... A47: P90 Oranı | B47: 0.9 | C47: Oran | D47: Yüzdelik hesabında kullanılan oran. | E47: Varsayım | F47: 46239 | G47: 46239 | H47: Analitik motorda P90 yüzdelik dilimi.

Sheet KILAVUZ
A1: KILAVUZ — CARİ HESAP, TAHSİLAT VE MÜŞTERİ RİSK TAKİP SİSTEMİ
A3: KULLANIM KILAVUZU
A5: 1. AMAÇ
A6: Hangi müşteriye vadeli satışın durdurulacağını, kimin limitinin azaltılacağını ve hangi tahsilatın öncelikli olduğunu makine üretimi risk skoru ile belirlemek.
A7: 2. GİRİŞ VERİLERİ
A8: MUSTERI_KARTLARI, FATURALAR ve TAHSILATLAR sayfalarına müşteri, fatura ve ödeme verilerini girin; TEMINATLAR ve ILETISIM_TAKIP'i tamamlayın.
A9: 3. YAŞLANDIRMA
A10: YASLANDIRMA faturaları vade ve gecikme dilimlerine göre otomatik sınıflar; dilim sınırları AYARLAR sayfasındadır.
A11: 4. RİSK SKORU
A12: MUSTERI_RISK_SKORU gecikme, vade, limit, teminat, itiraz ve statü bileşenlerinden 0-100 skor üretir.
A13: 5. AKSİYON LİSTESİ
A14: TAHSILAT_AKSIYON günlük öncelik sırası, önerilen iletişim ve son tarihi üretir.
... A24: Eşikler, puanlar, yaşlandırma dilimleri, duyarlılık oranı, finansman maliyeti ve sağlık eşikleri 'Varsayım' kaynaklıdır; AYARLAR sayfasında kaynak sütununda işaretlidir. Yasal dayanağı olan parametre (ör. VUK kayıt düzeni) AYARLAR'da belirtilir.
