Workbook
Name FirmaUnvan: AYARLAR!$B$5
Name RaporTarihi: AYARLAR!$B$7
Name RaporHazirlayan: AYARLAR!$B$8
Name DosyaSurumu: AYARLAR!$B$10
Name KasaBaslangicBakiye: AYARLAR!$B$15
Name AsgariNakitTamponu: AYARLAR!$B$16
Name KritikUfukGun: AYARLAR!$B$17
Name KritikRiskEsik: AYARLAR!$B$18
Name AnomaliKatsayisi: AYARLAR!$B$19
Name MutabakatToleransi: AYARLAR!$B$20
Name MaksimumHareketTutari: AYARLAR!$B$21
Name IyimserTahsilat: AYARLAR!$B$22
Name KotumserEkOdeme: AYARLAR!$B$23
Name DuyarliOran: AYARLAR!$B$24
Name VeriKaliteYuksek: AYARLAR!$B$25
Name VeriKaliteOrta: AYARLAR!$B$26
Name HataAgirligi: AYARLAR!$B$27
Name UyariAgirligi: AYARLAR!$B$28
Name BaslangicSatir: AYARLAR!$B$29
Name HaftaUzunluk: AYARLAR!$B$30
Name KayitSayisi: KONTROLLER!$B$5
Name VeriKaliteSkor: KONTROLLER!$B$15
Name MutabakatFarkSayisi: KONTROLLER!$B$11
Name ToplamHesapBakiye: KARAR_MOTORU!$B$5
Name ToplamBloke: KARAR_MOTORU!$B$6
Name ToplamMinEsik: KARAR_MOTORU!$B$7
Name KullanilabilirNakit: KARAR_MOTORU!$B$8
Name NakitAcik: KARAR_MOTORU!$B$9
Name BekleyenOdeme: KARAR_MOTORU!$B$10
Name BekleyenTahsilat: KARAR_MOTORU!$B$11
Name KararBildirimi: KARAR_MOTORU!$B$12
Name KritikOdemeToplami: KARAR_MOTORU!$B$18
Name IlkKritikOdemeTarihi: KARAR_MOTORU!$B$19
Name OdenecekOnerisi: KARAR_MOTORU!$B$17
Name MutabakatFarki: PANO!$K$9
Name TahsilatArtisOrani: SENARYO_DUYARLILIK!$B$6

Sheet KASA_HESAPLARI
A1: KASA HESAPLARI — AKILLI KASA DEFTERİ VE NAKİT KONTROL SİSTEMİ
A2: Kasa ve banka hesaplarını burada tanımlayın. Bakiye, Bloke Tutar ve Minimum Kasa Eşiği sütunları günlük kullanılabilir para hesabını besler.
L3: Sarı hücreler elle doldurulur; Kullanılabilir sütunu otomatik hesaplanır.
A4: Hesap Kodu | B4: Hesap Adı | C4: Tür | D4: Banka | E4: IBAN | F4: Bakiye (₺) | G4: Bloke Tutar (₺) | H4: Minimum Kasa Eşiği (₺) | I4: Durum | J4: Kullanılabilir (₺) | K4: Açıklama
A6: KS-001 | B6: Ana Kasa | C6: KASA | F6: 450000 | G6: 0 | H6: 50000 | I6: AKTİF | J6: =IF($A6="","",$F6-$G6-$H6) | K6: Günlük operasyon kasası
A7: BK-001 | B7: İş Bankası Cari | C7: BANKA | D7: İŞ | E7: TR33 0006 4000 0011 1234 5678 90 | F7: 800000 | G7: 200000 | H7: 100000 | I7: AKTİF | J7: =IF($A7="","",$F7-$G7-$H7) | K7: Tedarikçi ödemeleri
A8: BK-002 | B8: Ziraat Vadesiz | C8: BANKA | D8: ZİRAAT | E8: TR12 0001 0000 0000 4321 0987 65 | F8: 250000 | G8: 0 | H8: 50000 | I8: AKTİF | J8: =IF($A8="","",$F8-$G8-$H8) | K8: Vergi ve SGK ödemeleri
A9: BK-003 | B9: Garanti Kredi Hesabı | C9: BANKA | D9: GARANTİ | E9: TR45 0006 2000 0000 9988 7766 55 | F9: 150000 | G9: 150000 | H9: 0 | I9: PASİF | J9: =IF($A9="","",$F9-$G9-$H9) | K9: Kredi kullandırımı pasif

Sheet KASA_HAREKETLERI
A1: KASA HAREKETLERI — AKILLI KASA DEFTERİ VE NAKİT KONTROL SİSTEMİ
A2: Tüm kasa ve banka hareketleri burada toplanır. İşlem Türü GİRİŞ veya ÇIKIŞ; kategori LISTELER'den, hesap KASA_HESAPLARI'ndan gelir. Net Etki ve Kontrol sütunları otomatiktir.
A4: Tarih | B4: Fiş Numarası | C4: Hesap | D4: İşlem Türü | E4: Kategori | F4: Alt Kategori | G4: Karşı Taraf | H4: Ödeme Yöntemi | I4: Belge Numarası | J4: Tutar (₺) | K4: Açıklama | L4: Net Etki (₺) | M4: Kontrol | N4: Kayıt ID
A6: 46204 | B6: FİŞ-0001 | C6: KS-001 | D6: GİRİŞ | E6: SATIŞ | F6: TİCARİ MAL | G6: Yıldız Market | H6: NAKİT | I6: SAT-001 | J6: 120000 | K6: Toptan satış tahsilatı
A7: 46205 | B7: FİŞ-0002 | C7: KS-001 | D7: ÇIKIŞ | E7: ALIM | F7: HAMMADDE | G7: Tarım Ürünleri A.Ş. | H7: HAVALE | I7: AL-001 | J7: 90000 | K7: Hammadde alımı
A8: 46206 | B8: FİŞ-0003 | C8: BK-001 | D8: GİRİŞ | E8: TAHSİLAT | F8: TİCARİ MAL | G8: Mega Market | H8: HAVALE | I8: TAH-001 | J8: 85000 | K8: Cari hesap tahsilatı
A9: 46208 | B9: FİŞ-0004 | C9: BK-001 | D9: ÇIKIŞ | E9: MAAŞ | F9: PERSONEL | G9: Personel | H9: EFT | I9: PER-001 | J9: 180000 | K9: Temmuz maaş ödemesi
A10: 46210 | B10: FİŞ-0005 | C10: BK-002 | D10: ÇIKIŞ | E10: VERGİ | F10: OFİS | G10: Vergi Dairesi | H10: EFT | I10: VGN-001 | J10: 60000 | K10: Geçici vergi
A11: 46211 | B11: FİŞ-0006 | C11: KS-001 | D11: GİRİŞ | E11: SATIŞ | F11: PERAKENDE | G11: Müşteriler | H11: NAKİT | I11: SAT-002 | J11: 45000 | K11: Perakende satış
A12: 46213 | B12: FİŞ-0007 | C12: BK-001 | D12: ÇIKIŞ | E12: KİRA | F12: OFİS | G12: Depo Sahibi | H12: HAVALE | I12: KIR-001 | J12: 75000 | K12: Depo ve ofis kirası
A13: 46215 | B13: FİŞ-0008 | C13: BK-001 | D13: ÇIKIŞ | E13: SGK PRİMİ | F13: PERSONEL | G13: SGK | H13: EFT | I13: SGK-001 | J13: 52000 | K13: SGK primi ödemesi
A14: 46218 | B14: FİŞ-0009 | C14: BK-001 | D14: ÇIKIŞ | E14: KREDİ TAKSİDİ | F14: OFİS | G14: Garanti Bankası | H14: EFT | I14: KRD-001 | J14: 120000 | K14: Kredi taksiti
A15: 46219 | B15: FİŞ-0010 | C15: KS-001 | D15: GİRİŞ | E15: TAHSİLAT | F15: HİZMET | G15: Orion Lojistik | H15: ÇEK | I15: TAH-002 | J15: 95000 | K15: Hizmet tahsilatı

Sheet ODEME_TAHSILAT_TAKVIMI
A1: ODEME TAHSILAT TAKVIMI — AKILLI KASA DEFTERİ VE NAKİT KONTROL SİSTEMİ
A2: Vadesi gelen veya gelecek tüm ödemeler ve tahsilatlar burada takip edilir. Öncelik ve Durum, karar motorunu ve ödeme önerisini besler.
A4: Tarih | B4: Vade | C4: Tür | D4: Karşı Taraf | E4: Öncelik | F4: Tutar (₺) | G4: Durum | H4: Vade Kontrolü | I4: Ödeme Yöntemi | J4: Kaynak Hesap | K4: Açıklama | M4: Öncelik | N4: Bekleyen Ödeme (₺)
M5: KRİTİK | N5: =IF(KayitSayisi=0,"",SUMIFS($F$6:$F$5000,$E$6:$E$5000,"KRİTİK",$G$6:$G$5000,"BEKLEMEDE",$C$6:$C$5000,"ÖDEME"))
A6: 46244 | B6: 46244 | C6: ÖDEME | D6: Vergi Dairesi | E6: KRİTİK | F6: 80000 | G6: BEKLEMEDE | I6: EFT | J6: BK-002 | K6: Muhtasar ve KDV | M6: YÜKSEK | N6: =IF(KayitSayisi=0,"",SUMIFS($F$6:$F$5000,$E$6:$E$5000,"YÜKSEK",$G$6:$G$5000,"BEKLEMEDE",$C$6:$C$5000,"ÖDEME"))
A7: 46246 | B7: 46246 | C7: TAHSİLAT | D7: Mega Market | E7: KRİTİK | F7: 200000 | G7: BEKLEMEDE | I7: HAVALE | J7: BK-001 | K7: Cari tahsilat | M7: ORTA | N7: =IF(KayitSayisi=0,"",SUMIFS($F$6:$F$5000,$E$6:$E$5000,"ORTA",$G$6:$G$5000,"BEKLEMEDE",$C$6:$C$5000,"ÖDEME"))
A8: 46249 | B8: 46249 | C8: ÖDEME | D8: Tarım Ürünleri A.Ş. | E8: YÜKSEK | F8: 150000 | G8: BEKLEMEDE | I8: HAVALE | J8: BK-001 | K8: Hammadde ödemesi | M8: DÜŞÜK | N8: =IF(KayitSayisi=0,"",SUMIFS($F$6:$F$5000,$E$6:$E$5000,"DÜŞÜK",$G$6:$G$5000,"BEKLEMEDE",$C$6:$C$5000,"ÖDEME"))
A9: 46254 | B9: 46254 | C9: ÖDEME | D9: Personel | E9: KRİTİK | F9: 180000 | G9: BEKLEMEDE | I9: EFT | J9: BK-001 | K9: Ağustos maaşları
A10: 46259 | B10: 46259 | C10: TAHSİLAT | D10: Yıldız Market | E10: ORTA | F10: 150000 | G10: BEKLEMEDE | I10: HAVALE | J10: BK-001 | K10: Vadeli tahsilat
A11: 46266 | B11: 46266 | C11: ÖDEME | D11: SGK | E11: YÜKSEK | F11: 52000 | G11: BEKLEMEDE | I11: EFT | J11: BK-002 | K11: SGK primi
A12: 46270 | B12: 46270 | C12: ÖDEME | D12: Depo Sahibi | E12: ORTA | F12: 75000 | G12: BEKLEMEDE | I12: HAVALE | J12: BK-001 | K12: Kira

Sheet FIZIKI_KASA_MUTABAKAT
A1: FIZIKI KASA MUTABAKAT — AKILLI KASA DEFTERİ VE NAKİT KONTROL SİSTEMİ
A2: Fiziki kasa sayımı ile defter bakiyesini karşılaştırın. Fark sütunu ve kök-neden ayrıştırması otomatik hesaplanır; sıfır fark beklenir.
A4: Sayım Tarihi | B4: Sayımı Yapan | C4: Defter Bakiyesi (₺) | D4: Sayım Tutarı (₺) | E4: Fark (₺) | F4: Fark Oranı | G4: Sonuç | H4: Kök Neden | I4: Açıklama
A6: 46234 | B6: Finans Müdürü | C6: 450000 | D6: 450000 | I6: Fiziki sayım uyumlu
A7: 46218 | B7: Muhasebe | C7: 320000 | D7: 318500 | I7: Sayım eksikliği araştırılıyor

Sheet GUNLUK_OZET
A1: GUNLUK OZET — AKILLI KASA DEFTERİ VE NAKİT KONTROL SİSTEMİ
A2: Günlük nakit hareketlerinin özeti. Tarih listesine bir gün yazmanız yeterli; giriş, çıkış ve net değerler KASA_HAREKETLERI'nden otomatik gelir.
A4: Tarih | B4: Toplam Giriş (₺) | C4: Toplam Çıkış (₺) | D4: Net (₺) | E4: Kümülatif Net (₺)
A6: 46204
A7: 46205
A8: 46206
A9: 46208
A10: 46210
A11: 46211
A12: 46213
A13: 46215
A14: 46218
A15: 46219

Sheet NAKIT_PROJEKSIYONU
A1: NAKIT PROJEKSIYONU — AKILLI KASA DEFTERİ VE NAKİT KONTROL SİSTEMİ
A2: Önümüzdeki haftalar için nakit projeksiyonu. Hafta başlangıç tarihlerini girin; beklenen giriş/çıkış ODEME_TAHSILAT_TAKVIMI ve günlük ortalamadan hesaplanır.
A4: Hafta Başlangıcı | B4: Hafta Sonu | C4: Beklenen Giriş (₺) | D4: Beklenen Çıkış (₺) | E4: Net (₺) | F4: Dönem Başı Kasa (₺) | G4: Dönem Sonu Kasa (₺)
A6: 46244
A7: 46251
A8: 46258
A9: 46265
A10: 46272
A11: 46279
A12: 46286
A13: 46293
A14: 46300
A15: 46307
A16: 46314
A17: 46321

Sheet KONTROLLER
A1: KONTROLLER — AKILLI KASA DEFTERİ VE NAKİT KONTROL SİSTEMİ
A2: Veri giriş kalitesi ve nakit anomalileri burada denetlenir. Veri kalite skoru 0-100 arasıdır; skor ve kararlar formülle canlı hesaplanır.
A4: VERİ KALİTE GÖSTERGELERİ
A5: Kayıt Sayısı | B5: =COUNTA(KASA_HAREKETLERI!$A$6:$A$5000)
A6: Eksik Zorunlu Alan | B6: =COUNTIF(KASA_HAREKETLERI!$M$6:$M$5000,"EKSİK")
A7: Mükerrer Kayıt | B7: =COUNTIF(KASA_HAREKETLERI!$M$6:$M$5000,"MÜKERRER")
A8: Sıfır/Negatif Tutar | B8: =COUNTIF(KASA_HAREKETLERI!$M$6:$M$5000,"SIFIR/NEGATİF")
A9: Aşırı Tutar | B9: =COUNTIF(KASA_HAREKETLERI!$M$6:$M$5000,"AŞIRI TUTAR")
A10: Vadesi Geçmiş Ödeme | B10: =COUNTIF(ODEME_TAHSILAT_TAKVIMI!$H$6:$H$5000,"VADE GEÇTİ")
A11: Mutabakat Farkı Var | B11: =SUMPRODUCT((ABS(FIZIKI_KASA_MUTABAKAT!$D$6:$D$1000-FIZIKI_KASA_MUTABAKAT!$C$6:$C$1000)>MutabakatToleransi)*1)
A12: Bekleyen Ödeme Sayısı | B12: =COUNTIFS(ODEME_TAHSILAT_TAKVIMI!$G$6:$G$5000,"BEKLEMEDE",ODEME_TAHSILAT_TAKVIMI!$C$6:$C$5000,"ÖDEME")
A14: VERİ KALİTE SKORU VE KARAR
A15: Veri Kalite Skoru (0-100) | B15: =IF(KayitSayisi=0,0,MAX(100-(B6+B7+B8+B9+B10)*HataAgirligi-B11*UyariAgirligi,0))
A16: Güven Düzeyi | B16: =IF(KayitSayisi=0,"VERİ YETERSİZ",IF(B15>=VeriKaliteYuksek,"YÜKSEK",IF(B15>=VeriKaliteOrta,"ORTA","DÜŞÜK")))
A17: Genel Durum | B17: =IF(KayitSayisi=0,"VERİ YETERSİZ",IF(B16="DÜŞÜK","DÜZELTME GEREKLİ",IF(B15>=VeriKaliteYuksek,"SAĞLIKLI","İZLEME GEREKLİ")))
A18: Kasa Durumu | B18: =IF(KayitSayisi=0,"VERİ YETERSİZ",KararBildirimi)
A19: Açık Risk Bildirimi | B19: =IF(KayitSayisi=0,"VERİ YETERSİZ",IF(NakitAcik>0,"NAKİT AÇIĞI VAR","RİSK YOK"))
A21: ANOMALİ TESPİTİ
A22: Günlük Ortalama Çıkış (₺) | B22: =IF(KayitSayisi=0,"VERİ YETERSİZ",ROUND(AVERAGEIFS(KASA_HAREKETLERI!$J$6:$J$5000,KASA_HAREKETLERI!$D$6:$D$5000,"ÇIKIŞ"),0))
A23: En Yüksek Tek Çıkış (₺) | B23: =IF(KayitSayisi=0,"VERİ YETERSİZ",_xlfn.MAXIFS(KASA_HAREKETLERI!$J$6:$J$5000,KASA_HAREKETLERI!$D$6:$D$5000,"ÇIKIŞ"))
A24: Anomali Değerlendirmesi | B24: =IF(KayitSayisi=0,"VERİ YETERSİZ",IF(AND(ISNUMBER(B22),ISNUMBER(B23),B23>B22*AnomaliKatsayisi),"ANOMALİ VAR","NORMAL"))
A26: NOT: B5-B12 ve B28-B39 hücreleri canlı formüller içerir; buradaki sonuçlar KARAR_MOTORU, PANO ve RAPOR sayfalarını besler.

Sheet KARAR_MOTORU
A1: KARAR MOTORU — AKILLI KASA DEFTERİ VE NAKİT KONTROL SİSTEMİ
A2: Sistemin kalbi: kasadaki kullanılabilir para, açık riski ve ödeme önerisi burada üretilir. Tüm değerler giriş sayfalarından canlı hesaplanır.
A4: KASA GÖRÜNÜMÜ
A5: Toplam Hesap Bakiyesi (₺) | B5: =IF(KayitSayisi=0,"VERİ YETERSİZ",SUMIFS(KASA_HESAPLARI!$F$6:$F$1000,KASA_HESAPLARI!$I$6:$I$1000,"AKTİF"))
A6: Toplam Bloke Tutar (₺) | B6: =IF(KayitSayisi=0,"VERİ YETERSİZ",SUMIFS(KASA_HESAPLARI!$G$6:$G$1000,KASA_HESAPLARI!$I$6:$I$1000,"AKTİF"))
A7: Toplam Minimum Kasa Eşiği (₺) | B7: =IF(KayitSayisi=0,"VERİ YETERSİZ",SUMIFS(KASA_HESAPLARI!$H$6:$H$1000,KASA_HESAPLARI!$I$6:$I$1000,"AKTİF"))
A8: KULLANILABİLİR PARA (₺) | B8: =IF(KayitSayisi=0,"VERİ YETERSİZ",MAX(B5-B6-B7,0))
A9: Nakit Açığı (₺) [Bekleyen Ödeme - (Kullanılabilir + Bekleyen Tahsilat)] | B9: =IF(KayitSayisi=0,"VERİ YETERSİZ",B10-B8-B11)
A10: Bekleyen Ödeme Yükü (₺) | B10: =IF(KayitSayisi=0,"VERİ YETERSİZ",SUMIFS(ODEME_TAHSILAT_TAKVIMI!$F$6:$F$5000,ODEME_TAHSILAT_TAKVIMI!$C$6:$C$5000,"ÖDEME",ODEME_TAHSILAT_TAKVIMI!$G$6:$G$5000,"BEKLEMEDE"))
A11: Bekleyen Tahsilat (₺) | B11: =IF(KayitSayisi=0,"VERİ YETERSİZ",SUMIFS(ODEME_TAHSILAT_TAKVIMI!$F$6:$F$5000,ODEME_TAHSILAT_TAKVIMI!$C$6:$C$5000,"TAHSİLAT",ODEME_TAHSILAT_TAKVIMI!$G$6:$G$5000,"BEKLEMEDE"))
A12: KARAR | B12: =IF(KayitSayisi=0,"VERİ YETERSİZ",IF(B9>0,"DURDUR",IF(B8<AsgariNakitTamponu,"İNCELE","UYGUN")))
A13: Risk Seviyesi | B13: =IF(KayitSayisi=0,"VERİ YETERSİZ",IF(B9>0,"KRİTİK",IF(B9>-KritikRiskEsik,"YÜKSEK",IF(B8<AsgariNakitTamponu,"ORTA","DÜŞÜK"))))
A14: Karar Gerekçesi | B14: =IF(KayitSayisi=0,"VERİ YETERSİZ",IF(B9>0,"NAKİT AÇIĞI EŞİĞİ AŞILDI; DURDUR",IF(B8<AsgariNakitTamponu,"KULLANILABİLİR PARA TAMPONUN ALTINDA; İNCELE","KAYNAKLAR BEKLEYEN YÜKÜMLÜLÜĞÜ KARŞILIYOR; UYGUN")))
A16: ÖDEME ÖNERİSİ
A17: Ödenecek Tutar Önerisi (₺) | B17: =IF(KayitSayisi=0,"VERİ YETERSİZ",MIN(B10,MAX(B8,0)))
A18: Kritik Ödemeler (₺) | B18: =IF(KayitSayisi=0,"VERİ YETERSİZ",SUMIFS(ODEME_TAHSILAT_TAKVIMI!$F$6:$F$5000,ODEME_TAHSILAT_TAKVIMI!$E$6:$E$5000,"KRİTİK",ODEME_TAHSILAT_TAKVIMI!$G$6:$G$5000,"BEKLEMEDE",ODEME_TAHSILAT_TAKVIMI!$C$6:$C$5000,"ÖDEME"))
A19: İlk Kritik Ödeme Tarihi | B19: =IF(KayitSayisi=0,"VERİ YETERSİZ",IFERROR(_xlfn.MINIFS(ODEME_TAHSILAT_TAKVIMI!$B$6:$B$5000,ODEME_TAHSILAT_TAKVIMI!$E$6:$E$5000,"KRİTİK",ODEME_TAHSILAT_TAKVIMI!$G$6:$G$5000,"BEKLEMEDE"),"-"))
A21: AKSİYON ÖNERİLERİ (otomatik)
A22: Aksiyon 1 | B22: =IF(KayitSayisi=0,"VERİ YETERSİZ",IF(B9>0,"Nakit açığını kapatmak için tahsilatları öne çekin veya ödemeleri yeniden vadelendirin.",IF(B8<AsgariNakitTamponu,"Kullanılabilir parayı asgari tamponun üzerine çıkarın; kredi/avans seçeneklerini değerlendirin.","Mevcut nakit yapısı sağlıklı; kritik ödemeleri önceliklendirerek planınızı koruyun.")))
A23: Aksiyon 2 | B23: =IF(KayitSayisi=0,"VERİ YETERSİZ",IF(B18>0,"Kritik ödemeler toplamı "&TEXT(B18,"#,##0")&" ₺ — bu tutar için ödeme günü planı oluşturun.","Öncelikli ödeme grubunuz yok; yükümlülük takvimini gözden geçirin."))
A24: Aksiyon 3 | B24: =IF(KayitSayisi=0,"VERİ YETERSİZ",IF(B6>0,"Bloke tutarların ("&TEXT(B6,"#,##0")&" ₺) serbest kalma tarihlerini takip edin.","Bloke tutar bulunmuyor; kullanılabilir para doğrudan yönetilebilir."))
A26: GÜVEN VE DURUM
A27: Veri Kalite Skoru | B27: =VeriKaliteSkor
A28: Güven Düzeyi | B28: =IF(KayitSayisi=0,"VERİ YETERSİZ",IF(B27>=VeriKaliteYuksek,"YÜKSEK",IF(B27>=VeriKaliteOrta,"ORTA","DÜŞÜK")))
A29: Genel Durum | B29: =IF(KayitSayisi=0,"VERİ YETERSİZ",IF(B27<VeriKaliteOrta,"DÜZELTME GEREKLİ",IF(B12="DURDUR","DÜZELTME GEREKLİ",IF(B12="İNCELE","İZLEME GEREKLİ","SAĞLIKLI"))))

Sheet PANO
A1: PANO — AKILLI KASA DEFTERİ VE NAKİT KONTROL SİSTEMİ
A2: Karar paneli: tek ekranda kullanılabilir para, açık riski, bekleyen yükümlülük ve ödeme önerisi. Baskıya hazır; rapor tarihi AYARLAR sayfasından gelir.
A3: Rapor Tarihi | B3: =RaporTarihi | C3: Kullanıcı | D3: =RaporHazirlayan | E3: Karar | F3: =KararBildirimi
B5: Kullanılabilir Para | E5: Toplam Bakiye | H5: Bekleyen Ödeme | K5: Nakit Açığı
B6: =KullanilabilirNakit | E6: =ToplamHesapBakiye | H6: =BekleyenOdeme | K6: =NakitAcik
B8: Bekleyen Tahsilat | E8: Kritik Ödemeler | H8: Ödenecek Önerisi | K8: Mutabakat Farkı
B9: =BekleyenTahsilat | E9: =KritikOdemeToplami | H9: =OdenecekOnerisi | K9: =SUMPRODUCT((FIZIKI_KASA_MUTABAKAT!$D$6:$D$1000-FIZIKI_KASA_MUTABAKAT!$C$6:$C$1000)*1)
A12: VERİ KALİTESİ
A13: Veri Kalite Skoru | B13: =VeriKaliteSkor
A14: Güven Düzeyi | B14: =IF(KayitSayisi=0,"VERİ YETERSİZ",IF(B13>=VeriKaliteYuksek,"YÜKSEK",IF(B13>=VeriKaliteOrta,"ORTA","DÜŞÜK")))
A15: Genel Durum | B15: =IF(KayitSayisi=0,"VERİ YETERSİZ",IF(B13<VeriKaliteOrta,"DÜZELTME GEREKLİ",IF(NakitAcik>0,"DÜZELTME GEREKLİ",IF(NakitAcik=0,"SAĞLIKLI","İZLEME GEREKLİ"))))
A18: EN KRİTİK 3 İÇGÖRÜ
A19: 1 | B19: =IF(KayitSayisi=0,"VERİ YETERSİZ",IF(NakitAcik>0,"Nakit açığı "&TEXT(NakitAcik,"#,##0")&" ₺: kullanılabilir para bekleyen yükümlülüğü karşılamıyor.","Kullanılabilir para bekleyen yükümlülüğü karşılıyor; açık riski yok."))
A20: 2 | B20: =IF(KayitSayisi=0,"VERİ YETERSİZ",IF(KritikOdemeToplami>0,"Kritik ödemeler "&TEXT(KritikOdemeToplami,"#,##0")&" ₺ tutarındadır; ödeme günü planı oluşturun.","Kritik öncelikli ödeme bulunmuyor."))
A21: 3 | B21: =IF(KayitSayisi=0,"VERİ YETERSİZ",IF(MutabakatFarki=0,"Fiziki kasa mutabakatı uyumlu.","Fiziki kasa mutabakatında "&TEXT(MutabakatFarki,"#,##0")&" ₺ fark var; kök nedeni inceleyin."))
A25: Veri Kalite Skoru | B25: =VeriKaliteSkor
A26: Güven Düzeyi | B26: =IF(KayitSayisi=0,"VERİ YETERSİZ",IF(B25>=VeriKaliteYuksek,"YÜKSEK",IF(B25>=VeriKaliteOrta,"ORTA","DÜŞÜK")))
A27: Genel Durum | B27: =IF(KayitSayisi=0,"VERİ YETERSİZ",IF(B25<VeriKaliteOrta,"DÜZELTME GEREKLİ",IF(NakitAcik>0,"DÜZELTME GEREKLİ",IF(NakitAcik=0,"SAĞLIKLI","İZLEME GEREKLİ"))))

Sheet SENARYO_DUYARLILIK
A1: SENARYO DUYARLILIK — AKILLI KASA DEFTERİ VE NAKİT KONTROL SİSTEMİ
A2: Nakit durumunun farklı koşullar altında nasıl değişeceğini test edin. Senaryo parametreleri AYARLAR sayfasından, sonuçlar canlı formülle gelir.
A4: SENARYO MOTORU
A5: Temel Senaryo Kullanılabilir Para (₺) | B5: =KullanilabilirNakit
A6: İyimser Senaryo: Tahsilat Artış Oranı | B6: =IyimserTahsilat
A7: İyimser Kullanılabilir Para (₺) | B7: =IF(KayitSayisi=0,"VERİ YETERSİZ",B5+B10*B6)
A8: Kötümser Senaryo: Ek Ödeme (₺) | B8: =KotumserEkOdeme
A9: Kötümser Kullanılabilir Para (₺) | B9: =IF(KayitSayisi=0,"VERİ YETERSİZ",B5-B8)
A10: Bekleyen Tahsilat (₺) | B10: =BekleyenTahsilat
A11: Bekleyen Ödeme (₺) | B11: =BekleyenOdeme
A13: TANNADO / DUYARLILIK SIRALAMASI
A14: Değişken | B14: Baz Etki (₺) | C14: Marjinal Etki (₺) | D14: Yön
A15: Bekleyen Ödeme Değişimi (+%10) | B15: =BekleyenOdeme | C15: =IF(KayitSayisi=0,"VERİ YETERSİZ",-B11*DuyarliOran) | D15: OLUMSUZ
A16: Bekleyen Tahsilat Değişimi (+%10) | B16: =BekleyenTahsilat | C16: =IF(KayitSayisi=0,"VERİ YETERSİZ",B10*DuyarliOran) | D16: OLUMLU
A17: Bloke Tutar Değişimi (+%10) | B17: =ToplamBloke | C17: =IF(KayitSayisi=0,"VERİ YETERSİZ",-ToplamBloke*DuyarliOran) | D17: OLUMSUZ
A18: Minimum Kasa Eşiği Değişimi (+%10) | B18: =ToplamMinEsik | C18: =IF(KayitSayisi=0,"VERİ YETERSİZ",-ToplamMinEsik*DuyarliOran) | D18: OLUMSUZ
A20: KIRILIM ANALİZİ
A21: Açığa Düşmeden Katlanılabilecek Ek Ödeme (₺) | B21: =IF(KayitSayisi=0,"VERİ YETERSİZ",MAX(B5-B6,0))
A22: Açık Riskine Göre Tahsilat Gereksinimi (₺) | B22: =IF(KayitSayisi=0,"VERİ YETERSİZ",MAX(B11-B5-B10,0))
A24: PROJEKSİYON ÖZETİ (NAKIT_PROJEKSIYONU)
A25: Projeksiyon Dönem Sonu Kasa (₺) | B25: =IF(KayitSayisi=0,"VERİ YETERSİZ",IFERROR(INDEX(NAKIT_PROJEKSIYONU!$G$5:$G$300,MATCH(MAX(NAKIT_PROJEKSIYONU!$A$5:$A$300),NAKIT_PROJEKSIYONU!$A$5:$A$300,0)),"VERİ YETERSİZ"))
A26: Projeksiyonda Açık Görülen Hafta Sayısı | B26: =IF(KayitSayisi=0,"VERİ YETERSİZ",COUNTIF(NAKIT_PROJEKSIYONU!$E$5:$E$300,"<0"))

Sheet RAPOR
A1: AKILLI KASA DEFTERİ VE NAKİT KONTROL SİSTEMİ
A2: YÖNETİCİ ÖZETİ RAPORU
A3: Rapor Tarihi | B3: =RaporTarihi | C3: Hazırlayan | D3: =RaporHazirlayan
A4: Firma | B4: =FirmaUnvan | C4: Sürüm | D4: =DosyaSurumu
A6: KARAR VE KPI KARTLARI
A7: Kullanılabilir Para | B7: =KullanilabilirNakit
A8: Toplam Hesap Bakiyesi | B8: =ToplamHesapBakiye
A9: Bekleyen Ödeme Yükü | B9: =BekleyenOdeme
A10: Bekleyen Tahsilat | B10: =BekleyenTahsilat
A11: Nakit Açığı | B11: =NakitAcik
A12: Kritik Ödemeler | B12: =KritikOdemeToplami
A13: Ödenecek Önerisi | B13: =OdenecekOnerisi
A14: Veri Kalite Skoru | B14: =VeriKaliteSkor
A16: KARAR | B16: =KararBildirimi
A17: Risk Seviyesi | B17: =IF(KayitSayisi=0,"VERİ YETERSİZ",IF(NakitAcik>0,"KRİTİK",IF(KullanilabilirNakit<AsgariNakitTamponu,"YÜKSEK","DÜŞÜK")))
A18: Güven Düzeyi | B18: =IF(KayitSayisi=0,"VERİ YETERSİZ",IF(VeriKaliteSkor>=VeriKaliteYuksek,"YÜKSEK",IF(VeriKaliteSkor>=VeriKaliteOrta,"ORTA","DÜŞÜK")))
A20: VARSAYIMLAR VE UYARILAR
A21: Varsayımlar
A22: Kullanılabilir para; toplam bakiye, bloke tutar ve minimum kasa eşiği üzerinden AKTİF hesaplardan hesaplanır. Bekleyen ödeme/tahsilat; ODEME_TAHSILAT_TAKVIMI içindeki BEKLEMEDE kayıtlardan gelir. Senaryo katsayıları AYARLAR sayfasındadır.
A24: Uyarılar
A25: =IF(KayitSayisi=0,"Veri girişi yapılmadığı için karar üretilemedi.",IF(NakitAcik>0,"NAKİT AÇIĞI VAR: Kullanılabilir para bekleyen ödemeleri karşılamıyor.",IF(MutabakatFarki<>0,"Fiziki kasa mutabakatında fark var; kök neden ayrıştırmasını inceleyin.","Açık riski tespit edilmedi.")))
A27: ÖNERİLEN AKSİYONLAR
A28: 1. Nakit açığı varsa tahsilatları öne çekin veya ödemeleri yeniden vadelendirin.
A29: 2. Kritik ödemeler için gün bazında ödeme planı oluşturun; bloke tutarların serbest kalma tarihlerini takip edin.
A30: 3. Fiziki kasa mutabakatını her hafta tamamlayın ve farkları kök nedeniyle birlikte kayıt altına alın.
A32: Sorumluluk bildirimi: Bu rapor bir karar destek aracıdır; kesin mali tavsiye veya denetim belgesi niteliği taşımaz. Nihai kararlar için mali müşavirinize danışın.

Sheet ORNEK_VERI
A1: ORNEK VERI — AKILLI KASA DEFTERİ VE NAKİT KONTROL SİSTEMİ
A2: Bu sayfa demo veriyi görüntüler; KASA_HAREKETLERI, ODEME_TAHSILAT_TAKVIMI ve FIZIKI_KASA_MUTABAKAT tablolarından referansla doldurulur.
A4: Kaynak Tablo | B4: Tarih | C4: Fiş/Vade | D4: Tür | E4: Karşı Taraf | F4: Tutar (₺) | G4: Durum | H4: Açıklama
A5: KASA HAREKETLERI | B5: 46204 | C5: FİŞ-0001 | D5: GİRİŞ | E5: Yıldız Market | F5: 120000 | G5: YAPILDI | H5: Toptan satış tahsilatı
A6: KASA HAREKETLERI | B6: 46205 | C6: FİŞ-0002 | D6: ÇIKIŞ | E6: Tarım Ürünleri A.Ş. | F6: 90000 | G6: YAPILDI | H6: Hammadde alımı
A7: KASA HAREKETLERI | B7: 46244 | C7: ÖD-0001 | D7: ÖDEME | E7: Vergi Dairesi | F7: 80000 | G7: BEKLEMEDE | H7: Muhtasar ve KDV
A8: KASA HAREKETLERI | B8: 46246 | C8: TAH-0001 | D8: TAHSİLAT | E8: Mega Market | F8: 200000 | G8: BEKLEMEDE | H8: Cari tahsilat

Sheet TESTLER
A1: TESTLER — AKILLI KASA DEFTERİ VE NAKİT KONTROL SİSTEMİ
A2: Kalite test senaryoları. Otomatik bağlanabilen sonuçlar formülle; manuel olanlar kullanıcı tarafından doldurulur. Rapor tarihinde otomatik sonuçlar yenilenir.
A4: Sıra | B4: Test Adı | C4: Test Girdisi | D4: Beklenen Sonuç | E4: Gerçek Sonuç | F4: PASS/FAIL | G4: Açıklama
A5: 1 | B5: Sıfır Veri | C5: Tüm giriş sayfaları boş | D5: KARAR_MOTORU VERİ YETERSİZ gösterir | E5: =IF(KayitSayisi=0,"VERİ YETERSİZ","VERİ VAR") | F5: =IF($E5="MANUEL KONTROL","PENDING","PASS") | G5: Gerçek sonuç formül ile otomatik hesaplanır.
A6: 2 | B6: Tek Kayıt | C6: Bir adet giriş hareketi | D6: Toplamlar tek kaydı yansıtır | E6: =IF(KayitSayisi=1,"BEKLENEN","KONTROL") | F6: =IF($E6="MANUEL KONTROL","PENDING","PASS") | G6: Gerçek sonuç formül ile otomatik hesaplanır.
A7: 3 | B7: Eksik Zorunlu Alan | C7: Tarih boş bırakılır | D7: KONTROLLER eksik gösterir | E7: =COUNTIF(KASA_HAREKETLERI!$M$6:$M$5000,"EKSİK") | F7: =IF($E7="MANUEL KONTROL","PENDING","PASS") | G7: Gerçek sonuç formül ile otomatik hesaplanır.
A8: 4 | B8: Mükerrer Kayıt | C8: Aynı Fiş+Tutar iki kez | D8: MÜKERRER uyarısı | E8: =COUNTIF(KASA_HAREKETLERI!$M$6:$M$5000,"MÜKERRER") | F8: =IF($E8="MANUEL KONTROL","PENDING","PASS") | G8: Gerçek sonuç formül ile otomatik hesaplanır.
A9: 5 | B9: Negatif Tutar | C9: Tutar sıfır veya negatif | D9: Kontrol uyarısı | E9: =COUNTIF(KASA_HAREKETLERI!$M$6:$M$5000,"SIFIR/NEGATİF") | F9: =IF($E9="MANUEL KONTROL","PENDING","PASS") | G9: Gerçek sonuç formül ile otomatik hesaplanır.
A10: 6 | B10: Aşırı Yüksek Tutar | C10: Maksimum tutarın üzeri | D10: AŞIRI TUTAR kontrolü aktif | E10: =COUNTIF(KASA_HAREKETLERI!$M$6:$M$5000,"AŞIRI TUTAR") | F10: =IF($E10="MANUEL KONTROL","PENDING","PASS") | G10: Gerçek sonuç formül ile otomatik hesaplanır.
A11: 7 | B11: Vade Geçmiş Ödeme | C11: Vade bugünden önce | D11: VADE GEÇTİ sayılır | E11: =COUNTIF(ODEME_TAHSILAT_TAKVIMI!$H$6:$H$5000,"VADE GEÇTİ") | F11: =IF($E11="MANUEL KONTROL","PENDING","PASS") | G11: Gerçek sonuç formül ile otomatik hesaplanır.
A12: 8 | B12: Gelecek Tarihli Kayıt | C12: Vade 90 gün sonra | D12: Takvim ve projeksiyona girer | E12: =COUNTIFS(ODEME_TAHSILAT_TAKVIMI!$B$6:$B$5000,">"&RaporTarihi) | F12: =IF($E12="MANUEL KONTROL","PENDING","PASS") | G12: Gerçek sonuç formül ile otomatik hesaplanır.
A13: 9 | B13: Ay ve Yıl Sonu Geçişi | C13: 31.12 / 01.01 tarih aralığı | D13: Tarih formatı korunur | E13: Manuel kontrol | F13: PENDING | G13: Dosyayı Excel'de açarak elle doğrulayınız.
A14: 10 | B14: 29 Şubat | C14: Artık yıl tarihi | D14: Tarih doğrulaması kabul eder | E14: Manuel kontrol | F14: PENDING | G14: Dosyayı Excel'de açarak elle doğrulayınız.
A15: 11 | B15: Sıfıra Bölme | C15: Bekleyen ödeme sıfır | D15: Nakit açığı doğru hesaplanır | E15: =IF(BekleyenOdeme=0,"OK","KONTROL") | F15: =IF($E15="MANUEL KONTROL","PENDING","PASS") | G15: Gerçek sonuç formül ile otomatik hesaplanır.
A16: 12 | B16: Boş veya Silinmiş Kategori | C16: Listeden değer kaldırılır | D16: Liste dışı giriş engellenir | E16: Manuel kontrol | F16: PENDING | G16: Dosyayı Excel'de açarak elle doğrulayınız.
A17: 13 | B17: Filtre Sonrası Toplam | C17: Tablo filtrelenir | D17: Alt toplamlar doğru kalır | E17: Manuel kontrol | F17: PENDING | G17: Dosyayı Excel'de açarak elle doğrulayınız.
A18: 14 | B18: 5.000 Satır Performansı | C18: 5000 kayıt eklenir | D18: SUMIFS taraması 5000 satırı kapsar | E18: Manuel kontrol | F18: PENDING | G18: Dosyayı Excel'de açarak elle doğrulayınız.
A19: 15 | B19: Kopyala-Yapıştır | C19: Değerler yapıştırılır | D19: Veri doğrulama korunur | E19: Manuel kontrol | F19: PENDING | G19: Dosyayı Excel'de açarak elle doğrulayınız.
A20: 16 | B20: Kullanılabilir Para Eşiği | C20: Bakiye değişir | D20: Kullanılabilir para sıfıra inmez | E20: =IF(KullanilabilirNakit=0,"SINIR","OK") | F20: =IF($E20="MANUEL KONTROL","PENDING","PASS") | G20: Gerçek sonuç formül ile otomatik hesaplanır.
A21: 17 | B21: Formül Sütununa Manuel Yazma | C21: Net Etki hücresine yazı | D21: Kilitli hücre engeller | E21: Manuel kontrol | F21: PENDING | G21: Dosyayı Excel'de açarak elle doğrulayınız.
A22: 18 | B22: Para Birimi ve Ondalık | C22: Tutar hücresine ondalıklı TL değeri girilir | D22: TL formatı ve ondalık ayracı korunur | E22: Manuel kontrol | F22: PENDING | G22: Dosyayı Excel'de açarak elle doğrulayınız.
A23: 19 | B23: Yazdırma Önizlemesi | C23: RAPOR yazdırılır | D23: A4 yatay tek sayfa | E23: Manuel kontrol | F23: PENDING | G23: Dosyayı Excel'de açarak elle doğrulayınız.
A24: 20 | B24: Grafik Veri Kaynağı | C24: Grafikler açılır | D24: Veri kaynakları boş değil | E24: Manuel kontrol | F24: PENDING | G24: Dosyayı Excel'de açarak elle doğrulayınız.

Sheet DEGISIKLIK_KAYDI
A1: DEGISIKLIK KAYDI — AKILLI KASA DEFTERİ VE NAKİT KONTROL SİSTEMİ
A4: Tarih | B4: Sürüm | C4: Yapılan Değişiklik | D4: Yapan
A5: 46242 | B5: 1.0 | C5: İlk sürüm: Akıllı Kasa Defteri ve Nakit Kontrol Sistemi üretimi. | D5: ExcelArşiv

Sheet LISTELER
A1: LISTELER — AKILLI KASA DEFTERİ VE NAKİT KONTROL SİSTEMİ
A2: Açılır menü kaynakları. Bu sayfayı istediğiniz gibi düzenleyebilirsiniz; açılır menüler otomatik güncellenir. Sayfa istenirse gizlenebilir.
A3: Hesap Türü | B3: Kategori | C3: Alt Kategori | D3: Ödeme Yöntemi | E3: Hesap Durumu | F3: Takvim Türü | G3: Öncelik | H3: Takvim Durumu | I3: Kök Neden | J3: Banka
A4: KASA | B4: SATIŞ | C4: TİCARİ MAL | D4: NAKİT | E4: AKTİF | F4: ÖDEME | G4: KRİTİK | H4: BEKLEMEDE | I4: SAYIM EKSİK | J4: ZİRAAT
A5: BANKA | B5: TAHSİLAT | C5: HAMMADDE | D5: HAVALE | E5: PASİF | F5: TAHSİLAT | G5: YÜKSEK | H5: YAPILDI | I5: SAYIM FAZLA | J5: HALK
B6: ALIM | C6: HİZMET | D6: EFT | G6: ORTA | H6: ERTELENDİ | I6: UYUMLU | J6: İŞ
B7: MAAŞ | C7: PERSONEL | D7: KREDİ KARTI | G7: DÜŞÜK | J7: GARANTİ
B8: KİRA | C8: OFİS | D8: BANKA KARTI | J8: AKBANK
B9: VERGİ | C9: ARAC | D9: ÇEK | J9: YAPI KREDİ
B10: SGK PRİMİ | C10: DEPO | D10: SENET | J10: QNB
B11: ELEKTRİK | C11: İTHALAT | D11: KAPORA | J11: VAKIF
B12: SU | C12: İHRACAT
B13: DOĞALGAZ | C13: E-TİCARET
B14: KOMİSYON | C14: TOPTAN
B15: NAKLİYE | C15: PERAKENDE
B16: REKLAM | C16: BAYİ
B17: KREDİ TAKSİDİ
B18: BAĞ-KUR
B19: SİGORTA
B20: TAMİRAT
B21: DİĞER GELİR
B22: DİĞER GİDER
B23: SERMAYE
B24: ORTAK ÇEKİŞİ

Sheet AYARLAR
A1: AYARLAR — AKILLI KASA DEFTERİ VE NAKİT KONTROL SİSTEMİ
A2: Tüm eşikler, katsayılar ve firma bilgileri tek kaynaktan (SSOT) buradan yönetilir. Değerleri değiştirirken Alt/Üst sınırlara dikkat edin.
A4: FIRMA BİLGİLERİ
A5: Firma Unvanı | B5: Firma Adı A.Ş. | C5: Alt | D5: Üst | E5: Açıklama
A6: Vergi Numarası (opsiyonel) | C6: Alt | D6: Üst | E6: Açıklama
A7: Rapor Tarihi | B7: 46242 | C7: Alt | D7: Üst | E7: Açıklama
A8: Rapor Hazırlayan | B8: Finans Müdürü | C8: Alt | D8: Üst | E8: Açıklama
A9: Para Birimi | B9: TRY | C9: Alt | D9: Üst | E9: Açıklama
A10: Dosya Sürümü | B10: 1.0 | C10: Alt | D10: Üst | E10: Açıklama
A11: Lisans Kodu | B11: EKSRV-2026-AKS-0001 | C11: Alt | D11: Üst | E11: Açıklama
A13: MODEL EŞİKLERİ
A14: Varsayım | B14: Değer | C14: Alt | D14: Üst | E14: Açıklama
A15: Kasa Başlangıç Bakiyesi | B15: 500000 | C15: 0 | D15: 1000000000 | E15: NAKIT_PROJEKSIYONU dönem başı kasa hesabının başlangıç değeri.
A16: Asgari Nakit Tamponu | B16: 100000 | C16: 0 | D16: 100000000 | E16: Kullanılabilir para bu değerin altındaysa karar İNCELE olur.
A17: Kritik Ödeme Ufku (Gün) | B17: 30 | C17: 1 | D17: 365 | E17: Ödeme yükü hesaplanırken bakılan gün ufku.
A18: Kritik Risk Eşiği | B18: 50000 | C18: 0 | D18: 10000000 | E18: Nakit açığı bu değerin altındaysa risk YÜKSEK, üzerindeyse KRİTİK sayılır.
A19: Anomali Katsayısı | B19: 2 | C19: 1 | D19: 10 | E19: En yüksek tek çıkışın günlük ortalamanın bu katından büyük olması anomali sayılır.
A20: Mutabakat Toleransı | B20: 100 | C20: 0 | D20: 100000 | E20: Fiziki kasa sayımında kabul edilebilir fark.
A21: Maksimum Hareket Tutarı | B21: 100000000 | C21: 1 | D21: 100000000000 | E21: Tek hareketin azami tutarı; üzerindekiler AŞIRI TUTAR işaretlenir.
A22: İyimser Tahsilat Oranı | B22: 0.1 | C22: 0 | D22: 1 | E22: İyimser senaryoda bekleyen tahsilatın artış oranı.
A23: Kötümser Ek Ödeme | B23: 100000 | C23: 0 | D23: 1000000000 | E23: Kötümser senaryoda nakit durumuna eklenen beklenmedik ödeme.
A24: Duyarlılık Değişim Oranı | B24: 0.1 | C24: 0.01 | D24: 1 | E24: Duyarlılık analizinde değişkenlerin marjinal etkisinin hesaplandığı değişim oranı.
A25: Veri Kalite Yüksek Eşiği | B25: 80 | C25: 0 | D25: 100 | E25: Veri kalite skoru bu değer ve üzeriyse güven düzeyi YÜKSEK olur.
A26: Veri Kalite Orta Eşiği | B26: 50 | C26: 0 | D26: 100 | E26: Veri kalite skoru bu değerin üzerindeyse güven düzeyi ORTA olur.
... A30: Hafta Uzunluğu (Gün) | B30: 7 | C30: 1 | D30: 14 | E30: Haftalık projeksiyonda kullanılan takvim haftası uzunluğu.
A32: KAYNAKLAR
A33: Kaynak URL | B33: https://excelarsiv.com
A34: Kaynak Tarihi | B34: 46242

Sheet KILAVUZ
A1: KILAVUZ — AKILLI KASA DEFTERİ VE NAKİT KONTROL SİSTEMİ
A2: AKILLI KASA DEFTERİ VE NAKİT KONTROL SİSTEMİ — KULLANIM KILAVUZU
A4: 1. BU SİSTEM NE İŞE YARAR?
A5: Kasadaki ve bankadaki paraların kullanılabilir kısmını, bekleyen ödemelerin açık riskini ve
A6: hangilerinin önce ödeneceğini tek ekranda gösterir. Karar destek aracıdır; mali tavsiye değildir.
A8: 2. NASIL BAŞLARIM?
A9: Adım 1: AYARLAR sayfasından firma bilgilerinizi ve eşik değerlerinizi kontrol edin.
A10: Adım 2: KASA_HESAPLARI'na kasa ve banka hesaplarınızı girin.
A11: Adım 3: KASA_HAREKETLERI'ne günlük giriş ve çıkışlarınızı işleyin.
A12: Adım 4: ODEME_TAHSILAT_TAKVIMI'ne bekleyen ödeme ve tahsilatlarınızı ekleyin.
A13: Adım 5: KARAR_MOTORU ve PANO sayfalarından kullanılabilir para, açık riski ve ödeme önerisini izleyin.
A15: 3. SARI HÜCRELER NE ANLAMA GELİR?
... A32: Bu dosya ExcelArşiv ürünüdür; izinsiz dağıtılamaz.
