Workbook

Sheet KAPAK
A1: KAPAK — Şirket Öz Kaynağı Eridi Mi? (TTK 376 Sermaye Tamamlama Cetveli)
A3: Şirket Öz Kaynağı Eridi Mi? (TTK 376 Sermaye Tamamlama Cetveli)
A4: Aylık bilanço verilerinizi girin; öz kaynağın sermayeyi karşılama durumunu, TTK 376 kapsamındaki sermaye kaybı eşiklerini, borca batıklığı ve yapılması gerekenleri otomatik hesaplayın.
A6: Bu ürün ne sağlar?
A7: • Aylık öz kaynak bileşenlerinden gerçek öz kaynağı ve sermaye kaybını otomatik hesaplar
A8: • TTK 376'daki 1/3 ve 2/3 sermaye kaybı eşiklerini canlı kontrol eder (hâlâ sağlıklı mı?)
A9: • Borca batıklık tespiti ve yönetim kurulu bildirim yükümlülüğü uyarısı
A10: • Sermaye artırımı / azaltımı / infisah senaryolarında öz kaynak ve kayıp oranı karşılaştırması
A11: • UYGUN / İNCELE / DURDUR karar kapısı ve yönetici raporu
A14: Kimler için?
A15: • Öz kaynağı eriyen ve TTK 376 riski taşıyan anonim / limited şirketler
A16: • Genel kurul toplantısı öncesi sermaye tamamlama veya azaltım kararı alacak yönetim kurulları
... A21: Sürüm 1.0.0 | 2026 | ExcelArşiv | Lisans: Tek kullanıcı

Sheet HIZLI_BASLANGIC
A1: HIZLI BASLANGIC — Şirket Öz Kaynağı Eridi Mi? (TTK 376 Sermaye Tamamlama Cetveli)
A3: Nasıl kullanılır?
A5: Adım 1 — Aylık bilanço verilerini girin | B5: DONEM_BILANCO sayfasındaki sarı hücrelere her ayın ödenmiş sermaye, yedek, geçmiş yıl kâr/zarar, dönem kâr/zarar, borç ve aktif değerlerini girin. Öz kaynak otomatik hesaplanır.
A6: Adım 2 — Borç listesini girin | B6: BORC_LISTESI sayfasındaki sarı hücrelere borçlarınızı ve türlerini girin; yoğunlaşma analizi bu listeden beslenir.
A7: Adım 3 — Sermaye kaybını izleyin | B7: HESAP sayfası öz kaynağı, kayıp tutarını, kayıp oranını ve 1/3 ile 2/3 eşiklerini üretir.
A8: Adım 4 — Karar ve rapor | B8: KARAR sayfası UYGUN/İNCELE/DURDUR kararını üretir; RAPOR yöneticiye ve genel kurula sunulabilir.
A11: Sık yapılan hatalar
A12: • Ödenmiş sermayeyi cari değer yerine tarihsel değerle girmek (kayıp oranı bozulur)
A13: • Dönem zararını negatif işaretle girmek (önce ayrı bir zarar kolonu kullanılır)
A14: • Borç/aktif tutarlarını dönem sonu bilançosuyla mutabakat ettirmemek
A15: Bu dosya karar destek aracıdır; hukuki ve mali müşavir görüşü yerine geçmez.

Sheet DONEM_BILANCO
A1: DONEM BILANCO — Şirket Öz Kaynağı Eridi Mi? (TTK 376 Sermaye Tamamlama Cetveli)
A3: Dönem Bilanço Bileşenleri
A4: Sarı hücrelere her ayın bilanço bileşenlerini girin. Öz kaynak, kayıp tutarı ve kayıp oranı otomatik hesaplanır.
A5: Ay | B5: Ödenmiş Sermaye (₺) | C5: Yedekler (₺) | D5: Geçmiş Yıl Kârı (₺) | E5: Geçmiş Yıl Zararı (₺) | F5: Dönem Kârı (₺) | G5: Dönem Zararı (₺) | H5: Toplam Borç (₺) | I5: Toplam Aktif (₺) | J5: Öz Kaynak (₺) | K5: Kayıp Tutarı (₺) | L5: Kayıp Oranı | M5: TTK 376 Durum
A6: 2026-01 | B6: 5000000 | C6: 800000 | D6: 200000 | E6: 0 | F6: 350000 | G6: 0 | H6: 6200000 | I6: 9800000 | J6: =IF($A6="","",$B6+$C6+$D6-$E6+$F6-$G6) -> 6350000 | K6: =IF($A6="","",MAX(0,$B6-$J6)) -> 0 | L6: =IF($A6="","",IF($B6=0,0,$K6/$B6)) -> 0 | M6: =IF($A6="","",IF($J6<0,"BORCA BATIK",IF($I6<$H6,"BORCA BATIK",IF($L6>=TtkUcteIkiEsik,"2/3 KAYIP (KRİTİK)",IF($L6>=TtkUcteBirEsik,"1/3 KAYIP (DİKKAT)","UYGUN"))))) -> UYGUN
A7: 2026-02 | B7: 5000000 | C7: 800000 | D7: 200000 | E7: 0 | F7: 180000 | G7: 0 | H7: 6500000 | I7: 9600000 | J7: =IF($A7="","",$B7+$C7+$D7-$E7+$F7-$G7) -> 6180000 | K7: =IF($A7="","",MAX(0,$B7-$J7)) -> 0 | L7: =IF($A7="","",IF($B7=0,0,$K7/$B7)) -> 0 | M7: =IF($A7="","",IF($J7<0,"BORCA BATIK",IF($I7<$H7,"BORCA BATIK",IF($L7>=TtkUcteIkiEsik,"2/3 KAYIP (KRİTİK)",IF($L7>=TtkUcteBirEsik,"1/3 KAYIP (DİKKAT)","UYGUN"))))) -> UYGUN
A8: 2026-03 | B8: 5000000 | C8: 800000 | D8: 200000 | E8: 0 | F8: 90000 | G8: 0 | H8: 6900000 | I8: 9400000 | J8: =IF($A8="","",$B8+$C8+$D8-$E8+$F8-$G8) -> 6090000 | K8: =IF($A8="","",MAX(0,$B8-$J8)) -> 0 | L8: =IF($A8="","",IF($B8=0,0,$K8/$B8)) -> 0 | M8: =IF($A8="","",IF($J8<0,"BORCA BATIK",IF($I8<$H8,"BORCA BATIK",IF($L8>=TtkUcteIkiEsik,"2/3 KAYIP (KRİTİK)",IF($L8>=TtkUcteBirEsik,"1/3 KAYIP (DİKKAT)","UYGUN"))))) -> UYGUN
A9: 2026-04 | B9: 5000000 | C9: 800000 | D9: 200000 | E9: 0 | F9: 0 | G9: 150000 | H9: 7200000 | I9: 9100000 | J9: =IF($A9="","",$B9+$C9+$D9-$E9+$F9-$G9) -> 5850000 | K9: =IF($A9="","",MAX(0,$B9-$J9)) -> 0 | L9: =IF($A9="","",IF($B9=0,0,$K9/$B9)) -> 0 | M9: =IF($A9="","",IF($J9<0,"BORCA BATIK",IF($I9<$H9,"BORCA BATIK",IF($L9>=TtkUcteIkiEsik,"2/3 KAYIP (KRİTİK)",IF($L9>=TtkUcteBirEsik,"1/3 KAYIP (DİKKAT)","UYGUN"))))) -> UYGUN
A10: 2026-05 | B10: 5000000 | C10: 800000 | D10: 200000 | E10: 0 | F10: 0 | G10: 320000 | H10: 7500000 | I10: 8800000 | J10: =IF($A10="","",$B10+$C10+$D10-$E10+$F10-$G10) -> 5680000 | K10: =IF($A10="","",MAX(0,$B10-$J10)) -> 0 | L10: =IF($A10="","",IF($B10=0,0,$K10/$B10)) -> 0 | M10: =IF($A10="","",IF($J10<0,"BORCA BATIK",IF($I10<$H10,"BORCA BATIK",IF($L10>=TtkUcteIkiEsik,"2/3 KAYIP (KRİTİK)",IF($L10>=TtkUcteBirEsik,"1/3 KAYIP (DİKKAT)","UYGUN"))))) -> UYGUN
A11: 2026-06 | B11: 5000000 | C11: 800000 | D11: 200000 | E11: 0 | F11: 0 | G11: 480000 | H11: 7900000 | I11: 8500000 | J11: =IF($A11="","",$B11+$C11+$D11-$E11+$F11-$G11) -> 5520000 | K11: =IF($A11="","",MAX(0,$B11-$J11)) -> 0 | L11: =IF($A11="","",IF($B11=0,0,$K11/$B11)) -> 0 | M11: =IF($A11="","",IF($J11<0,"BORCA BATIK",IF($I11<$H11,"BORCA BATIK",IF($L11>=TtkUcteIkiEsik,"2/3 KAYIP (KRİTİK)",IF($L11>=TtkUcteBirEsik,"1/3 KAYIP (DİKKAT)","UYGUN"))))) -> UYGUN
A12: 2026-07 | B12: 5000000 | C12: 800000 | D12: 200000 | E12: 0 | F12: 0 | G12: 610000 | H12: 8300000 | I12: 8200000 | J12: =IF($A12="","",$B12+$C12+$D12-$E12+$F12-$G12) -> 5390000 | K12: =IF($A12="","",MAX(0,$B12-$J12)) -> 0 | L12: =IF($A12="","",IF($B12=0,0,$K12/$B12)) -> 0 | M12: =IF($A12="","",IF($J12<0,"BORCA BATIK",IF($I12<$H12,"BORCA BATIK",IF($L12>=TtkUcteIkiEsik,"2/3 KAYIP (KRİTİK)",IF($L12>=TtkUcteBirEsik,"1/3 KAYIP (DİKKAT)","UYGUN"))))) -> BORCA BATIK
A13: 2026-08 | B13: 5000000 | C13: 800000 | D13: 200000 | E13: 0 | F13: 0 | G13: 750000 | H13: 8700000 | I13: 7900000 | J13: =IF($A13="","",$B13+$C13+$D13-$E13+$F13-$G13) -> 5250000 | K13: =IF($A13="","",MAX(0,$B13-$J13)) -> 0 | L13: =IF($A13="","",IF($B13=0,0,$K13/$B13)) -> 0 | M13: =IF($A13="","",IF($J13<0,"BORCA BATIK",IF($I13<$H13,"BORCA BATIK",IF($L13>=TtkUcteIkiEsik,"2/3 KAYIP (KRİTİK)",IF($L13>=TtkUcteBirEsik,"1/3 KAYIP (DİKKAT)","UYGUN"))))) -> BORCA BATIK
A14: 2026-09 | B14: 5000000 | C14: 800000 | D14: 200000 | E14: 0 | F14: 0 | G14: 860000 | H14: 9100000 | I14: 7600000 | J14: =IF($A14="","",$B14+$C14+$D14-$E14+$F14-$G14) -> 5140000 | K14: =IF($A14="","",MAX(0,$B14-$J14)) -> 0 | L14: =IF($A14="","",IF($B14=0,0,$K14/$B14)) -> 0 | M14: =IF($A14="","",IF($J14<0,"BORCA BATIK",IF($I14<$H14,"BORCA BATIK",IF($L14>=TtkUcteIkiEsik,"2/3 KAYIP (KRİTİK)",IF($L14>=TtkUcteBirEsik,"1/3 KAYIP (DİKKAT)","UYGUN"))))) -> BORCA BATIK
A15: 2026-10 | B15: 5000000 | C15: 800000 | D15: 200000 | E15: 0 | F15: 0 | G15: 980000 | H15: 9500000 | I15: 7300000 | J15: =IF($A15="","",$B15+$C15+$D15-$E15+$F15-$G15) -> 5020000 | K15: =IF($A15="","",MAX(0,$B15-$J15)) -> 0 | L15: =IF($A15="","",IF($B15=0,0,$K15/$B15)) -> 0 | M15: =IF($A15="","",IF($J15<0,"BORCA BATIK",IF($I15<$H15,"BORCA BATIK",IF($L15>=TtkUcteIkiEsik,"2/3 KAYIP (KRİTİK)",IF($L15>=TtkUcteBirEsik,"1/3 KAYIP (DİKKAT)","UYGUN"))))) -> BORCA BATIK
A16: 2026-11 | B16: 5000000 | C16: 800000 | D16: 200000 | E16: 0 | F16: 0 | G16: 1120000 | H16: 9900000 | I16: 7000000 | J16: =IF($A16="","",$B16+$C16+$D16-$E16+$F16-$G16) -> 4880000 | K16: =IF($A16="","",MAX(0,$B16-$J16)) -> 120000 | L16: =IF($A16="","",IF($B16=0,0,$K16/$B16)) -> 0.024 | M16: =IF($A16="","",IF($J16<0,"BORCA BATIK",IF($I16<$H16,"BORCA BATIK",IF($L16>=TtkUcteIkiEsik,"2/3 KAYIP (KRİTİK)",IF($L16>=TtkUcteBirEsik,"1/3 KAYIP (DİKKAT)","UYGUN"))))) -> BORCA BATIK
A17: 2026-12 | B17: 5000000 | C17: 800000 | D17: 200000 | E17: 0 | F17: 0 | G17: 1250000 | H17: 10300000 | I17: 6700000 | J17: =IF($A17="","",$B17+$C17+$D17-$E17+$F17-$G17) -> 4750000 | K17: =IF($A17="","",MAX(0,$B17-$J17)) -> 250000 | L17: =IF($A17="","",IF($B17=0,0,$K17/$B17)) -> 0.05 | M17: =IF($A17="","",IF($J17<0,"BORCA BATIK",IF($I17<$H17,"BORCA BATIK",IF($L17>=TtkUcteIkiEsik,"2/3 KAYIP (KRİTİK)",IF($L17>=TtkUcteBirEsik,"1/3 KAYIP (DİKKAT)","UYGUN"))))) -> BORCA BATIK
J18: =IF($A18="","",$B18+$C18+$D18-$E18+$F18-$G18) | K18: =IF($A18="","",MAX(0,$B18-$J18)) | L18: =IF($A18="","",IF($B18=0,0,$K18/$B18)) | M18: =IF($A18="","",IF($J18<0,"BORCA BATIK",IF($I18<$H18,"BORCA BATIK",IF($L18>=TtkUcteIkiEsik,"2/3 KAYIP (KRİTİK)",IF($L18>=TtkUcteBirEsik,"1/3 KAYIP (DİKKAT)","UYGUN")))))
J19: =IF($A19="","",$B19+$C19+$D19-$E19+$F19-$G19) | K19: =IF($A19="","",MAX(0,$B19-$J19)) | L19: =IF($A19="","",IF($B19=0,0,$K19/$B19)) | M19: =IF($A19="","",IF($J19<0,"BORCA BATIK",IF($I19<$H19,"BORCA BATIK",IF($L19>=TtkUcteIkiEsik,"2/3 KAYIP (KRİTİK)",IF($L19>=TtkUcteBirEsik,"1/3 KAYIP (DİKKAT)","UYGUN")))))
J20: =IF($A20="","",$B20+$C20+$D20-$E20+$F20-$G20) | K20: =IF($A20="","",MAX(0,$B20-$J20)) | L20: =IF($A20="","",IF($B20=0,0,$K20/$B20)) | M20: =IF($A20="","",IF($J20<0,"BORCA BATIK",IF($I20<$H20,"BORCA BATIK",IF($L20>=TtkUcteIkiEsik,"2/3 KAYIP (KRİTİK)",IF($L20>=TtkUcteBirEsik,"1/3 KAYIP (DİKKAT)","UYGUN")))))
J21: =IF($A21="","",$B21+$C21+$D21-$E21+$F21-$G21) | K21: =IF($A21="","",MAX(0,$B21-$J21)) | L21: =IF($A21="","",IF($B21=0,0,$K21/$B21)) | M21: =IF($A21="","",IF($J21<0,"BORCA BATIK",IF($I21<$H21,"BORCA BATIK",IF($L21>=TtkUcteIkiEsik,"2/3 KAYIP (KRİTİK)",IF($L21>=TtkUcteBirEsik,"1/3 KAYIP (DİKKAT)","UYGUN")))))
J22: =IF($A22="","",$B22+$C22+$D22-$E22+$F22-$G22) | K22: =IF($A22="","",MAX(0,$B22-$J22)) | L22: =IF($A22="","",IF($B22=0,0,$K22/$B22)) | M22: =IF($A22="","",IF($J22<0,"BORCA BATIK",IF($I22<$H22,"BORCA BATIK",IF($L22>=TtkUcteIkiEsik,"2/3 KAYIP (KRİTİK)",IF($L22>=TtkUcteBirEsik,"1/3 KAYIP (DİKKAT)","UYGUN")))))
J23: =IF($A23="","",$B23+$C23+$D23-$E23+$F23-$G23) | K23: =IF($A23="","",MAX(0,$B23-$J23)) | L23: =IF($A23="","",IF($B23=0,0,$K23/$B23)) | M23: =IF($A23="","",IF($J23<0,"BORCA BATIK",IF($I23<$H23,"BORCA BATIK",IF($L23>=TtkUcteIkiEsik,"2/3 KAYIP (KRİTİK)",IF($L23>=TtkUcteBirEsik,"1/3 KAYIP (DİKKAT)","UYGUN")))))
J24: =IF($A24="","",$B24+$C24+$D24-$E24+$F24-$G24) | K24: =IF($A24="","",MAX(0,$B24-$J24)) | L24: =IF($A24="","",IF($B24=0,0,$K24/$B24)) | M24: =IF($A24="","",IF($J24<0,"BORCA BATIK",IF($I24<$H24,"BORCA BATIK",IF($L24>=TtkUcteIkiEsik,"2/3 KAYIP (KRİTİK)",IF($L24>=TtkUcteBirEsik,"1/3 KAYIP (DİKKAT)","UYGUN")))))
J25: =IF($A25="","",$B25+$C25+$D25-$E25+$F25-$G25) | K25: =IF($A25="","",MAX(0,$B25-$J25)) | L25: =IF($A25="","",IF($B25=0,0,$K25/$B25)) | M25: =IF($A25="","",IF($J25<0,"BORCA BATIK",IF($I25<$H25,"BORCA BATIK",IF($L25>=TtkUcteIkiEsik,"2/3 KAYIP (KRİTİK)",IF($L25>=TtkUcteBirEsik,"1/3 KAYIP (DİKKAT)","UYGUN")))))
J26: =IF($A26="","",$B26+$C26+$D26-$E26+$F26-$G26) | K26: =IF($A26="","",MAX(0,$B26-$J26)) | L26: =IF($A26="","",IF($B26=0,0,$K26/$B26)) | M26: =IF($A26="","",IF($J26<0,"BORCA BATIK",IF($I26<$H26,"BORCA BATIK",IF($L26>=TtkUcteIkiEsik,"2/3 KAYIP (KRİTİK)",IF($L26>=TtkUcteBirEsik,"1/3 KAYIP (DİKKAT)","UYGUN")))))
J27: =IF($A27="","",$B27+$C27+$D27-$E27+$F27-$G27) | K27: =IF($A27="","",MAX(0,$B27-$J27)) | L27: =IF($A27="","",IF($B27=0,0,$K27/$B27)) | M27: =IF($A27="","",IF($J27<0,"BORCA BATIK",IF($I27<$H27,"BORCA BATIK",IF($L27>=TtkUcteIkiEsik,"2/3 KAYIP (KRİTİK)",IF($L27>=TtkUcteBirEsik,"1/3 KAYIP (DİKKAT)","UYGUN")))))
J28: =IF($A28="","",$B28+$C28+$D28-$E28+$F28-$G28) | K28: =IF($A28="","",MAX(0,$B28-$J28)) | L28: =IF($A28="","",IF($B28=0,0,$K28/$B28)) | M28: =IF($A28="","",IF($J28<0,"BORCA BATIK",IF($I28<$H28,"BORCA BATIK",IF($L28>=TtkUcteIkiEsik,"2/3 KAYIP (KRİTİK)",IF($L28>=TtkUcteBirEsik,"1/3 KAYIP (DİKKAT)","UYGUN")))))
J29: =IF($A29="","",$B29+$C29+$D29-$E29+$F29-$G29) | K29: =IF($A29="","",MAX(0,$B29-$J29)) | L29: =IF($A29="","",IF($B29=0,0,$K29/$B29)) | M29: =IF($A29="","",IF($J29<0,"BORCA BATIK",IF($I29<$H29,"BORCA BATIK",IF($L29>=TtkUcteIkiEsik,"2/3 KAYIP (KRİTİK)",IF($L29>=TtkUcteBirEsik,"1/3 KAYIP (DİKKAT)","UYGUN")))))
... J1004: =IF($A1004="","",$B1004+$C1004+$D1004-$E1004+$F1004-$G1004) | K1004: =IF($A1004="","",MAX(0,$B1004-$J1004)) | L1004: =IF($A1004="","",IF($B1004=0,0,$K1004/$B1004)) | M1004: =IF($A1004="","",IF($J1004<0,"BORCA BATIK",IF($I1004<$H1004,"BORCA BATIK",IF($L1004>=TtkUcteIkiEsik,"2/3 KAYIP (KRİTİK)",IF($L1004>=TtkUcteBirEsik,"1/3 KAYIP (DİKKAT)","UYGUN")))))
A1006: Sarı hücreler manuel giriştir; formül hücreleri kilitli ve korumalıdır.

Sheet BORC_LISTESI
A1: BORC LISTESI — Şirket Öz Kaynağı Eridi Mi? (TTK 376 Sermaye Tamamlama Cetveli)
A3: Borç Listesi
A4: Sarı hücrelere dönem borçlarınızı girin. Yoğunlaşma (HHI) ve anomali analizleri bu listeden beslenir; borca batıklık kontrolünde dönem sonu toplam borç kullanılır.
A5: Borç Kodu | B5: Borç Türü | C5: Alacaklı | D5: Kullanım Tarihi | E5: Vade Tarihi | F5: Borç Tutarı (₺) | G5: Yıllık Faiz Oranı | H5: Teminat Var mı? | I5: Açıklama | J5: Faiz Yükü (₺)
A6: B-1001 | B6: Banka Kredisi | C6: ABC Bank | D6: 46037 | E6: 46402 | F6: 3500000 | G6: 0.3 | H6: Evet | I6: İşletme kredisi | J6: =IF($A6="","",$F6*$G6) -> 1050000
A7: B-1002 | B7: Tedarikçi Borcu | C7: Tedarikçi X | D7: 46054 | E7: 46235 | F7: 1200000 | G7: 0 | H7: Hayır | I7: Vadeli alım | J7: =IF($A7="","",$F7*$G7) -> 0
A8: B-1003 | B8: Tahvil | C8: Kurumsal Tahvil | D8: 46091 | E8: 46822 | F8: 2000000 | G8: 0.28 | H8: Hayır | I8: Kurumsal tahvil | J8: =IF($A8="","",$F8*$G8) -> 560000
A9: B-1004 | B9: Ortak Borcu | C9: Ortak A | D9: 46117 | E9: 46482 | F9: 1800000 | G9: 0.2 | H9: Hayır | I9: Ortak avansı | J9: =IF($A9="","",$F9*$G9) -> 360000
A10: B-1005 | B10: Finansal Kiralama | C10: Kiralama A.Ş. | D10: 46162 | E10: 46893 | F10: 900000 | G10: 0.24 | H10: Evet | I10: Araç kiralaması | J10: =IF($A10="","",$F10*$G10) -> 216000
A11: B-1006 | B11: Banka Kredisi | C11: XYZ Bank | D11: 46174 | E11: 46539 | F11: 1500000 | G11: 0.32 | H11: Evet | I11: Yatırım kredisi | J11: =IF($A11="","",$F11*$G11) -> 480000
J12: =IF($A12="","",$F12*$G12)
J13: =IF($A13="","",$F13*$G13)
J14: =IF($A14="","",$F14*$G14)
J15: =IF($A15="","",$F15*$G15)
J16: =IF($A16="","",$F16*$G16)
J17: =IF($A17="","",$F17*$G17)
J18: =IF($A18="","",$F18*$G18)
J19: =IF($A19="","",$F19*$G19)
J20: =IF($A20="","",$F20*$G20)
J21: =IF($A21="","",$F21*$G21)
J22: =IF($A22="","",$F22*$G22)
J23: =IF($A23="","",$F23*$G23)
... J1004: =IF($A1004="","",$F1004*$G1004)
A1006: Sarı hücreler manuel giriştir; formül hücreleri kilitli ve korumalıdır.

Sheet HESAP
A1: HESAP — Şirket Öz Kaynağı Eridi Mi? (TTK 376 Sermaye Tamamlama Cetveli)
A3: TTK 376 Sermaye Tamamlama Hesabı
A4: Aşağıdaki özet, dönem bilanço ve borç tablolarından otomatik beslenir; elle değiştirilmez.
A5: Borç Türü | B5: Borç Adedi | C5: Toplam Borç (₺) | D5: Ortalama Faiz Oranı | E5: Teminatlı Borç (₺) | F5: Borç Payı
A6: Banka Kredisi | B6: =COUNTIFS(tblBorc[Borç Türü],$A6) -> 2 | C6: =SUMIFS(tblBorc[Borç Tutarı (₺)],tblBorc[Borç Türü],$A6) -> 5000000 | D6: =IF($B$6=0,0,AVERAGEIFS(tblBorc[Yıllık Faiz Oranı],tblBorc[Borç Türü],$A6)) -> 0.31 | E6: =SUMIFS(tblBorc[Borç Tutarı (₺)],tblBorc[Borç Türü],$A6,tblBorc[Teminat Var mı?],"Evet") -> 5000000 | F6: =IF($C$11=0,0,C6/$C$11) -> 0
A7: Tedarikçi Borcu | B7: =COUNTIFS(tblBorc[Borç Türü],$A7) -> 1 | C7: =SUMIFS(tblBorc[Borç Tutarı (₺)],tblBorc[Borç Türü],$A7) -> 1200000 | D7: =IF($B$7=0,0,AVERAGEIFS(tblBorc[Yıllık Faiz Oranı],tblBorc[Borç Türü],$A7)) -> 0 | E7: =SUMIFS(tblBorc[Borç Tutarı (₺)],tblBorc[Borç Türü],$A7,tblBorc[Teminat Var mı?],"Evet") -> 0 | F7: =IF($C$11=0,0,C7/$C$11) -> 0
A8: Finansal Kiralama | B8: =COUNTIFS(tblBorc[Borç Türü],$A8) -> 1 | C8: =SUMIFS(tblBorc[Borç Tutarı (₺)],tblBorc[Borç Türü],$A8) -> 900000 | D8: =IF($B$8=0,0,AVERAGEIFS(tblBorc[Yıllık Faiz Oranı],tblBorc[Borç Türü],$A8)) -> 0.24 | E8: =SUMIFS(tblBorc[Borç Tutarı (₺)],tblBorc[Borç Türü],$A8,tblBorc[Teminat Var mı?],"Evet") -> 900000 | F8: =IF($C$11=0,0,C8/$C$11) -> 0
A9: Tahvil | B9: =COUNTIFS(tblBorc[Borç Türü],$A9) -> 1 | C9: =SUMIFS(tblBorc[Borç Tutarı (₺)],tblBorc[Borç Türü],$A9) -> 2000000 | D9: =IF($B$9=0,0,AVERAGEIFS(tblBorc[Yıllık Faiz Oranı],tblBorc[Borç Türü],$A9)) -> 0.28 | E9: =SUMIFS(tblBorc[Borç Tutarı (₺)],tblBorc[Borç Türü],$A9,tblBorc[Teminat Var mı?],"Evet") -> 0 | F9: =IF($C$11=0,0,C9/$C$11) -> 0
A10: Ortak Borcu | B10: =COUNTIFS(tblBorc[Borç Türü],$A10) -> 1 | C10: =SUMIFS(tblBorc[Borç Tutarı (₺)],tblBorc[Borç Türü],$A10) -> 1800000 | D10: =IF($B$10=0,0,AVERAGEIFS(tblBorc[Yıllık Faiz Oranı],tblBorc[Borç Türü],$A10)) -> 0.2 | E10: =SUMIFS(tblBorc[Borç Tutarı (₺)],tblBorc[Borç Türü],$A10,tblBorc[Teminat Var mı?],"Evet") -> 0 | F10: =IF($C$11=0,0,C10/$C$11) -> 0
A11: Diğer | B11: =COUNTIFS(tblBorc[Borç Türü],$A11) -> 0 | C11: =SUMIFS(tblBorc[Borç Tutarı (₺)],tblBorc[Borç Türü],$A11) -> 0 | D11: =IF($B$11=0,0,AVERAGEIFS(tblBorc[Yıllık Faiz Oranı],tblBorc[Borç Türü],$A11)) -> 0 | E11: =SUMIFS(tblBorc[Borç Tutarı (₺)],tblBorc[Borç Türü],$A11,tblBorc[Teminat Var mı?],"Evet") -> 0 | F11: =IF($C$11=0,0,C11/$C$11) -> 0
A12: TOPLAM | B12: =SUM(B6:B11) -> 6 | C12: =SUM(C6:C11) -> 10900000 | D12: =SUM(D6:D11) -> 1.03 | E12: =SUM(E6:E11) -> 5900000 | F12: =SUM(F6:F11) -> 0
A13: Dönem Sonu Ödenmiş Sermaye | B13: =IFERROR(INDEX(tblBilanco[Ödenmiş Sermaye (₺)],COUNTA(tblBilanco[Ay])),0) -> 5000000
A14: Dönem Sonu Yedekler | B14: =IFERROR(INDEX(tblBilanco[Yedekler (₺)],COUNTA(tblBilanco[Ay])),0) -> 800000
A15: Dönem Sonu Geçmiş Yıl Kârı | B15: =IFERROR(INDEX(tblBilanco[Geçmiş Yıl Kârı (₺)],COUNTA(tblBilanco[Ay])),0) -> 200000
A16: Dönem Sonu Geçmiş Yıl Zararı | B16: =IFERROR(INDEX(tblBilanco[Geçmiş Yıl Zararı (₺)],COUNTA(tblBilanco[Ay])),0) -> 0
A17: Dönem Sonu Dönem Kârı | B17: =IFERROR(INDEX(tblBilanco[Dönem Kârı (₺)],COUNTA(tblBilanco[Ay])),0) -> 0
A18: Dönem Sonu Dönem Zararı | B18: =IFERROR(INDEX(tblBilanco[Dönem Zararı (₺)],COUNTA(tblBilanco[Ay])),0) -> 1250000
A19: Dönem Sonu Öz Kaynak Toplamı | B19: =B13+B14+B15-B16+B17-B18 -> 4750000
A20: Sermaye Kaybı Tutarı | B20: =MAX(0,B13-B19) -> 250000
A21: Kayıp Oranı (Kayıp / Ödenmiş Sermaye) | B21: =IF(B13=0,0,B20/B13) -> 0.05
A22: 1/3 Sermaye Kaybı Eşiği (TTK 376) | B22: =B13*TtkUcteBirEsik -> 1666665
A23: 2/3 Sermaye Kaybı Eşiği (TTK 376) | B23: =B13*TtkUcteIkiEsik -> 3333335
A24: Dönem Sonu Toplam Borç | B24: =IFERROR(INDEX(tblBilanco[Toplam Borç (₺)],COUNTA(tblBilanco[Ay])),0) -> 10300000
A25: Dönem Sonu Toplam Aktif | B25: =IFERROR(INDEX(tblBilanco[Toplam Aktif (₺)],COUNTA(tblBilanco[Ay])),0) -> 6700000
A26: Borca Batıklık Durumu | B26: =IF(OR(B19<0,B25<B24),"BORCA BATIK","BORCA BATIK DEĞİL") -> BORCA BATIK
A27: Öz Kaynak / Aktif Oranı | B27: =IF(B25=0,0,B19/B25) -> 0.70895522
A28: İlk-Son Ay Öz Kaynak Farkı | B28: =IFERROR(INDEX(tblBilanco[Öz Kaynak (₺)],COUNTA(tblBilanco[Ay]))-INDEX(tblBilanco[Öz Kaynak (₺)],1),0) -> -1600000
A29: Uç Değer Sinyali | B29: =IF(OR(B24>TtkAzamiBilancoTutari,B25>TtkAzamiBilancoTutari),"AŞIM VAR","NORMAL") -> NORMAL
A31: Hesap satırları yalnızca dönem bilanço ve borç tablolarından beslenir; korumalıdır.

Sheet ANALITIK_MOTOR
A1: ANALITIK MOTOR — Şirket Öz Kaynağı Eridi Mi? (TTK 376 Sermaye Tamamlama Cetveli)
A3: ANALİTİK MOTOR — DERİNLİK KATMANI
A5: Kod | B5: Gösterge | C5: Değer | D5: Makine Yorumu
A6: T1 | B6: Öz Kaynak Trendi (Son/İlk Ay) | C6: =IFERROR(IF(INDEX(tblBilanco[Öz Kaynak (₺)],1)=0,0,INDEX(tblBilanco[Öz Kaynak (₺)],COUNTA(tblBilanco[Ay]))/INDEX(tblBilanco[Öz Kaynak (₺)],1)),0) -> 0.7480315 | D6: =_xlfn.TEXTJOIN("; ",TRUE(),"Öz kaynak trendi ",TEXT(C6,"0.00"),"x — 1 altındaysa öz kaynak eriyor, eşikler yaklaşıyor") -> Öz kaynak trendi ; 0,75; x — 1 altındaysa öz kaynak eriyor, eşikler yaklaşıyor
A7: T4 | B7: İlk-Son Ay Öz Kaynak Farkı | C7: =HESAP!B28 -> -1600000 | D7: =_xlfn.TEXTJOIN("; ",TRUE(),"İlk ile son ay öz kaynak farkı ",TEXT(C7,"₺ #,##0")," TL — negatif fark erime hızını gösterir") -> İlk ile son ay öz kaynak farkı ; -₺ 1600000,000; TL — negatif fark erime hızını gösterir
A8: O1 | B8: Aylık Kayıp Oranı Sapması (STDEV) | C8: =IFERROR(stdev.p(tblBilanco[Kayıp Oranı]),0) -> 0 | D8: =_xlfn.TEXTJOIN("; ",TRUE(),"Aylık kayıp oranlarının standart sapması ",TEXT(C8,"0.00%")," — sapma yüksekse erime hızı düzensizdir") -> Aylık kayıp oranlarının standart sapması ; 0,00%; — sapma yüksekse erime hızı düzensizdir
A9: O2 | B9: Tornado: En Büyük Etki | C9: =MAX(SENARYO_DUYARLILIK!B12:B13) -> 0.0094059406 | D9: =_xlfn.TEXTJOIN("; ",TRUE(),"Kayıp oranını en çok etkileyen değişkenin etkisi ",TEXT(C9,"0.00%")," — öncelik bu değişkenin yönetiminde") -> Kayıp oranını en çok etkileyen değişkenin etkisi ; 0,94%; — öncelik bu değişkenin yönetiminde
A10: O3 | B10: Senaryo Bant Genişliği (Kayıp Oranı) | C10: =SENARYO_DUYARLILIK!C7-SENARYO_DUYARLILIK!C9 -> -0.175 | D10: =_xlfn.TEXTJOIN("; ",TRUE(),"İyimser ile kötümser senaryo kayıp oranı farkı ",TEXT(C10,"0.00%")," — belirsizlik aralığını gösterir") -> İyimser ile kötümser senaryo kayıp oranı farkı ; -17,50%; — belirsizlik aralığını gösterir
A11: O6 | B11: Borç Türü Yoğunlaşması (HHI) | C11: =IFERROR(SUMPRODUCT((HESAP!$C$6:$C$11/SUM(HESAP!$C$6:$C$11))^2),0) -> 0.29029543 | D11: =_xlfn.TEXTJOIN("; ",TRUE(),"Borç yoğunlaşma endeksi ",TEXT(C11,"0.000")," — 1 e yaklaştıkça borç tek türde toplanır, kırılganlık artar") -> Borç yoğunlaşma endeksi ; 0.000; — 1 e yaklaştıkça borç tek türde toplanır, kırılganlık artar
A12: O8 | B12: Veri Kalite Skoru | C12: =KONTROLLER!B19 -> 89 | D12: =_xlfn.TEXTJOIN("; ",TRUE(),"Veri kalite skoru ",TEXT(C12,"0")," puan — ",IF(C12>=TtkKaliteIyi,"yüksek güven","veri girişi tamamlanmalı")) -> Veri kalite skoru ; 89; puan — ; veri girişi tamamlanmalı
A13: I1 | B13: Gelecek Dönem Öz Kaynak Tahmini | C13: =PANO!B24 -> 0 | D13: =_xlfn.TEXTJOIN("; ",TRUE(),"Gelecek dönem öz kaynak tahmini ",TEXT(C13,"₺ #,##0")," TL — güven bandı için alt/üst sınır PANO sayfasındadır") -> Gelecek dönem öz kaynak tahmini ; ₺ ,000; TL — güven bandı için alt/üst sınır PANO sayfasındadır
A14: I2 | B14: Borç Tutarı Yüzdelik P90 | C14: =IFERROR(_xlfn.PERCENTILE.INC(tblBorc[Borç Tutarı (₺)],TtkP90Oran),0) -> 2750000 | D14: =_xlfn.TEXTJOIN("; ",TRUE(),"Borç tutarlarının %90 ı ",TEXT(C14,"₺ #,##0")," TL altında gerçekleşir — üst sınır finansman planı için kullanılabilir") -> Borç tutarlarının %90 ı ; ₺ 2750000,000; TL altında gerçekleşir — üst sınır finansman planı için kullanılabilir

Sheet KONTROLLER
A1: KONTROLLER — Şirket Öz Kaynağı Eridi Mi? (TTK 376 Sermaye Tamamlama Cetveli)
A3: Giriş Kalite Kontrolleri
A4: Aşağıdaki kontroller canlı formüllerle çalışır; sorun varsa uyarı üretir.
A6: Boş ay satırı var mı? | B6: =IF(COUNTBLANK(tblBilanco[Ay])=0,"TEMİZ","BOŞ VAR") -> BOŞ VAR
A7: Boş ödenmiş sermaye var mı? | B7: =IF(COUNTBLANK(tblBilanco[Ödenmiş Sermaye (₺)])=0,"TEMİZ","BOŞ VAR") -> BOŞ VAR
A8: Negatif değer var mı? | B8: =IF(COUNTIF(tblBilanco[Ödenmiş Sermaye (₺)],"<0")=0,"TEMİZ","NEGATİF VAR") -> TEMİZ
A9: Ödenmiş sermaye sıfır mı? | B9: =IF(COUNTIF(tblBilanco[Ödenmiş Sermaye (₺)],"=0")>0,"SIFIR VAR","NORMAL") -> NORMAL
A10: Borç türü boş mu? | B10: =IF(COUNTIF(tblBorc[Borç Türü],"")>0,"BOŞ VAR","TEMİZ") -> BOŞ VAR
A11: Kayıp oranı 1/3 eşiğini aşıyor mu? | B11: =IF(HESAP!B21>TtkUcteBirEsik,"AŞIYOR","NORMAL") -> NORMAL
A12: Kayıp oranı 2/3 eşiğini aşıyor mu? | B12: =IF(HESAP!B21>TtkUcteIkiEsik,"AŞIYOR","NORMAL") -> NORMAL
A13: Borca batıklık var mı? | B13: =IF(HESAP!B26="BORCA BATIK","VAR","YOK") -> VAR
A15: Veri Kalitesi Skoru (0-100)
A16: Boş ve negatif girişlerin oranına göre üretilen kalite skoru.
A17: Toplam Giriş Hücresi | B17: =COUNTA(tblBilanco[Ay])*TtkDonemGirisKolon+COUNTA(tblBorc[Borç Kodu])*TtkBorcGirisKolon -> 162
A18: Dolu Giriş Hücresi | B18: =COUNTA(tblBilanco[Ay])+COUNTA(tblBilanco[Ödenmiş Sermaye (₺)])+COUNTA(tblBilanco[Yedekler (₺)])+COUNTA(tblBilanco[Geçmiş Yıl Kârı (₺)])+COUNTA(tblBilanco[Geçmiş Yıl Zararı (₺)])+COUNTA(tblBilanco[Dönem Kârı (₺)])+COUNTA(tblBilanco[Dönem Zararı (₺)])+COUNTA(tblBilanco[Toplam Borç (₺)])+COUNTA(tblBilanco[Toplam Aktif (₺)])+COUNTA(tblBorc[Borç Kodu])+COUNTA(tblBorc[Borç Türü])+COUNTA(tblBorc[Borç Tutarı (₺)])+COUNTA(tblBorc[Yıllık Faiz Oranı])+COUNTA(tblBorc[Teminat Var mı?])+COUNTA(tblBorc[Açıklama]) -> 144
A19: Kalite Skoru | B19: =ROUND(IF(TtkToplamGiris=0,0,TtkDoluGiris/TtkToplamGiris*100),0) -> 89
A20: Kalite Seviyesi | B20: =IF(B19>=TtkKaliteIyi,"YÜKSEK",IF(B19>=TtkKaliteOrta,"ORTA","DÜŞÜK")) -> ORTA
A22: Kontroller yalnızca giriş verisini denetler; değerleri değiştirmez.

Sheet KARAR
A1: KARAR — Şirket Öz Kaynağı Eridi Mi? (TTK 376 Sermaye Tamamlama Cetveli)
A3: Karar Kapısı — TTK 376 Sermaye Tamamlama
A4: Sermaye kaybı eşikleri ve borca batıklık durumuna göre üretilen karar.
A6: Dönem Sonu Öz Kaynak | B6: =HESAP!B19 -> 4750000
A7: Sermaye Kaybı Tutarı | B7: =HESAP!B20 -> 250000
A8: Kayıp Oranı | B8: =HESAP!B21 -> 0.05
A9: Borca Batıklık Durumu | B9: =HESAP!B26 -> BORCA BATIK
A11: KARAR | B11: =IF(COUNTA(tblBilanco[Ay])=0,"VERİ YOK",IF(HESAP!B29="AŞIM VAR","İNCELE",IF(HESAP!B26="BORCA BATIK","DURDUR",IF(HESAP!B21>=TtkUcteIkiEsik,"DURDUR",IF(HESAP!B21>=TtkUcteBirEsik,"İNCELE","UYGUN"))))) -> DURDUR
A12: Gerekçe | B12: =IF(COUNTA(tblBilanco[Ay])=0,"Veri girişi yapılmamış; karar üretilemez.",IF(HESAP!B29="AŞIM VAR","Bilanço tutarları gerçekçilik üst sınırının üzerinde; verilerin doğru girildiği doğrulanmalı.",IF(HESAP!B26="BORCA BATIK","Öz kaynak negatif veya aktifler borçları karşılamıyor; TTK 376 kapsamında yönetim kurulu mahkemeye bildirim yükümlülüğü doğar.",IF(HESAP!B21>=TtkUcteIkiEsik,"Sermayenin 2/3 ü kaybolmuş; genel kurul derhal toplanmalı, sermaye tamamlama veya infisah kararı alınmalı.",IF(HESAP!B21>=TtkUcteBirEsik,"Sermayenin 1/3 ü kaybolmuş; genel kurul toplanıp tamamlama veya azaltım kararı alınmalı.","Öz kaynak sermayenin 1/3 ünden fazla erimemiş; TTK 376 kapsamında zorunlu önlem gerekmiyor."))))) -> Öz kaynak negatif veya aktifler borçları karşılamıyor; TTK 376 kapsamında yönetim kurulu mahkemeye bildirim yükümlülüğü doğar.
A14: Önerilen Aksiyonlar
A15: Aksiyon 1 | B15: =TtkAksiyon1_ACIKLAMA -> 1/3 eşiğine yaklaşılıyorsa ödenmiş sermayeyi koruyacak şekilde ortaklardan sermaye taahhüdü veya borç/kâr transferi planlayın.
A16: Aksiyon 2 | B16: =TtkAksiyon2_ACIKLAMA -> 2/3 kayıp durumunda genel kurulu derhal toplayın; sermaye artırımı, azaltım veya infisah kararı için hukuki ve mali danışman desteği alın.
A17: Aksiyon 3 | B17: =TtkAksiyon3_ACIKLAMA -> Borca batıklıkta aktif değerlemesini yeniden yapın; bilanço güncellemesi ve mahkeme bildirimi sürecini mali müşavirle birlikte yürütün.
A19: Karar yalnızca giriş verisi ve AYARLAR'daki eşiklerden türetilir; kesin hukuki sonuç değildir.

Sheet PANO
A1: PANO — Şirket Öz Kaynağı Eridi Mi? (TTK 376 Sermaye Tamamlama Cetveli)
A3: Yönetim Paneli | B3: Dönem Sonu Öz Kaynak | C3: Sermaye Kaybı | D3: Kayıp Oranı | E3: Öz Kaynak / Aktif | F3: Borca Batıklık | G3: Kalite Skoru
B4: =HESAP!B19 -> 4750000 | C4: =HESAP!B20 -> 250000 | D4: =HESAP!B21 -> 0.05 | E4: =HESAP!B27 -> 0.70895522 | F4: =HESAP!B26 -> BORCA BATIK | G4: =KONTROLLER!B19 -> 89
A6: Karar | B6: =KARAR!B11 -> DURDUR | D6: Toplam Borç | E6: =HESAP!B24 -> 10300000
A10: Borç Türü | B10: Borç Adedi | C10: Toplam Borç (₺) | D10: Aylık Öz Kaynak | F10: Teminatlı Borç (₺)
A11: Banka Kredisi | B11: =HESAP!B6 -> 2 | C11: =HESAP!C6 -> 5000000 | D11: AY1 | E11: =IFERROR(INDEX(tblBilanco[Öz Kaynak (₺)],AYARLAR!$B$13),0) -> 6350000 | F11: =HESAP!E6 -> 5000000
A12: Tedarikçi Borcu | B12: =HESAP!B7 -> 1 | C12: =HESAP!C7 -> 1200000 | D12: AY2 | E12: =IFERROR(INDEX(tblBilanco[Öz Kaynak (₺)],AYARLAR!$B$14),0) -> 5390000 | F12: =HESAP!E7 -> 0
A13: Finansal Kiralama | B13: =HESAP!B8 -> 1 | C13: =HESAP!C8 -> 900000 | D13: AY3 | E13: =IFERROR(INDEX(tblBilanco[Öz Kaynak (₺)],AYARLAR!$B$15),0) -> 6350000 | F13: =HESAP!E8 -> 900000
A14: Tahvil | B14: =HESAP!B9 -> 1 | C14: =HESAP!C9 -> 2000000 | D14: AY4 | E14: =IFERROR(INDEX(tblBilanco[Öz Kaynak (₺)],AYARLAR!$B$16),0) -> 6350000 | F14: =HESAP!E9 -> 0
A15: Ortak Borcu | B15: =HESAP!B10 -> 1 | C15: =HESAP!C10 -> 1800000 | D15: AY5 | E15: =IFERROR(INDEX(tblBilanco[Öz Kaynak (₺)],AYARLAR!$B$17),0) -> 5020000 | F15: =HESAP!E10 -> 0
A16: Diğer | B16: =HESAP!B11 -> 0 | C16: =HESAP!C11 -> 0 | D16: AY6 | E16: =IFERROR(INDEX(tblBilanco[Öz Kaynak (₺)],AYARLAR!$B$18),0) | F16: =HESAP!E11 -> 0
D17: AY7 | E17: =IFERROR(INDEX(tblBilanco[Öz Kaynak (₺)],AYARLAR!$B$19),0)
D18: AY8 | E18: =IFERROR(INDEX(tblBilanco[Öz Kaynak (₺)],AYARLAR!$B$20),0) -> 0
D19: AY9 | E19: =IFERROR(INDEX(tblBilanco[Öz Kaynak (₺)],AYARLAR!$B$21),0) -> 0
D20: AY10 | E20: =IFERROR(INDEX(tblBilanco[Öz Kaynak (₺)],AYARLAR!$B$22),0) -> 0
D21: AY11 | E21: =IFERROR(INDEX(tblBilanco[Öz Kaynak (₺)],AYARLAR!$B$23),0)
D22: AY12 | E22: =IFERROR(INDEX(tblBilanco[Öz Kaynak (₺)],AYARLAR!$B$24),0) -> 0
A24: Gelecek 1 Dönem Öz Kaynak Tahmini (Tahmin Aralıklı) | B24: =ROUND(IFERROR(forecast.lınear(TtkPanelSatir12,tblBilanco[Öz Kaynak (₺)],ROW(tblBilanco[Öz Kaynak (₺)])-ROW(tblBilanco[[#Headers],[Öz Kaynak (₺)]])),0),0) -> 0
A25: Ortalama Aylık Öz Kaynak | B25: =ROUND(IFERROR(AVERAGE(tblBilanco[Öz Kaynak (₺)]),0),0) -> 5508333
A26: Öz Kaynak Standart Sapma | B26: =ROUND(IFERROR(stdev.p(INDEX(tblBilanco[Öz Kaynak (₺)],TtkPanelSatir1):INDEX(tblBilanco[Öz Kaynak (₺)],TtkPanelSatir12)),0),0) -> 0
A27: Alt Tahmin Sınırı | B27: =B25-B26*TtkTahminCarpan -> 5508333
A28: Üst Tahmin Sınırı | B28: =B25+B26*TtkTahminCarpan -> 5508333
C29: Senaryo Kayıp Oranı
C30: =SENARYO_DUYARLILIK!C7 -> 0 | D30: İyimser
C31: =SENARYO_DUYARLILIK!C8 -> 0.05 | D31: Baz
C32: =SENARYO_DUYARLILIK!C9 -> 0.175 | D32: Kötümser
A56: Paneldeki tüm göstergeler canlı formüllerden beslenir.

Sheet SENARYO_DUYARLILIK
A1: SENARYO DUYARLILIK — Şirket Öz Kaynağı Eridi Mi? (TTK 376 Sermaye Tamamlama Cetveli)
A3: Senaryo ve Duyarlılık Analizi
A4: İyimser, baz ve kötümser senaryolarda kayıp oranı; ardından hangi değişkenin sonucu en çok etkilediğini gösteren tornado analizi.
A6: Senaryo | B6: Dönem Zararı Çarpanı | C6: Kayıp Oranı | D6: Dönem Sonu Öz Kaynak
A7: İYİMSER | B7: =IF(SUM(tblBilanco[Dönem Zararı (₺)])=0,0,TtkIyiSenaryo) -> 0.6 | C7: =IF(HESAP!B13=0,0,MAX(0,HESAP!B13-(HESAP!B19-HESAP!B18*(TtkIyiSenaryo-1)))/HESAP!B13) -> 0 | D7: =HESAP!B19-HESAP!B18*(TtkIyiSenaryo-1) -> 5250000
A8: BAZ | B8: =IF(SUM(tblBilanco[Dönem Zararı (₺)])=0,0,TtkBazSenaryo) -> 1 | C8: =IF(HESAP!B13=0,0,MAX(0,HESAP!B13-(HESAP!B19-HESAP!B18*(TtkBazSenaryo-1)))/HESAP!B13) -> 0.05 | D8: =HESAP!B19-HESAP!B18*(TtkBazSenaryo-1) -> 4750000
A9: KÖTÜMSER | B9: =IF(SUM(tblBilanco[Dönem Zararı (₺)])=0,0,TtkKotuSenaryo) -> 1.5 | C9: =IF(HESAP!B13=0,0,MAX(0,HESAP!B13-(HESAP!B19-HESAP!B18*(TtkKotuSenaryo-1)))/HESAP!B13) -> 0.175 | D9: =HESAP!B19-HESAP!B18*(TtkKotuSenaryo-1) -> 4125000
A11: Tornado: Kayıp Oranına Etki
A12: Ödenmiş Sermaye +%1 | B12: =IF(HESAP!B13=0,0,ABS(HESAP!B21-MAX(0,HESAP!B13*(1+TtkTornadoZarar)-HESAP!B19)/(HESAP!B13*(1+TtkTornadoZarar)))) -> 0.0094059406
A13: Dönem Zararı +%1 | B13: =IF(HESAP!B13=0,0,ABS(HESAP!B21-MAX(0,HESAP!B13-(HESAP!B19-HESAP!B18*TtkTornadoZarar))/HESAP!B13)) -> 0.0025
A15: En Etkili Değişken | B15: =IF(B12>=B13,"Ödenmiş Sermaye","Dönem Zararı") -> Ödenmiş Sermaye
A17: Senaryo çarpanları AYARLAR'daki parametrelerden türetilir.

Sheet RAPOR
A1: ŞİRKET ÖZ KAYNAĞI — TTK 376 SERMAYE TAMAMLAMA YÖNETİCİ ÖZETİ
A2: =_xlfn.CONCAT("Rapor Tarihi: ",TEXT(RaporTarihi,"dd.mm.yyyy")," | Hazırlayan: ",RaporHazirlayan," | Sürüm: ",DosyaSurumu) -> Rapor Tarihi: 08.08.2026 | Hazırlayan: Finans Direktörü | Sürüm: 1.0.0
A4: Karar | B4: =KARAR!B11 -> DURDUR
A6: Dönem Sonu Öz Kaynak | B6: =HESAP!B19 -> 4750000
A7: Sermaye Kaybı Tutarı | B7: =HESAP!B20 -> 250000
A8: Kayıp Oranı | B8: =HESAP!B21 -> 0.05
A9: 1/3 Sermaye Kaybı Eşiği | B9: =HESAP!B22 -> 1666665
A10: 2/3 Sermaye Kaybı Eşiği | B10: =HESAP!B23 -> 3333335
A11: Borca Batıklık Durumu | B11: =HESAP!B26 -> BORCA BATIK
A12: Toplam Borç | B12: =HESAP!B24 -> 10300000
A13: Öz Kaynak / Aktif Oranı | B13: =HESAP!B27 -> 0.70895522
A14: Borç Yoğunlaşması (HHI) | B14: =ANALITIK_MOTOR!C11 -> 0.29029543
A15: Kalite Skoru | B15: =KONTROLLER!B19 -> 89
A17: Varsayımlar ve Önemli Notlar
A18: • Öz kaynak, ödenmiş sermaye + yedekler + geçmiş yıl kârı - geçmiş yıl zararı + dönem kârı - dönem zararı olarak hesaplanır.
A19: • Sermaye kaybı eşikleri (1/3 ve 2/3) TTK 376 kapsamında değerlendirilir; kesin hukuki sonuç, genel kurul kararı ve tescil sürecine bağlıdır.
A20: • Borca batıklık: öz kaynak negatif ise veya aktifler borçları karşılamıyorsa işaretlenir; bu durumda yönetim kurulu bildirim yükümlülüğü değerlendirilmelidir.
A21: • Bu dosya hukuki ve mali müşavir görüşü yerine geçmez; mahkeme ve genel kurul süreçleri için uzman desteği gerektirir.
A22: • Demo veriler gerçek müşteri verisi değildir; kullanımdan önce temizlenmelidir.
A24: Önerilen Aksiyonlar
A25: =TtkAksiyon1_ACIKLAMA -> 1/3 eşiğine yaklaşılıyorsa ödenmiş sermayeyi koruyacak şekilde ortaklardan sermaye taahhüdü veya borç/kâr transferi planlayın.
A26: =TtkAksiyon2_ACIKLAMA -> 2/3 kayıp durumunda genel kurulu derhal toplayın; sermaye artırımı, azaltım veya infisah kararı için hukuki ve mali danışman desteği alın.
A27: =TtkAksiyon3_ACIKLAMA -> Borca batıklıkta aktif değerlemesini yeniden yapın; bilanço güncellemesi ve mahkeme bildirimi sürecini mali müşavirle birlikte yürütün.
A29: Bu rapor karar destek amaçlıdır; hukuki tavsiye niteliği taşımaz.

Sheet ORNEK_VERI
A1: ORNEK VERI — Şirket Öz Kaynağı Eridi Mi? (TTK 376 Sermaye Tamamlama Cetveli)
A3: Örnek Veri (Demo) | N3: Borç Listesi (Demo)
A4: Gerçek girişlere başlamadan önce demo veri ile ürünü deneyin. Bu satırlar örnektir; gerçek verilerle değiştirin.
A5: Ay | B5: Ödenmiş Sermaye (₺) | C5: Yedekler (₺) | D5: Geçmiş Yıl Kârı (₺) | E5: Geçmiş Yıl Zararı (₺) | F5: Dönem Kârı (₺) | G5: Dönem Zararı (₺) | H5: Toplam Borç (₺) | I5: Toplam Aktif (₺) | J5: Öz Kaynak (₺) | K5: Kayıp Tutarı (₺) | L5: Kayıp Oranı | M5: TTK 376 Durum | N5: Borç Kodu | O5: Borç Türü | P5: Alacaklı | Q5: Borç Tutarı (₺) | R5: Yıllık Faiz Oranı | S5: Teminat Var mı? | T5: Açıklama | U5: Faiz Yükü (₺)
A6: 2026-01 | B6: 5000000 | C6: 800000 | D6: 200000 | E6: 0 | F6: 350000 | G6: 0 | H6: 6200000 | I6: 9800000 | J6: =IF($A6="","",$B6+$C6+$D6-$E6+$F6-$G6) -> 6350000 | K6: =IF($A6="","",MAX(0,$B6-$J6)) -> 0 | L6: =IF($A6="","",IF($B6=0,0,$K6/$B6)) -> 0 | M6: =IF($A6="","",IF($J6<0,"BORCA BATIK",IF($I6<$H6,"BORCA BATIK",IF($L6>=TtkUcteIkiEsik,"2/3 KAYIP (KRİTİK)",IF($L6>=TtkUcteBirEsik,"1/3 KAYIP (DİKKAT)","UYGUN"))))) -> UYGUN | N6: B-1001 | O6: Banka Kredisi | P6: ABC Bank | Q6: 3500000 | R6: 0.3 | S6: Evet | T6: İşletme kredisi | U6: =IF($N6="","",$Q6*$R6) -> 1050000
A7: 2026-02 | B7: 5000000 | C7: 800000 | D7: 200000 | E7: 0 | F7: 180000 | G7: 0 | H7: 6500000 | I7: 9600000 | J7: =IF($A7="","",$B7+$C7+$D7-$E7+$F7-$G7) -> 6180000 | K7: =IF($A7="","",MAX(0,$B7-$J7)) -> 0 | L7: =IF($A7="","",IF($B7=0,0,$K7/$B7)) -> 0 | M7: =IF($A7="","",IF($J7<0,"BORCA BATIK",IF($I7<$H7,"BORCA BATIK",IF($L7>=TtkUcteIkiEsik,"2/3 KAYIP (KRİTİK)",IF($L7>=TtkUcteBirEsik,"1/3 KAYIP (DİKKAT)","UYGUN"))))) -> UYGUN | N7: B-1002 | O7: Tedarikçi Borcu | P7: Tedarikçi X | Q7: 1200000 | R7: 0 | S7: Hayır | T7: Vadeli alım | U7: =IF($N7="","",$Q7*$R7) -> 0
A8: 2026-03 | B8: 5000000 | C8: 800000 | D8: 200000 | E8: 0 | F8: 90000 | G8: 0 | H8: 6900000 | I8: 9400000 | J8: =IF($A8="","",$B8+$C8+$D8-$E8+$F8-$G8) -> 6090000 | K8: =IF($A8="","",MAX(0,$B8-$J8)) -> 0 | L8: =IF($A8="","",IF($B8=0,0,$K8/$B8)) -> 0 | M8: =IF($A8="","",IF($J8<0,"BORCA BATIK",IF($I8<$H8,"BORCA BATIK",IF($L8>=TtkUcteIkiEsik,"2/3 KAYIP (KRİTİK)",IF($L8>=TtkUcteBirEsik,"1/3 KAYIP (DİKKAT)","UYGUN"))))) -> UYGUN | N8: B-1003 | O8: Tahvil | P8: Kurumsal Tahvil | Q8: 2000000 | R8: 0.28 | S8: Hayır | T8: Kurumsal tahvil | U8: =IF($N8="","",$Q8*$R8) -> 560000
A9: 2026-04 | B9: 5000000 | C9: 800000 | D9: 200000 | E9: 0 | F9: 0 | G9: 150000 | H9: 7200000 | I9: 9100000 | J9: =IF($A9="","",$B9+$C9+$D9-$E9+$F9-$G9) -> 5850000 | K9: =IF($A9="","",MAX(0,$B9-$J9)) -> 0 | L9: =IF($A9="","",IF($B9=0,0,$K9/$B9)) -> 0 | M9: =IF($A9="","",IF($J9<0,"BORCA BATIK",IF($I9<$H9,"BORCA BATIK",IF($L9>=TtkUcteIkiEsik,"2/3 KAYIP (KRİTİK)",IF($L9>=TtkUcteBirEsik,"1/3 KAYIP (DİKKAT)","UYGUN"))))) -> UYGUN | N9: B-1004 | O9: Ortak Borcu | P9: Ortak A | Q9: 1800000 | R9: 0.2 | S9: Hayır | T9: Ortak avansı | U9: =IF($N9="","",$Q9*$R9) -> 360000
A10: 2026-05 | B10: 5000000 | C10: 800000 | D10: 200000 | E10: 0 | F10: 0 | G10: 320000 | H10: 7500000 | I10: 8800000 | J10: =IF($A10="","",$B10+$C10+$D10-$E10+$F10-$G10) -> 5680000 | K10: =IF($A10="","",MAX(0,$B10-$J10)) -> 0 | L10: =IF($A10="","",IF($B10=0,0,$K10/$B10)) -> 0 | M10: =IF($A10="","",IF($J10<0,"BORCA BATIK",IF($I10<$H10,"BORCA BATIK",IF($L10>=TtkUcteIkiEsik,"2/3 KAYIP (KRİTİK)",IF($L10>=TtkUcteBirEsik,"1/3 KAYIP (DİKKAT)","UYGUN"))))) -> UYGUN | N10: B-1005 | O10: Finansal Kiralama | P10: Kiralama A.Ş. | Q10: 900000 | R10: 0.24 | S10: Evet | T10: Araç kiralaması | U10: =IF($N10="","",$Q10*$R10) -> 216000
A11: 2026-06 | B11: 5000000 | C11: 800000 | D11: 200000 | E11: 0 | F11: 0 | G11: 480000 | H11: 7900000 | I11: 8500000 | J11: =IF($A11="","",$B11+$C11+$D11-$E11+$F11-$G11) -> 5520000 | K11: =IF($A11="","",MAX(0,$B11-$J11)) -> 0 | L11: =IF($A11="","",IF($B11=0,0,$K11/$B11)) -> 0 | M11: =IF($A11="","",IF($J11<0,"BORCA BATIK",IF($I11<$H11,"BORCA BATIK",IF($L11>=TtkUcteIkiEsik,"2/3 KAYIP (KRİTİK)",IF($L11>=TtkUcteBirEsik,"1/3 KAYIP (DİKKAT)","UYGUN"))))) -> UYGUN | N11: B-1006 | O11: Banka Kredisi | P11: XYZ Bank | Q11: 1500000 | R11: 0.32 | S11: Evet | T11: Yatırım kredisi | U11: =IF($N11="","",$Q11*$R11) -> 480000
J12: =IF($A12="","",$B12+$C12+$D12-$E12+$F12-$G12) | K12: =IF($A12="","",MAX(0,$B12-$J12)) | L12: =IF($A12="","",IF($B12=0,0,$K12/$B12)) | M12: =IF($A12="","",IF($J12<0,"BORCA BATIK",IF($I12<$H12,"BORCA BATIK",IF($L12>=TtkUcteIkiEsik,"2/3 KAYIP (KRİTİK)",IF($L12>=TtkUcteBirEsik,"1/3 KAYIP (DİKKAT)","UYGUN"))))) | U12: =IF($N12="","",$Q12*$R12)
J13: =IF($A13="","",$B13+$C13+$D13-$E13+$F13-$G13) | K13: =IF($A13="","",MAX(0,$B13-$J13)) | L13: =IF($A13="","",IF($B13=0,0,$K13/$B13)) | M13: =IF($A13="","",IF($J13<0,"BORCA BATIK",IF($I13<$H13,"BORCA BATIK",IF($L13>=TtkUcteIkiEsik,"2/3 KAYIP (KRİTİK)",IF($L13>=TtkUcteBirEsik,"1/3 KAYIP (DİKKAT)","UYGUN"))))) | U13: =IF($N13="","",$Q13*$R13)
J14: =IF($A14="","",$B14+$C14+$D14-$E14+$F14-$G14) | K14: =IF($A14="","",MAX(0,$B14-$J14)) | L14: =IF($A14="","",IF($B14=0,0,$K14/$B14)) | M14: =IF($A14="","",IF($J14<0,"BORCA BATIK",IF($I14<$H14,"BORCA BATIK",IF($L14>=TtkUcteIkiEsik,"2/3 KAYIP (KRİTİK)",IF($L14>=TtkUcteBirEsik,"1/3 KAYIP (DİKKAT)","UYGUN"))))) | U14: =IF($N14="","",$Q14*$R14)
J15: =IF($A15="","",$B15+$C15+$D15-$E15+$F15-$G15) | K15: =IF($A15="","",MAX(0,$B15-$J15)) | L15: =IF($A15="","",IF($B15=0,0,$K15/$B15)) | M15: =IF($A15="","",IF($J15<0,"BORCA BATIK",IF($I15<$H15,"BORCA BATIK",IF($L15>=TtkUcteIkiEsik,"2/3 KAYIP (KRİTİK)",IF($L15>=TtkUcteBirEsik,"1/3 KAYIP (DİKKAT)","UYGUN"))))) | U15: =IF($N15="","",$Q15*$R15)
J16: =IF($A16="","",$B16+$C16+$D16-$E16+$F16-$G16) | K16: =IF($A16="","",MAX(0,$B16-$J16)) | L16: =IF($A16="","",IF($B16=0,0,$K16/$B16)) | M16: =IF($A16="","",IF($J16<0,"BORCA BATIK",IF($I16<$H16,"BORCA BATIK",IF($L16>=TtkUcteIkiEsik,"2/3 KAYIP (KRİTİK)",IF($L16>=TtkUcteBirEsik,"1/3 KAYIP (DİKKAT)","UYGUN"))))) | U16: =IF($N16="","",$Q16*$R16)
J17: =IF($A17="","",$B17+$C17+$D17-$E17+$F17-$G17) | K17: =IF($A17="","",MAX(0,$B17-$J17)) | L17: =IF($A17="","",IF($B17=0,0,$K17/$B17)) | M17: =IF($A17="","",IF($J17<0,"BORCA BATIK",IF($I17<$H17,"BORCA BATIK",IF($L17>=TtkUcteIkiEsik,"2/3 KAYIP (KRİTİK)",IF($L17>=TtkUcteBirEsik,"1/3 KAYIP (DİKKAT)","UYGUN"))))) | U17: =IF($N17="","",$Q17*$R17)
J18: =IF($A18="","",$B18+$C18+$D18-$E18+$F18-$G18) | K18: =IF($A18="","",MAX(0,$B18-$J18)) | L18: =IF($A18="","",IF($B18=0,0,$K18/$B18)) | M18: =IF($A18="","",IF($J18<0,"BORCA BATIK",IF($I18<$H18,"BORCA BATIK",IF($L18>=TtkUcteIkiEsik,"2/3 KAYIP (KRİTİK)",IF($L18>=TtkUcteBirEsik,"1/3 KAYIP (DİKKAT)","UYGUN"))))) | U18: =IF($N18="","",$Q18*$R18)
J19: =IF($A19="","",$B19+$C19+$D19-$E19+$F19-$G19) | K19: =IF($A19="","",MAX(0,$B19-$J19)) | L19: =IF($A19="","",IF($B19=0,0,$K19/$B19)) | M19: =IF($A19="","",IF($J19<0,"BORCA BATIK",IF($I19<$H19,"BORCA BATIK",IF($L19>=TtkUcteIkiEsik,"2/3 KAYIP (KRİTİK)",IF($L19>=TtkUcteBirEsik,"1/3 KAYIP (DİKKAT)","UYGUN"))))) | U19: =IF($N19="","",$Q19*$R19)
J20: =IF($A20="","",$B20+$C20+$D20-$E20+$F20-$G20) | K20: =IF($A20="","",MAX(0,$B20-$J20)) | L20: =IF($A20="","",IF($B20=0,0,$K20/$B20)) | M20: =IF($A20="","",IF($J20<0,"BORCA BATIK",IF($I20<$H20,"BORCA BATIK",IF($L20>=TtkUcteIkiEsik,"2/3 KAYIP (KRİTİK)",IF($L20>=TtkUcteBirEsik,"1/3 KAYIP (DİKKAT)","UYGUN"))))) | U20: =IF($N20="","",$Q20*$R20)
J21: =IF($A21="","",$B21+$C21+$D21-$E21+$F21-$G21) | K21: =IF($A21="","",MAX(0,$B21-$J21)) | L21: =IF($A21="","",IF($B21=0,0,$K21/$B21)) | M21: =IF($A21="","",IF($J21<0,"BORCA BATIK",IF($I21<$H21,"BORCA BATIK",IF($L21>=TtkUcteIkiEsik,"2/3 KAYIP (KRİTİK)",IF($L21>=TtkUcteBirEsik,"1/3 KAYIP (DİKKAT)","UYGUN"))))) | U21: =IF($N21="","",$Q21*$R21)
J22: =IF($A22="","",$B22+$C22+$D22-$E22+$F22-$G22) | K22: =IF($A22="","",MAX(0,$B22-$J22)) | L22: =IF($A22="","",IF($B22=0,0,$K22/$B22)) | M22: =IF($A22="","",IF($J22<0,"BORCA BATIK",IF($I22<$H22,"BORCA BATIK",IF($L22>=TtkUcteIkiEsik,"2/3 KAYIP (KRİTİK)",IF($L22>=TtkUcteBirEsik,"1/3 KAYIP (DİKKAT)","UYGUN"))))) | U22: =IF($N22="","",$Q22*$R22)
J23: =IF($A23="","",$B23+$C23+$D23-$E23+$F23-$G23) | K23: =IF($A23="","",MAX(0,$B23-$J23)) | L23: =IF($A23="","",IF($B23=0,0,$K23/$B23)) | M23: =IF($A23="","",IF($J23<0,"BORCA BATIK",IF($I23<$H23,"BORCA BATIK",IF($L23>=TtkUcteIkiEsik,"2/3 KAYIP (KRİTİK)",IF($L23>=TtkUcteBirEsik,"1/3 KAYIP (DİKKAT)","UYGUN"))))) | U23: =IF($N23="","",$Q23*$R23)
... J1004: =IF($A1004="","",$B1004+$C1004+$D1004-$E1004+$F1004-$G1004) | K1004: =IF($A1004="","",MAX(0,$B1004-$J1004)) | L1004: =IF($A1004="","",IF($B1004=0,0,$K1004/$B1004)) | M1004: =IF($A1004="","",IF($J1004<0,"BORCA BATIK",IF($I1004<$H1004,"BORCA BATIK",IF($L1004>=TtkUcteIkiEsik,"2/3 KAYIP (KRİTİK)",IF($L1004>=TtkUcteBirEsik,"1/3 KAYIP (DİKKAT)","UYGUN"))))) | U1004: =IF($N1004="","",$Q1004*$R1004)
A1006: Demo veriler rapor sonuçlarını örnekler; satın alma sonrası silinerek gerçek veriler girilir.

Sheet DEGISIKLIK_KAYDI
A1: DEGISIKLIK KAYDI — Şirket Öz Kaynağı Eridi Mi? (TTK 376 Sermaye Tamamlama Cetveli)
A3: Değişiklik Kaydı
A4: Tarih | B4: Sürüm | C4: Değişiklik | D4: Neden | E4: Yapan
A5: 01.08.2026 | B5: 1.0.0 | C5: İlk üretim | D5: Ürünün yayına hazırlanması | E5: ExcelArşiv

Sheet LISTELER
A1: LISTELER — Şirket Öz Kaynağı Eridi Mi? (TTK 376 Sermaye Tamamlama Cetveli)
A3: Bağlı Listeler
A4: Bu sayfadaki listeler açılır menüleri besler; yeni seçenek eklemek için sarı hücrelere yazın.
A6: Borç Türü | C6: Ay | E6: Evet / Hayır
A7: Banka Kredisi | C7: 2026-01 | E7: Evet
A8: Tedarikçi Borcu | C8: 2026-02 | E8: Hayır
A9: Finansal Kiralama | C9: 2026-03
A10: Tahvil | C10: 2026-04
A11: Ortak Borcu | C11: 2026-05
A12: Diğer | C12: 2026-06
C13: 2026-07
C14: 2026-08
C15: 2026-09
C16: 2026-10
C17: 2026-11
C18: 2026-12

Sheet AYARLAR
A1: AYARLAR — Şirket Öz Kaynağı Eridi Mi? (TTK 376 Sermaye Tamamlama Cetveli)
A3: Sistem Ayarları ve Oranlar
A4: Tüm sabitler bu sayfadadır. Eşikleri ve çarpanları kendi işletmenize göre güncelleyin. Değişen her değer tüm hesaplamalara anında yansır.
A6: anahtar | B6: deger | C6: birim | D6: alt | E6: ust | F6: aciklama | G6: kaynak | H6: yururluk_tarihi | I6: dogrulama_tarihi
A7: FirmaUnvan | B7: Örnek Firma A.Ş. | C7: Metin | F7: Rapor ve kapakta görünen firma adı. | G7: Kullanıcı | H7: 46023 | I7: 46244
A8: RaporTarihi | B8: 46242 | C8: Tarih | F8: Tüm hesapların ve kararın alındığı tarih. | G8: Kullanıcı | H8: 46023 | I8: 46244
A9: RaporHazirlayan | B9: Finans Direktörü | C9: Metin | F9: Raporu hazırlayan kişi/rol. | G9: Kullanıcı | H9: 46023 | I9: 46244
A10: DosyaSurumu | B10: 1.0.0 | C10: Metin | F10: Ürün sürüm bilgisi; rapor alt bilgisinde görünür. | G10: Kullanıcı | H10: 46023 | I10: 46244
A11: TtkUcteBirEsik | B11: 0.333333 | C11: Oran | D11: 0.05 | E11: 0.5 | F11: TTK 376 1/3 sermaye kaybı eşiği; altına düşen öz kaynak işlemi tetikler. | G11: Mevzuat | H11: 46023 | I11: 46244
A12: TtkUcteIkiEsik | B12: 0.666667 | C12: Oran | D12: 0.3 | E12: 1 | F12: TTK 376 2/3 sermaye kaybı eşiği; bu eşikte genel kurul derhal toplanır. | G12: Mevzuat | H12: 46023 | I12: 46244
A13: TtkTahminCarpan | B13: 1.645 | C13: Oran | D13: 0 | E13: 3 | F13: Tahmin bandı genişliği (standart sapma katı). | G13: Varsayım | H13: 46023 | I13: 46244
A14: TtkIyiSenaryo | B14: 0.6 | C14: Oran | D14: 0.1 | E14: 1 | F14: İyimser senaryoda dönem zararı bu çarpanla hesaplanır (0.6 = %40 azalış). | G14: Varsayım | H14: 46023 | I14: 46244
A15: TtkBazSenaryo | B15: 1 | C15: Oran | D15: 0.1 | E15: 2 | F15: Baz senaryoda dönem zararı bu çarpanla hesaplanır. | G15: Varsayım | H15: 46023 | I15: 46244
A16: TtkKotuSenaryo | B16: 1.5 | C16: Oran | D16: 0.1 | E16: 3 | F16: Kötümser senaryoda dönem zararı bu çarpanla hesaplanır (1.5 = %50 artış). | G16: Varsayım | H16: 46023 | I16: 46244
A17: TtkTornadoZarar | B17: 0.01 | C17: Oran | D17: 0 | E17: 0.2 | F17: Tornado analizinde dönem zararının %1 artış etkisi. | G17: Varsayım | H17: 46023 | I17: 46244
A18: TtkKaliteIyi | B18: 90 | C18: Skor | D18: 0 | E18: 100 | F18: Kalite skoru bu eşiğin üzerindeyse YÜKSEK kalite. | G18: Varsayım | H18: 46023 | I18: 46244
A19: TtkKaliteOrta | B19: 70 | C19: Skor | D19: 0 | E19: 100 | F19: Kalite skoru bu eşiğin üzerindeyse ORTA kalite. | G19: Varsayım | H19: 46023 | I19: 46244
A20: TtkAksiyon1_ACIKLAMA | B20: 1/3 eşiğine yaklaşılıyorsa ödenmiş sermayeyi koruyacak şekilde ortaklardan sermaye taahhüdü veya borç/kâr transferi planlayın. | C20: Metin | F20: İNCELE kararında gösterilen ilk öneri. | G20: Varsayım | H20: 46023 | I20: 46244
A21: TtkAksiyon2_ACIKLAMA | B21: 2/3 kayıp durumunda genel kurulu derhal toplayın; sermaye artırımı, azaltım veya infisah kararı için hukuki ve mali danışman desteği alın. | C21: Metin | F21: DURDUR kararında gösterilen ikinci öneri. | G21: Varsayım | H21: 46023 | I21: 46244
A22: TtkAksiyon3_ACIKLAMA | B22: Borca batıklıkta aktif değerlemesini yeniden yapın; bilanço güncellemesi ve mahkeme bildirimi sürecini mali müşavirle birlikte yürütün. | C22: Metin | F22: DURDUR kararında gösterilen üçüncü öneri. | G22: Varsayım | H22: 46023 | I22: 46244
A23: TtkP90Oran | B23: 0.9 | C23: Oran | D23: 0.5 | E23: 1 | F23: Borç tutarı dağılımında üst yüzdelik dilimin oranı. | G23: Varsayım | H23: 46023 | I23: 46244
A24: TtkAzamiBilancoTutari | B24: 100000000000 | C24: TL | D24: 0 | E24: 100000000000000 | F24: Gerçekçilik üst sınırı; toplam borç bu tutarı aşarsa uç değer işareti üretilir ve karar İNCELE kalır. | G24: Varsayım | H24: 46023 | I24: 46244
A26: TtkPanelSatir1 | B26: 1 | C26: Satır | F26: PANO'daki aylık öz kaynak grafiği serisinin tablodaki veri satırı (1. veri). | G26: Kullanıcı | H26: 46023 | I26: 46244
A27: TtkPanelSatir2 | B27: 2 | C27: Satır | F27: PANO'daki aylık öz kaynak grafiği serisinin tablodaki veri satırı (2. veri). | G27: Kullanıcı | H27: 46023 | I27: 46244
A28: TtkPanelSatir3 | B28: 3 | C28: Satır | F28: PANO'daki aylık öz kaynak grafiği serisinin tablodaki veri satırı (3. veri). | G28: Kullanıcı | H28: 46023 | I28: 46244
A29: TtkPanelSatir4 | B29: 4 | C29: Satır | F29: PANO'daki aylık öz kaynak grafiği serisinin tablodaki veri satırı (4. veri). | G29: Kullanıcı | H29: 46023 | I29: 46244
A30: TtkPanelSatir5 | B30: 5 | C30: Satır | F30: PANO'daki aylık öz kaynak grafiği serisinin tablodaki veri satırı (5. veri). | G30: Kullanıcı | H30: 46023 | I30: 46244
A31: TtkPanelSatir6 | B31: 6 | C31: Satır | F31: PANO'daki aylık öz kaynak grafiği serisinin tablodaki veri satırı (6. veri). | G31: Kullanıcı | H31: 46023 | I31: 46244
A32: TtkPanelSatir7 | B32: 7 | C32: Satır | F32: PANO'daki aylık öz kaynak grafiği serisinin tablodaki veri satırı (7. veri). | G32: Kullanıcı | H32: 46023 | I32: 46244
A33: TtkPanelSatir8 | B33: 8 | C33: Satır | F33: PANO'daki aylık öz kaynak grafiği serisinin tablodaki veri satırı (8. veri). | G33: Kullanıcı | H33: 46023 | I33: 46244
A34: TtkPanelSatir9 | B34: 9 | C34: Satır | F34: PANO'daki aylık öz kaynak grafiği serisinin tablodaki veri satırı (9. veri). | G34: Kullanıcı | H34: 46023 | I34: 46244
A35: TtkPanelSatir10 | B35: 10 | C35: Satır | F35: PANO'daki aylık öz kaynak grafiği serisinin tablodaki veri satırı (10. veri). | G35: Kullanıcı | H35: 46023 | I35: 46244
A36: TtkPanelSatir11 | B36: 11 | C36: Satır | F36: PANO'daki aylık öz kaynak grafiği serisinin tablodaki veri satırı (11. veri). | G36: Kullanıcı | H36: 46023 | I36: 46244
A37: TtkPanelSatir12 | B37: 12 | C37: Satır | F37: PANO'daki aylık öz kaynak grafiği serisinin tablodaki veri satırı (12. veri). | G37: Kullanıcı | H37: 46023 | I37: 46244
A38: TtkDonemGirisKolon | B38: 9 | C38: Adet | D38: 1 | E38: 100 | F38: DONEM_BILANCO tablosunda satır başına manuel giriş kolonu sayısı. | G38: Kullanıcı | H38: 46023 | I38: 46244
A39: TtkBorcGirisKolon | B39: 9 | C39: Adet | D39: 1 | E39: 100 | F39: BORC_LISTESI tablosunda satır başına manuel giriş kolonu sayısı. | G39: Kullanıcı | H39: 46023 | I39: 46244

Sheet KILAVUZ
A1: KILAVUZ — Şirket Öz Kaynağı Eridi Mi? (TTK 376 Sermaye Tamamlama Cetveli)
A3: Kullanım Kılavuzu
A5: Veri girişi | B5: DONEM_BILANCO sayfasındaki sarı hücrelere aylık bilanço bileşenlerinizi (ödenmiş sermaye, yedekler, geçmiş yıl kâr/zarar, dönem kâr/zarar, borç ve aktif) girin; BORC_LISTESI sayfasına borçlarınızı ve türlerini ekleyin.
A6: Hesap katmanı | B6: HESAP sayfası öz kaynağı, sermaye kaybı tutarını, kayıp oranını ve TTK 376'daki 1/3 ile 2/3 eşiklerini otomatik özetler.
A7: Karar ve rapor | B7: KARAR sayfası UYGUN/İNCELE/DURDUR kararını üretir; RAPOR genel kurul ve yönetim kuruluna sunulabilir.
A8: Ayarlar | B8: AYARLAR sayfasındaki 1/3 ve 2/3 eşiklerini ve senaryo çarpanlarını mali müşavirinize göre güncelleyin.
A9: Koruma | B9: Tüm sayfalar 1234 şifresiyle korunur; sarı hücreler serbesttir, formül hücreleri kilitlidir.
A11: Bu dosya karar destek aracıdır; hukuki ve mali müşavir görüşü, genel kurul kararı ve tescil süreci yerine geçmez.
A13: Varsayım İşaretli Parametreler
A14: Aşağıdaki eşik ve çarpanlar AYARLAR sayfasında kaynak=Varsayım olarak işaretlidir; mevzuat zorunluluğu yoktur ve işletmeye göre güncellenmelidir.
A15: • Tahmin Çarpanı (standart sapma katı)
A16: • İyimser, Baz ve Kötümser Senaryo Çarpanları
A17: • Tornado Dönem Zararı Etkisi
A18: • Kalite Skoru İyi ve Orta Eşikleri
A19: • P90 Yüzdelik Oranı
A20: • Aksiyon Önerisi Açıklamaları
A21: • Panel Satır Numaraları
A24: Bu dosya tamamen çevrimdışı çalışır; verileriniz cihazınızdan çıkmaz. Makro ve dış bağlantı yoktur.
